Dam_ID,start,end,duration,cumulative_intensity,mean_intensity,max_intensity,drought_id
41,1980-04-01,1980-04-30,30,3519.126,151.743,89.452,1
41,1982-04-30,1982-05-23,24,863.767,334.574,300.718,3
41,1985-03-15,1985-05-17,64,4018.511,218.492,97.459,7
41,1987-11-13,1987-11-25,13,347.582,848.277,813.463,11
41,1987-11-27,1987-12-02,6,103.454,793.459,780.699,13
41,1988-03-05,1988-04-23,50,4527.959,156.201,90.227,17
41,1989-02-23,1989-04-26,63,5968.656,157.514,91.717,19
41,1991-04-17,1991-05-18,32,1139.995,291.888,257.142,23
41,1994-10-04,1994-10-28,25,475.621,1008.102,980.664,35
41,1995-04-16,1995-05-17,32,2288.777,252.052,215.293,41
41,1998-04-20,1998-04-30,11,154.539,277.864,262.375,43
41,1998-10-24,1998-10-28,5,73.17,984.696,974.019,47
41,1998-10-30,1998-11-11,13,257.922,931.762,902.068,49
41,1999-03-10,1999-04-11,33,4036.114,115.339,3.088,51
41,1999-04-27,1999-06-16,51,13951.18,160.535,6.848,53
41,2001-09-03,2001-11-14,73,6115.733,936.755,860.332,55
41,2002-04-02,2002-04-14,13,442.145,211.825,193.135,57
41,2002-04-25,2002-05-29,35,2114.023,313.882,276.563,59
41,2006-03-17,2006-05-17,62,6406.42,179.387,111.194,61
41,2008-03-24,2008-05-20,58,8463.299,152.298,80.607,63
41,2011-04-23,2011-06-01,40,3865.851,281.98,198.527,65
41,2012-04-03,2012-04-24,22,895.362,221.023,203.574,67
41,2015-10-24,2015-10-30,7,86.355,978.6,964.798,73
41,2017-10-06,2017-10-21,16,282.345,1018.114,993.347,75
41,2018-03-09,2018-05-09,62,9855.95,106.006,34.445,77
41,2018-10-05,2018-11-04,31,1594.236,961.879,898.026,79
41,2019-03-16,2019-05-18,64,5919.033,191.309,111.865,81
41,2019-07-16,2020-01-03,172,35715.225,707.282,553.155,83
42,1980-05-07,1980-05-15,9,11.127,103.685,102.766,12
42,1980-10-02,1980-10-06,5,5.094,102.688,101.648,32
42,1980-11-13,1980-11-20,8,9.374,102.757,102.081,38
42,1980-11-22,1980-12-02,11,15.943,102.575,101.596,40
42,1980-12-12,1980-12-25,14,24.462,102.516,101.699,46
42,1981-02-12,1981-02-16,5,3.206,104.24,103.079,54
42,1982-04-04,1982-04-08,5,6.196,103.845,103.111,144
42,1982-11-25,1982-11-30,6,3.119,103.505,102.932,166
42,1983-01-27,1983-01-31,5,5.276,103.665,102.974,188
42,1983-02-10,1983-02-14,5,3.683,104.12,103.245,192
42,1983-03-16,1983-03-21,6,2.956,104.57,104.146,202
42,1983-09-18,1983-09-22,5,2.714,103.175,102.746,222
42,1983-09-24,1983-09-28,5,2.424,103.222,102.766,224
42,1983-11-15,1983-11-22,8,4.453,103.38,102.538,242
42,1983-12-18,1983-12-22,5,1.809,103.907,103.517,248
42,1983-12-28,1984-01-03,7,5.841,103.552,102.538,252
42,1984-01-24,1984-01-28,5,7.264,103.223,102.228,260
42,1984-02-27,1984-03-02,5,7.692,103.446,102.279,274
42,1984-03-25,1984-03-31,7,5.178,104.344,103.338,282
42,1984-11-01,1984-11-05,5,3,103.223,102.651,324
42,1984-12-14,1984-12-19,6,2.066,103.897,103.255,334
42,1984-12-22,1984-12-28,7,5.701,103.525,102.881,336
42,1985-01-27,1985-02-04,9,8.054,103.839,103.14,352
42,1985-02-06,1985-02-16,11,15.858,103.405,102.59,354
42,1985-02-19,1985-02-26,8,5.789,104.219,102.196,356
42,1985-03-06,1985-03-14,9,9.753,103.95,103.194,362
42,1986-01-08,1986-01-14,7,6.112,103.644,103.182,410
42,1986-01-21,1986-01-26,6,9.043,103.156,102.516,414
42,1986-01-28,1986-02-03,7,6.846,103.761,103.152,416
42,1986-02-05,1986-02-10,6,5.388,103.921,103.057,418
42,1986-02-12,1986-02-17,6,4.423,104.144,102.641,420
42,1986-02-19,1986-02-27,9,15.609,103.213,101.721,422
42,1986-03-07,1986-03-11,5,5.178,103.988,103.194,426
42,1986-03-16,1986-03-20,5,5.111,104.039,103.527,428
42,1987-09-30,1987-10-04,5,52.272,93.253,87.494,472
42,1987-12-03,1987-12-08,6,5.155,103.251,102.59,482
42,1988-04-24,1988-05-18,25,242.873,95.242,90.714,488
42,1992-09-25,1992-10-30,36,324.316,94.725,87.524,558
42,1995-03-29,1995-04-09,12,31.394,102.467,101.083,588
42,1995-04-21,1995-04-28,8,17.019,102.905,101.379,594
42,1996-10-07,1996-10-20,14,37.841,101.024,99.935,614
42,2002-11-11,2002-11-17,7,7.3,102.855,102.213,704
42,2005-05-07,2005-05-20,14,33.622,102.511,100.845,736
42,2005-05-22,2005-05-28,7,12.899,102.971,102.039,738
42,2005-05-30,2005-06-16,18,35.355,102.711,101.286,740
42,2005-06-19,2005-06-28,10,16.501,102.839,101.347,742
42,2008-07-27,2008-07-31,5,9.064,102.258,101.523,784
42,2009-03-29,2009-04-11,14,11.331,104.272,102.754,790
42,2010-11-10,2010-11-18,9,5.715,103.259,102.639,812
42,2012-03-10,2012-03-14,5,1.247,104.798,104.461,836
42,2013-03-25,2013-03-29,5,2.348,104.612,104.376,862
42,2014-10-08,2014-10-13,6,4.538,102.96,102.744,916
42,2015-05-23,2015-06-14,23,70.226,101.667,101.141,932
42,2015-09-23,2015-10-17,25,98.852,99.76,98.629,938
42,2015-10-20,2015-10-30,11,47.112,99.484,98.589,940
42,2015-11-04,2015-11-12,9,11.068,102.622,99.742,942
42,2015-11-19,2015-11-28,10,7.469,103.242,102.754,946
42,2017-08-26,2017-09-03,9,26.995,100.808,99.162,1032
42,2017-09-06,2017-09-17,12,62.956,98.5,97.873,1034
42,2017-10-17,2017-10-23,7,15.723,101.498,100.505,1036
42,2017-11-12,2017-11-21,10,14.187,102.506,100.968,1038
42,2018-01-27,2018-02-02,7,10.304,103.257,102.526,1046
42,2019-10-17,2019-10-21,5,5.263,102.684,102.568,1116
55,1980-10-12,1980-11-02,22,23.743,23.166,22.851,2
55,1985-09-20,1985-10-23,34,303.145,15.33,12.47,4
55,1986-09-17,1986-11-01,46,256.558,18.668,14.814,6
55,1987-09-11,1987-12-12,93,976.893,13.741,10.842,8
55,1988-01-29,1988-04-03,66,336.504,55.371,33.514,10
55,1988-09-18,1988-10-16,29,253.84,15.492,12.717,12
55,1989-09-23,1989-11-07,46,431.319,14.869,13.346,14
55,1992-09-08,1992-11-09,63,499.938,16.31,13.063,16
55,1993-03-05,1993-03-23,19,71.109,66.624,61.039,20
55,1993-09-22,1993-12-15,85,896.332,13.7,9.029,24
55,1994-02-19,1994-03-17,27,75.013,59.667,52.485,26
55,1994-03-19,1994-03-31,13,32.378,75.549,71.912,28
55,1994-09-12,1994-11-01,51,526.199,13.928,8.906,32
55,1995-08-01,1995-08-19,19,84.927,42.024,37.565,34
55,1998-08-28,1998-09-02,6,2.425,28.831,28.714,42
55,2001-01-29,2001-05-18,110,3205.025,43.77,27.993,46
55,2001-08-08,2001-10-28,82,786.361,18.842,12.281,50
55,2002-10-14,2003-01-11,90,189.419,22.141,19.318,52
55,2003-01-15,2003-01-26,12,27.202,24.681,24.007,54
55,2003-06-28,2003-10-21,116,1484.411,28.839,11.94,60
55,2004-08-20,2004-09-02,14,57.914,27.252,23.863,64
55,2005-08-07,2005-11-04,90,803.008,19.391,11.817,68
55,2006-08-25,2006-09-02,9,18.709,28.458,26.778,70
55,2006-10-02,2006-11-03,33,61.759,22.374,21.458,72
55,2008-04-08,2008-05-14,37,296.2,84.081,81.41,74
55,2015-08-22,2015-10-30,70,329.033,20.819,17.55,82
55,2019-08-01,2019-10-21,82,632.473,23.039,15.069,88
57,1980-04-01,1980-05-13,43,1433.986,142.59,114.611,1
57,1986-08-02,1986-11-23,114,2089.546,46.262,25.977,3
57,1987-01-22,1987-05-11,110,3373.957,108.665,74.541,5
57,1987-07-31,1988-05-27,302,10014.516,63.149,26.767,9
57,1988-08-27,1988-11-05,71,919.942,41.945,28.715,13
57,1989-03-05,1989-04-19,46,529.946,143.784,129.577,15
57,1992-07-31,1992-11-30,123,2144.717,46.494,29.641,19
57,1993-01-15,1994-11-29,684,26944.608,71.315,23.337,21
57,1996-07-06,1996-10-27,114,2768.37,60.642,36.696,25
57,2001-04-09,2001-04-26,18,43.823,171.885,168.173,29
57,2001-08-08,2001-11-16,101,1928.598,43.614,23.874,33
57,2002-02-19,2002-02-23,5,12.066,112.535,111.395,35
57,2002-02-26,2002-04-26,60,706.204,142.526,118.439,37
57,2005-09-04,2005-11-21,79,812.888,41.061,30.576,47
57,2006-02-12,2006-05-24,102,3199.117,124.547,99.784,49
57,2015-10-17,2015-10-30,14,37.768,44.899,43.882,51
57,2019-10-12,2019-10-20,9,19.06,45.479,44.124,53
60,1980-07-11,1980-08-18,39,92.435,28.037,23.604,2
60,1980-10-15,1980-11-04,21,27.999,6.03,5.252,6
60,1981-07-05,1981-08-05,32,32.683,31.717,29.401,8
60,1981-10-21,1982-02-14,117,228.1,5.414,4.74,10
60,1982-03-31,1982-05-22,53,156.578,10.627,6.301,12
60,1982-10-30,1982-12-02,34,17.736,6.842,6.482,14
60,1983-02-03,1983-02-19,17,4.388,7.105,6.958,16
60,1983-04-23,1983-05-24,32,151.791,13.878,9.637,20
60,1983-10-11,1983-11-16,37,43.237,6.195,4.786,22
60,1983-11-23,1984-01-03,42,113.215,4.668,3.448,24
60,1984-10-21,1985-04-11,173,437.944,4.832,4.712,26
60,1985-10-12,1985-10-26,15,20.346,6.007,4.918,28
60,1985-12-14,1986-01-19,37,53.15,5.927,5.353,30
60,1986-10-11,1986-11-22,43,101.886,4.994,3.885,34
60,1987-06-29,1987-08-05,38,103.752,30.244,28.714,36
60,1987-10-13,1987-12-10,59,130.349,5.154,4.046,40
60,1988-10-14,1988-11-04,22,46.69,5.241,3.688,42
60,1991-09-30,1991-11-22,54,147.399,4.634,3.244,44
60,1992-10-05,1993-03-16,163,297.426,5.539,4.021,46
60,1993-07-11,1993-08-05,26,20.258,31.604,28.931,48
60,1993-08-08,1993-08-12,5,5.475,27.185,26.19,50
60,1993-08-14,1993-08-19,6,5.421,24.819,24.078,52
60,1993-10-11,1994-02-02,115,327.543,4.515,3.059,56
60,1994-07-02,1994-09-09,70,270.4,23.804,14.417,58
60,1994-10-05,1994-10-26,22,14.218,6.717,6.354,60
60,1994-10-29,1994-11-29,32,18.628,6.781,6.19,62
60,1995-04-23,1995-05-16,24,72.699,13.717,9.611,64
60,1995-07-13,1995-08-26,45,102.337,26.866,20.784,66
60,1997-02-20,1997-03-18,27,22.678,6.523,6.167,72
60,1997-05-07,1997-05-12,6,18.576,16.417,15.643,74
60,1998-07-17,1998-09-09,55,286.281,20.687,12.641,76
60,1998-09-12,1998-09-16,5,2.013,11.787,11.461,78
60,1999-04-06,1999-05-25,50,163.655,11.782,6.544,80
60,2000-12-01,2001-04-02,123,328.561,4.692,3.531,82
60,2001-04-16,2001-04-20,5,0.88,8.041,7.896,84
60,2001-04-23,2001-04-28,6,13.732,9.89,8.573,86
60,2001-08-15,2001-09-09,26,46.902,18.835,13.938,94
60,2001-10-03,2001-11-13,42,47.08,6.242,5.38,98
60,2002-12-04,2003-01-03,31,11.158,7.003,6.639,100
60,2005-12-17,2005-12-21,5,1.018,7.16,7.075,110
60,2008-03-14,2008-05-17,65,246.039,7.609,5.277,112
60,2010-05-08,2010-05-16,9,10.52,19.433,18.539,114
60,2011-05-07,2011-05-15,9,13.35,18.756,17.85,116
60,2012-05-06,2012-05-10,5,2.628,18.988,18.651,118
60,2018-10-21,2018-11-28,39,36.322,6.432,5.541,128
60,2019-11-27,2019-12-19,23,27.059,6.187,5.459,130
63,1980-04-01,1980-04-27,27,583.173,137.103,117.551,1
63,1980-08-09,1980-11-06,90,2066.912,84.287,50.433,3
63,1981-09-18,1981-10-28,41,790.143,70.796,58.968,7
63,1985-02-26,1985-05-28,92,1962.019,131.462,103.898,9
63,1987-09-04,1988-05-09,249,7884.542,64.376,12.002,25
63,1988-09-18,1988-11-24,68,1992.79,48.267,27.137,27
63,1989-03-19,1989-04-13,26,130.397,138.231,127.024,33
63,1989-09-25,1989-11-09,46,825.083,62.729,52.472,37
63,1990-09-25,1990-11-04,41,914.273,60.64,47.415,41
63,1991-09-25,1991-11-25,62,1522.31,50.024,34.994,45
63,1992-09-05,1992-12-29,116,3442.648,44.957,24.06,47
63,1993-01-01,1993-05-25,145,4167.716,93.421,54.702,49
63,1993-09-14,1994-07-22,312,12671.594,75.628,13.067,51
63,1994-07-24,1994-07-29,6,6.724,170.312,168.765,53
63,1994-08-30,1994-12-13,106,3589.634,48.048,13.188,63
63,1995-09-25,1995-10-21,27,310.962,78.221,69.622,65
63,1996-10-02,1996-10-28,27,311.605,69.99,63.918,69
63,1997-04-09,1997-05-16,38,1066.693,141.758,121.907,71
63,1998-09-19,1998-11-19,62,1309.018,58.664,45.086,73
63,1999-04-09,1999-05-31,53,738.345,160.746,149.646,75
63,2001-03-26,2001-06-13,80,1085.772,158.342,135.609,79
63,2001-09-12,2001-12-03,83,2808.205,44.548,20.784,81
63,2002-10-05,2002-10-28,24,198.423,72.856,66.315,87
63,2003-09-29,2003-11-11,44,611.958,64.002,52.596,89
63,2004-03-11,2004-03-15,5,11.657,121.389,119.81,91
63,2004-03-18,2004-03-23,6,21.492,128.53,125.98,93
63,2004-03-25,2004-03-30,6,20.927,136.854,133.826,95
63,2004-04-01,2004-04-06,6,23.479,144.376,141.771,97
63,2005-09-21,2005-11-18,59,1173.816,59.285,46.058,103
63,2006-09-21,2006-11-06,47,1177.393,59.117,39.619,105
63,2007-09-25,2007-10-28,34,462.188,72.635,64.999,109
63,2008-04-02,2008-05-22,51,1576.613,138.52,124.177,111
63,2008-10-02,2008-10-27,26,166.153,75.701,70.004,115
63,2009-09-26,2009-11-04,40,739.277,63.989,53.137,117
63,2010-03-26,2010-05-17,53,434.428,155.161,136.287,119
63,2012-10-03,2012-10-21,19,143.98,76.871,67.838,121
63,2014-09-21,2014-11-04,45,963.103,63.75,43.885,125
63,2015-09-19,2015-11-16,59,1963.25,47.666,26.12,129
63,2016-09-25,2016-10-19,25,310.532,77.265,66.042,131
63,2017-09-27,2017-10-21,25,230.244,79.575,66.795,135
63,2018-09-20,2018-11-04,46,805.538,68.178,53.375,137
63,2019-03-05,2019-06-02,90,2093.554,135.127,108.065,139
63,2019-09-25,2019-10-25,31,285.457,78.33,66.892,143
72,1989-12-24,1990-01-06,14,21.079,20.79,20.388,2
72,1999-10-18,1999-11-17,31,44.918,11.849,10.677,4
72,2000-11-25,2001-11-28,369,4152.188,22.15,6.209,8
72,2002-12-02,2002-12-13,12,17.31,15.261,14.87,10
80,1982-02-09,1982-02-14,6,74.152,206.161,199.52,6
80,1985-01-29,1985-02-23,26,220.497,209.331,199.936,14
80,1989-02-03,1989-03-10,36,2004.909,175.932,144.681,26
80,1990-12-24,1990-12-29,6,11.892,177.658,176.064,32
80,1991-01-01,1991-01-11,11,15.877,182.299,181.235,34
80,1993-01-13,1993-01-20,8,33.669,185.98,185.485,38
80,1997-02-09,1997-03-09,29,1123.956,196.325,146.177,44
80,1999-01-30,1999-02-07,9,92.6,197.926,191.859,46
80,2000-01-22,2000-02-01,11,64.099,194.798,192.353,48
80,2001-02-26,2001-03-27,30,349.818,250.796,237.978,50
80,2001-05-07,2001-10-31,178,8317.958,268.036,199.63,54
80,2002-01-24,2002-02-21,29,200.019,206.419,190.536,56
80,2009-12-07,2009-12-16,10,98.335,169,163.205,70
80,2010-01-13,2010-01-18,6,56.93,180.265,174.624,72
80,2011-12-24,2011-12-28,5,20.184,175.603,174.058,78
80,2013-01-27,2013-02-08,13,99.116,199.221,188.75,80
80,2015-04-30,2015-10-19,173,10340.529,262.937,152.214,96
80,2015-11-02,2015-11-19,18,709.949,157.196,152.092,98
80,2017-01-06,2017-01-24,19,250.261,176.442,165.502,100
80,2017-01-29,2017-02-03,6,18.385,202.328,201.013,102
80,2017-12-20,2017-12-30,11,124.409,167.881,160.463,112
80,2019-03-05,2019-03-24,20,308.996,250.142,244.41,118
80,2019-11-18,2019-12-07,20,276.1,170.021,152.092,122
80,2020-01-09,2020-01-24,16,231.194,176.287,155.685,124
83,1981-02-05,1981-02-09,5,1.766,229.418,228.941,2
83,1985-01-10,1985-01-17,8,9.174,195.313,194.637,14
83,1985-01-29,1985-02-24,27,404.134,221.4,203.767,16
83,1985-03-05,1985-03-09,5,15.536,284.988,281.97,20
83,1985-03-12,1985-03-22,11,70.727,300.478,291.069,22
83,1989-02-03,1989-03-07,33,1787.437,198.643,150.557,40
83,1990-01-29,1990-02-08,11,66.008,214.782,209.106,42
83,1994-02-05,1994-02-24,20,216.269,232.807,228.859,58
83,1996-01-29,1996-02-03,6,35.474,209.734,207.412,60
83,1998-01-29,1998-02-02,5,15.282,212.59,208.311,72
83,1999-01-11,1999-01-15,5,58.535,184.753,181.925,78
83,1999-01-28,1999-02-07,11,162.717,203.477,195.936,80
83,2001-02-19,2001-03-29,39,752.336,272.473,253.516,88
83,2002-01-29,2002-02-07,10,94.457,210.438,201.715,96
83,2003-06-09,2003-08-19,72,1759.653,302.83,257.237,98
83,2004-05-11,2004-05-31,21,385.156,353.204,338.536,104
83,2005-01-05,2005-01-17,13,19.793,194.938,194.081,106
83,2005-02-26,2005-03-03,6,16.602,270.9,268.511,108
83,2005-03-05,2005-03-27,23,475.494,283.434,275.064,110
83,2007-01-29,2007-02-15,18,116.547,221.03,211.924,112
83,2008-01-29,2008-02-16,19,238.975,215.811,206.466,124
83,2009-02-12,2009-02-17,6,11.456,242.382,241.017,130
83,2009-02-19,2009-02-24,6,59.317,249.108,245.234,132
83,2010-12-24,2010-12-28,5,30.553,190.35,187.593,134
83,2011-01-31,2011-03-08,37,535.161,236.284,208.337,136
83,2014-11-08,2014-11-22,15,137.405,187.3,180.612,144
83,2014-12-15,2014-12-19,5,7.13,195.034,194.226,146
83,2015-01-29,2015-02-07,10,77.453,212.139,208.11,150
83,2015-05-08,2015-09-02,118,2289.466,310.4,227.672,154
83,2015-09-04,2015-09-09,6,27.724,221.03,217.264,156
83,2015-09-25,2015-10-22,28,498.15,178.669,156.104,162
83,2015-11-02,2015-11-17,16,315.587,176.736,162.611,164
83,2017-01-04,2017-01-10,7,12.598,194.66,192.568,166
83,2017-12-16,2017-12-29,14,136.129,186.737,183.267,176
83,2018-10-20,2018-11-20,32,690.953,174.868,156.23,178
83,2018-11-28,2018-12-16,19,324.882,179.361,157.581,180
83,2019-11-15,2019-12-07,23,451.743,176.819,157.071,182
83,2019-12-13,2020-01-01,20,403.409,176.29,158.226,184
83,2020-03-25,2020-03-29,5,36.784,320.483,319.254,188
85,1981-04-30,1981-05-15,16,40.736,41.338,39.833,4
85,1982-04-30,1982-05-18,19,81.404,40.404,39.909,10
85,1983-04-30,1983-05-17,18,77.029,40.171,39.428,12
85,1985-04-30,1985-05-18,19,92.148,39.838,38.078,16
85,1987-04-30,1987-05-14,15,41.891,40.752,39.629,20
85,1987-09-13,1987-10-14,32,227.354,40.452,38.54,22
85,1988-04-29,1988-05-08,10,19.645,40.396,39.596,24
85,1989-04-30,1989-05-12,13,36.712,40.18,39.54,26
85,1991-05-01,1991-05-09,9,19.115,40.37,39.776,30
85,1992-04-29,1992-05-16,18,71.144,40.498,38.597,36
85,1993-04-30,1993-05-26,27,150.622,41.185,39.776,38
85,1994-04-30,1994-05-22,23,105.396,41.166,39.741,42
85,1995-05-05,1995-05-24,20,132.824,40.938,39.507,52
85,1996-04-29,1996-05-17,19,93.404,39.772,38.951,60
85,1997-04-30,1997-05-23,24,130.196,40.609,39.339,62
85,1998-04-30,1998-05-20,21,110.886,39.816,39.417,64
85,1999-04-30,1999-05-24,25,163.856,39.743,39.417,66
85,2000-04-29,2000-05-28,30,200.592,40.885,39.295,68
85,2001-04-30,2001-05-18,19,82.42,40.35,39.151,70
85,2002-04-30,2002-05-18,19,87.667,40.074,39.384,72
85,2003-04-30,2003-05-17,18,80.489,39.978,39.206,74
85,2004-04-29,2004-05-20,22,115.132,40.204,38.973,76
85,2005-04-30,2005-05-19,20,96.069,40.099,38.962,78
85,2006-04-30,2006-05-17,18,76.808,40.183,39.619,80
85,2007-04-30,2007-05-16,17,72.25,39.934,39.428,82
85,2008-04-29,2008-05-17,19,86.385,40.142,39.417,84
85,2008-07-19,2008-10-13,87,983.675,45.432,38.597,86
85,2008-11-11,2009-01-15,66,636.722,28.013,24.868,88
85,2009-03-21,2009-03-25,5,7.125,36.235,35.333,90
85,2009-04-30,2009-05-05,6,10.346,39.442,39.04,94
85,2009-05-07,2009-05-19,13,82.328,40.581,39.339,96
85,2010-05-07,2010-05-19,13,53.905,42.768,41.98,98
85,2011-05-07,2011-05-21,15,64.03,43.162,41.491,100
85,2012-05-06,2012-05-11,6,18.718,42.028,41.592,104
85,2014-10-10,2014-10-14,5,6.138,39.357,39.147,106
85,2015-02-27,2015-03-03,5,4.181,36.824,35.693,110
85,2015-10-03,2015-10-14,12,33.809,39.433,38.504,118
85,2018-10-03,2018-10-07,5,10.081,42.566,41.857,130
88,1980-11-15,1980-11-22,8,16.927,5.34,4.972,2
88,1980-11-27,1980-12-02,6,9.235,5.916,5.263,4
88,1980-12-14,1980-12-22,9,11.265,6.204,5.192,6
88,1981-01-05,1981-01-27,23,53.929,5.111,4.722,8
88,1981-02-05,1981-02-09,5,3.672,14.208,13.468,12
88,1981-11-12,1981-11-18,7,7.932,6.322,5.401,18
88,1981-11-26,1981-12-02,7,13.146,5.577,4.877,22
88,1982-01-04,1982-01-23,20,43.836,5.264,4.777,24
88,1982-11-12,1982-11-29,18,40.638,5.198,4.468,32
88,1982-12-24,1983-01-04,12,18.185,5.94,4.836,38
88,1983-01-14,1983-02-08,26,66.96,7.014,4.553,40
88,1983-11-12,1983-12-07,26,50.681,5.506,4.506,42
88,1983-12-10,1983-12-14,5,6.066,6.242,4.833,44
88,1983-12-21,1983-12-30,10,22.676,5.188,4.822,46
88,1984-01-05,1984-01-24,20,43.059,5.302,4.745,50
88,1984-01-30,1984-02-03,5,3.739,10.357,10.216,52
88,1984-02-05,1984-02-10,6,9.367,13.381,11.848,54
88,1984-11-19,1984-11-29,11,22.122,5.444,4.655,58
88,1984-12-03,1985-01-24,53,131.344,4.977,4.769,60
88,1985-01-26,1985-02-14,20,71.37,9.502,5.177,62
88,1985-11-11,1985-11-16,6,11.178,5.593,5.02,74
88,1985-11-18,1986-01-16,60,141.321,5.1,4.674,76
88,1986-01-18,1986-02-01,15,38.212,5.881,4.862,78
88,1986-11-13,1986-11-21,9,12.233,6.096,5.12,88
88,1986-12-03,1987-01-20,49,115.168,5.105,4.486,94
88,1987-08-06,1987-09-02,28,121.753,22.011,17.287,101
88,1987-09-05,1987-09-09,5,5.393,15.245,14.653,103
88,1987-10-17,1987-11-24,39,45.735,6.283,5.309,105
88,1987-12-19,1988-01-09,22,43.271,5.489,4.844,110
88,1988-11-30,1988-12-27,28,50.98,5.635,4.68,124
88,1988-12-29,1989-01-09,12,20.794,5.723,4.817,126
88,1989-01-20,1989-02-01,13,26.16,6.566,4.997,128
88,1989-02-12,1989-02-16,5,6.818,17.542,16.795,132
88,1989-11-06,1989-11-12,7,3.637,6.936,6.798,142
88,1989-11-21,1989-12-03,13,18.877,6.003,5.322,146
88,1989-12-14,1990-01-03,21,27.634,6.14,5.38,150
88,1990-01-26,1990-02-10,16,36.677,9.567,6.354,152
88,1990-11-13,1990-11-23,11,17.587,5.857,4.848,156
88,1990-11-29,1990-12-10,12,13.085,6.365,5.269,160
88,1990-12-12,1991-01-11,31,51.578,5.792,5.061,162
88,1991-01-29,1991-02-03,6,3.818,10.469,9.539,164
88,1991-11-16,1991-11-25,10,16.824,5.773,4.64,172
88,1991-12-01,1991-12-06,6,10.948,5.631,5.153,174
88,1991-12-16,1992-01-22,38,78.976,5.377,4.273,178
88,1992-07-26,1992-11-01,99,NA,NA,NA,184
88,1992-12-04,1992-12-18,15,35.8,5.069,4.286,192
88,1992-12-26,1993-01-19,25,49.383,5.48,4.865,194
88,1993-11-21,1993-12-01,11,5.377,6.967,6.607,210
88,1993-12-04,1993-12-08,5,4.651,6.525,6.013,212
88,1993-12-10,1993-12-29,20,27.588,6.076,5.173,214
88,1994-02-05,1994-02-24,20,63.95,15.531,13.412,222
88,1994-11-15,1994-11-30,16,20.294,6.187,5.411,224
88,1994-12-06,1994-12-17,12,23.332,5.511,5.204,226
88,1994-12-22,1994-12-27,6,3.857,6.813,6.414,228
88,1994-12-29,1995-01-13,16,29.718,5.598,5.05,230
88,1995-11-19,1995-11-25,7,5.966,6.603,6.087,234
88,1996-01-11,1996-01-15,5,5.479,6.36,5.899,238
88,1996-01-27,1996-02-06,11,29.483,8.459,6.377,240
88,1996-11-11,1996-11-17,7,10.645,5.935,5.224,244
88,1997-01-22,1997-01-31,10,15.788,6.971,5.535,252
88,1997-11-13,1997-12-16,34,60.174,5.686,5.089,254
88,1997-12-19,1998-01-03,16,19.42,6.242,5.847,256
88,1998-01-29,1998-02-10,13,40.915,9.729,6.699,262
88,1998-11-13,1998-11-20,8,10.49,6.144,5.371,266
88,1998-12-18,1998-12-27,10,12.682,6.187,5.561,268
88,1999-01-29,1999-02-07,10,29.773,9.279,6.866,272
88,1999-11-15,1999-11-25,11,18.103,5.81,5.21,274
88,1999-12-07,1999-12-16,10,8.894,6.566,5.589,276
88,1999-12-22,2000-01-11,21,36.559,5.715,4.992,278
88,2000-01-21,2000-02-01,12,32.467,5.966,5.157,280
88,2000-04-28,2000-05-16,19,150.44,47.631,43.32,282
88,2000-11-15,2000-12-23,39,68.648,5.695,4.406,286
88,2000-12-25,2001-01-16,23,36.183,5.882,5.289,288
88,2001-03-05,2001-03-22,18,48.447,31.49,28.111,292
88,2001-04-16,2001-05-02,17,40.514,50.018,48.204,296
88,2001-05-05,2001-09-09,128,1109.836,34.869,14.234,298
88,2001-12-01,2001-12-06,6,11.065,5.611,5.244,309
88,2001-12-09,2001-12-13,5,9.207,5.614,5.005,311
88,2001-12-24,2002-01-08,16,33.706,5.349,4.919,313
88,2002-01-10,2002-02-08,30,88.937,6.341,4.919,315
88,2002-12-23,2003-01-03,12,21.785,5.64,4.89,321
88,2003-01-05,2003-01-26,22,45.646,5.381,4.843,323
88,2003-11-10,2003-11-29,20,40.986,5.406,4.291,329
88,2003-12-05,2003-12-13,9,17.532,5.507,4.938,331
88,2003-12-22,2004-01-24,34,71.258,5.36,4.723,333
88,2004-11-15,2004-12-08,24,47.38,5.481,4.962,337
88,2004-12-21,2005-01-18,29,61.152,5.347,4.923,339
88,2005-03-05,2005-03-27,23,101.224,31.044,29.109,341
88,2005-12-04,2005-12-22,19,39.688,5.367,4.913,345
88,2006-11-20,2006-12-13,24,48.818,5.421,4.951,349
88,2007-01-29,2007-02-10,13,22.385,11.154,8.906,353
88,2007-06-09,2007-06-17,9,9.183,54.458,54.044,357
88,2007-11-26,2007-12-03,8,9.271,6.296,5.668,363
88,2007-12-10,2007-12-23,14,29.651,5.338,5.007,365
88,2007-12-27,2008-01-10,15,27.418,5.628,5.119,367
88,2008-01-14,2008-02-14,32,102.739,7.754,4.957,369
88,2008-11-21,2008-12-28,38,74.013,5.508,4.939,371
88,2009-01-27,2009-02-26,31,91.617,13.727,5.227,373
88,2009-11-13,2009-12-31,49,97.355,5.469,4.775,375
88,2010-01-10,2010-01-16,7,9.635,6.079,5.563,377
88,2010-01-19,2010-01-26,8,12.114,5.941,5.285,379
88,2010-01-29,2010-02-14,17,50.032,11.119,7.571,381
88,2010-11-14,2010-12-01,18,29.18,5.834,4.824,385
88,2010-12-03,2010-12-10,8,13.7,5.743,5.116,387
88,2010-12-22,2010-12-28,7,19.214,4.711,3.908,389
88,2011-01-03,2011-01-13,11,22.691,5.393,4.914,391
88,2011-01-29,2011-02-16,19,40.863,12.421,8.917,393
88,2011-02-19,2011-02-23,5,5.87,21.765,20.655,395
88,2011-02-26,2011-03-02,5,10.155,24.952,24.029,397
88,2011-11-27,2011-12-28,32,75.948,5.082,4.981,403
88,2012-01-10,2012-01-18,9,18.569,5.392,4.966,405
88,2012-11-11,2012-11-19,9,13.316,5.976,4.962,407
88,2012-12-18,2013-01-08,22,40.923,5.595,5.331,413
88,2013-01-11,2013-01-26,16,28.989,5.644,4.978,415
88,2013-01-29,2013-02-07,10,21.523,10.104,7.31,417
88,2013-11-14,2013-12-02,19,34.399,5.645,4.965,421
88,2013-12-06,2014-01-09,35,75.467,5.299,4.951,423
88,2014-12-06,2014-12-20,15,28.812,5.535,4.881,429
88,2014-12-31,2015-01-17,18,39.595,5.256,4.898,433
88,2015-01-29,2015-02-09,12,42.203,9.187,6.941,435
88,2015-03-05,2015-03-29,25,74.405,33.001,28.933,437
88,2015-06-27,2015-07-01,5,4.067,50.815,49.992,443
88,2015-07-03,2015-07-08,6,7.442,47.96,46.861,445
88,2015-07-10,2015-07-15,6,8.439,44.994,43.923,447
88,2015-07-17,2015-07-22,6,7.879,41.956,40.859,449
88,2015-07-25,2015-07-29,5,5.886,38.674,37.793,451
88,2015-11-27,2015-12-05,9,13.408,5.966,5.356,457
88,2015-12-29,2016-01-17,20,25.709,6.17,5.672,460
88,2016-11-18,2016-11-24,7,10.72,5.924,5.45,468
88,2016-11-27,2016-12-02,6,10.212,5.754,5.327,470
88,2016-12-10,2016-12-20,11,13.481,6.23,5.669,474
88,2017-01-31,2017-02-05,6,7.412,10.509,9.451,484
88,2017-12-15,2017-12-29,15,22.38,5.963,5.369,500
88,2018-10-25,2018-10-30,6,1.526,7.201,6.993,510
88,2018-12-08,2018-12-12,5,6.723,6.111,5.514,512
88,2019-01-09,2019-01-18,10,5.865,6.869,5.482,523
88,2019-12-13,2019-12-18,6,6.816,6.319,5.487,527
88,2020-01-10,2020-01-16,7,6.773,6.488,5.437,532
89,2002-05-05,2003-06-17,409,3810.9,12.757,7.218,8
89,2003-12-22,2004-01-30,40,168.789,21.589,20.846,12
89,2004-02-03,2004-05-28,116,796.119,21.53,20.969,14
89,2004-05-31,2004-06-10,11,12.211,21.597,21.216,16
90,1994-11-11,1994-12-01,21,52.945,4.99,4.021,26
90,1994-12-08,1994-12-15,8,4.393,3.946,3.555,30
90,1994-12-20,1994-12-24,5,1.755,3.636,3.322,32
90,1994-12-31,1995-01-08,9,2.696,4.008,3.784,34
90,1995-11-13,1995-11-29,17,52.718,4.346,3.37,36
90,1996-11-07,1996-11-17,11,40.596,5.686,3.346,42
90,1997-01-17,1997-01-30,14,33.521,4.416,3.618,44
90,1997-11-11,1997-12-11,31,64.167,4.616,3.334,46
90,1998-11-13,1998-11-20,8,22.474,5.539,3.876,50
90,1998-12-18,1998-12-24,7,2.448,3.639,3.469,52
90,1999-01-10,1999-01-16,7,8.271,3.972,3.469,54
90,1999-11-14,1999-11-25,12,37.502,4.714,3.994,56
90,1999-11-30,1999-12-06,7,9.187,4.087,3.605,58
90,1999-12-19,1999-12-23,5,1.318,3.728,3.631,64
90,2000-01-03,2000-01-09,7,4.171,3.853,3.707,68
90,2000-11-13,2000-12-12,30,39.917,4.935,3.72,72
90,2001-01-08,2001-01-18,11,6.478,4.636,4.021,76
90,2001-06-23,2001-08-26,65,100.536,42.562,36.007,80
90,2001-11-11,2001-11-29,19,41.398,5.497,3.656,86
90,2001-12-06,2001-12-13,8,9.332,3.493,3.309,88
90,2002-01-14,2002-01-21,8,13.802,3.973,3.618,90
90,2002-11-21,2002-11-25,5,2.125,6.778,6.603,94
90,2003-01-16,2003-01-30,15,30.554,4.707,3.191,98
90,2003-11-16,2003-12-06,21,49.122,4.242,3.274,100
90,2004-01-16,2004-01-30,15,31.344,4.654,3.155,106
90,2004-11-17,2004-12-07,21,28.331,4.876,4.252,110
90,2004-12-14,2005-01-01,19,5.759,3.729,3.456,112
90,2005-01-03,2005-11-11,313,7635.286,4.897,3.359,114
90,2006-11-14,2006-11-23,10,15.144,6.452,4.675,116
90,2006-12-02,2006-12-11,10,11.217,3.831,3.419,118
90,2007-01-22,2007-02-03,13,17.454,6.379,3.955,120
90,2007-11-14,2007-11-19,6,16.27,5.764,4.475,124
90,2007-11-23,2007-12-02,10,16.022,4.723,4.363,126
90,2007-12-11,2007-12-16,6,6.076,3.319,2.579,128
90,2007-12-29,2008-01-03,6,2.191,3.756,3.481,130
90,2008-01-20,2008-01-31,12,27.944,4.874,3.824,132
90,2008-11-14,2008-12-18,35,59.725,4.128,3.668,134
90,2009-01-11,2009-02-23,44,116.275,6.425,3.581,138
90,2009-11-13,2009-12-15,33,67.733,4.17,3.382,140
90,2009-12-24,2009-12-30,7,1.367,3.776,3.605,142
90,2010-01-08,2010-01-13,6,8.827,3.418,2.749,144
90,2010-11-09,2010-12-02,24,60.733,5.165,3.656,148
90,2010-12-04,2010-12-09,6,7.554,3.728,3.518,150
90,2011-01-07,2011-01-16,10,8.897,4.123,3.618,154
90,2011-01-23,2011-02-07,16,33.333,6.21,3.824,156
90,2011-11-15,2011-12-26,42,55.885,4.195,3.581,162
90,2012-01-06,2012-01-18,13,23.104,3.301,1.668,164
90,2012-11-10,2012-11-20,11,38.292,4.994,3.481,168
90,2012-12-11,2012-12-16,6,5.458,3.365,3.052,172
90,2012-12-30,2013-02-06,39,67.182,4.488,3.37,174
90,2013-11-13,2013-12-14,32,67.626,4.168,3.556,176
90,2013-12-30,2014-01-10,12,6.587,3.827,3.63,178
90,2014-11-11,2014-11-30,20,48.381,5.17,1.676,180
90,2015-01-02,2015-01-17,16,16.629,3.792,3.238,188
90,2015-11-15,2015-12-03,19,40.144,4.833,4.391,190
90,2016-11-14,2016-11-23,10,27.369,5.077,3.941,200
90,2017-11-20,2017-12-03,14,18.099,5.125,4.095,224
90,2017-12-08,2017-12-17,10,2.775,4.151,3.876,226
90,2018-01-31,2018-02-06,7,5.205,8.282,7.607,239
90,2018-10-25,2018-11-27,34,117.6,6.642,4.053,241
90,2019-01-15,2019-01-19,5,6.14,4.585,4.128,254
90,2019-11-08,2019-11-17,10,45.235,4.918,3.85,256
90,2020-01-19,2020-01-29,11,19.48,5.064,4.342,267
91,1985-02-19,1985-03-19,29,160.28,95.804,91.45,2
91,1991-01-08,1993-03-16,799,21882.27,61.193,27.016,4
91,1999-03-07,1999-03-20,14,87.62,100.875,98.306,6
91,1999-04-01,1999-04-15,15,91.453,115.169,111.041,8
91,2002-02-19,2002-02-24,6,16.322,90.745,89.557,30
91,2002-02-26,2002-03-27,30,104.443,102.941,94.846,32
91,2015-05-26,2015-08-26,93,484.955,102.561,75.436,34
91,2015-08-28,2015-09-02,6,8.899,72.875,71.484,36
91,2015-09-30,2015-12-16,78,306.412,53.715,52.436,42
91,2019-01-15,2019-03-28,73,1207.982,75.126,64.985,46
94,1981-02-05,1981-02-17,13,178.335,154.284,151.643,4
94,1984-01-17,1984-01-21,5,1.49,146.177,145.95,8
94,1988-12-08,1988-12-30,23,49.034,144.343,142.858,20
94,1989-02-03,1989-03-06,32,675.29,158.115,133.142,22
94,1990-12-22,1991-01-12,22,216.873,136.617,134.563,32
94,1992-03-25,1992-04-11,18,232.602,231.741,225.14,38
94,1993-12-11,1994-01-03,24,64.604,143.783,139.979,42
94,1994-02-12,1994-02-27,16,92.214,175.325,171.82,44
94,1994-08-29,1994-09-23,26,409.685,158.177,149.159,46
94,1995-11-16,1995-11-25,10,134.713,133.004,127.395,50
94,2000-12-07,2000-12-16,10,55.45,140.93,138.202,58
94,2001-02-19,2001-03-28,38,580.737,193.229,180.547,60
94,2001-04-16,2001-04-21,6,26.195,257.998,256.386,62
94,2001-05-31,2001-07-01,32,516.368,262.82,246.602,66
94,2001-12-27,2001-12-31,5,10.809,144.313,142.985,74
94,2005-03-05,2005-03-30,26,458.119,203.116,199.012,82
94,2010-02-26,2010-03-03,6,17.416,192.456,189.586,90
94,2010-03-05,2010-03-30,26,325.828,208.204,197.171,92
94,2010-07-12,2010-08-12,32,499.09,225.063,215.181,94
94,2014-01-04,2014-01-11,8,29.566,142.779,140.518,102
94,2014-12-13,2014-12-20,8,45.773,140.754,138.211,104
94,2015-02-26,2015-08-12,168,5295.184,222.99,186.117,108
94,2015-11-08,2015-11-19,12,82.465,139.603,135.328,110
94,2016-08-14,2016-08-18,5,24.616,208.054,204.634,116
94,2016-08-20,2016-10-14,56,307.534,161.677,138.78,118
94,2016-11-24,2016-12-01,8,41.465,141.292,137.387,120
94,2017-01-03,2017-01-09,7,28.427,142.414,140.925,124
94,2017-12-06,2018-01-06,32,249.853,138.667,132.925,138
94,2018-02-06,2018-02-10,5,7.507,161.655,160.752,140
94,2018-02-12,2018-03-03,20,142.494,176.817,165.215,142
94,2018-03-05,2018-03-09,5,31.27,199.991,197.335,144
94,2018-11-11,2019-01-20,71,576.568,138.354,132.773,148
94,2019-12-02,2020-01-07,37,350.117,137.012,130.359,150
94,2020-01-11,2020-01-25,15,86.766,140.691,136.519,152
97,1980-11-13,1980-11-22,10,6.406,8.393,8.037,4
97,1981-01-06,1981-01-12,7,1.534,8.814,8.686,14
97,1981-01-14,1981-01-25,12,3.21,8.766,8.431,16
97,1981-11-02,1981-11-15,14,8.378,8.435,8.074,18
97,1982-11-11,1982-11-18,8,2.443,8.728,8.539,24
97,1982-12-29,1983-01-03,6,0.891,8.885,8.833,26
97,1983-01-14,1983-01-19,6,1.962,8.706,8.546,28
97,1984-01-14,1984-01-20,7,2.138,8.728,8.628,48
97,1984-12-19,1984-12-23,5,0.864,8.861,8.769,70
97,1985-01-02,1985-01-08,7,26.914,5.189,2.305,74
97,1985-01-10,1985-01-16,7,18.583,6.379,2.641,76
97,1985-01-22,1985-01-29,8,1.917,8.794,8.546,78
97,1985-10-31,1985-11-05,6,1.625,8.763,8.613,100
97,1985-11-22,1985-11-26,5,0.839,8.866,8.801,108
97,1985-12-20,1986-01-01,13,5.156,8.637,8.187,118
97,1986-01-12,1986-01-16,5,1.794,8.675,8.437,120
97,1986-11-12,1986-11-18,7,1.937,8.757,8.558,138
97,1986-12-16,1986-12-23,8,1.906,8.795,8.61,146
97,1987-01-05,1987-01-14,10,3.772,8.656,8.375,150
97,1987-05-14,1987-05-28,15,7.043,68.647,68.297,166
97,1987-06-27,1987-07-06,10,7.191,68.397,67.743,170
97,1987-07-08,1987-07-18,11,26.237,66.731,66.069,172
97,1987-12-25,1988-01-04,11,2.588,8.798,8.578,180
97,1988-12-01,1988-12-06,6,1.693,8.751,8.648,208
97,1989-11-18,1989-11-24,7,3.375,8.551,8.381,261
97,1989-12-11,1989-12-15,5,1.182,8.797,8.737,263
97,1990-12-12,1990-12-17,6,1.224,8.829,8.673,303
97,1991-12-13,1992-01-03,22,8.26,8.658,8.449,348
97,1992-01-06,1992-01-11,6,1.855,8.724,8.532,351
97,1992-01-13,1992-01-17,5,1.108,8.812,8.622,353
97,1992-04-06,1992-04-10,5,12.617,46.356,45.233,361
97,1993-10-27,1993-12-08,43,73.944,7.314,6.246,391
97,1993-12-10,1993-12-18,9,6.531,8.308,7.274,393
97,1994-11-11,1994-11-20,10,1.83,8.85,8.616,399
97,1994-12-08,1994-12-12,5,0.781,8.877,8.743,401
97,1994-12-20,1994-12-24,5,1.652,8.703,8.61,405
97,1994-12-29,1995-01-07,10,1.919,8.842,8.68,409
97,1996-11-05,1996-11-15,11,6.556,8.437,8.087,423
97,1997-01-12,1997-01-21,10,4.231,8.61,8.475,434
97,1997-11-03,1997-11-07,5,1.755,8.682,8.616,462
97,1997-11-11,1997-11-18,8,2.489,8.722,8.539,464
97,1998-11-07,1998-11-18,12,2.65,8.813,8.692,480
97,1998-12-21,1998-12-25,5,1.166,8.8,8.622,488
97,1999-12-28,2000-01-02,6,1.116,8.848,8.795,511
97,2000-01-28,2000-02-01,5,1.121,8.809,8.744,513
97,2000-11-02,2000-11-09,8,7.076,8.149,7.928,567
97,2000-11-12,2000-11-28,17,14.921,8.156,7.632,570
97,2000-12-04,2000-12-13,10,1.594,8.874,8.66,572
97,2001-12-09,2001-12-13,5,2.983,8.437,8.148,599
97,2001-12-23,2001-12-28,6,3.441,8.46,8.393,601
97,2002-01-12,2002-01-18,7,2.056,8.74,8.368,612
97,2003-01-09,2003-01-13,5,1.699,8.694,8.443,657
97,2003-07-25,2003-08-12,19,25.225,61.792,58.393,669
97,2004-01-02,2004-01-06,5,3.116,8.41,7.946,685
97,2004-11-10,2004-11-17,8,2.645,8.703,8.285,707
97,2005-02-26,2005-03-29,32,402.015,16.583,15.451,721
97,2005-12-14,2005-12-18,5,1.286,8.776,8.616,723
97,2007-06-26,2007-07-29,34,83.959,66.255,63.987,743
97,2007-07-31,2007-08-05,6,2.998,63.161,62.66,745
97,2008-11-26,2008-12-12,17,2.325,8.897,8.834,765
97,2009-01-19,2009-01-23,5,0.561,8.921,8.782,769
97,2009-11-06,2009-11-17,12,5.385,8.585,8.142,777
97,2009-12-02,2009-12-15,14,10.066,8.314,7.909,783
97,2010-01-12,2010-01-16,5,4.355,8.162,7.842,790
97,2010-11-03,2010-11-07,5,2.848,8.464,8.105,796
97,2010-11-14,2010-11-18,5,4.307,8.172,7.836,798
97,2010-11-23,2010-11-27,5,3.124,8.409,8.068,800
97,2011-12-03,2011-12-29,27,18.003,8.367,7.027,810
97,2012-10-18,2012-10-28,11,5.073,8.721,8.305,814
97,2012-11-04,2012-11-13,10,3.435,8.69,8.552,818
97,2012-12-13,2012-12-17,5,1.046,8.824,8.756,822
97,2013-01-11,2013-01-25,15,19.658,7.723,7.22,828
97,2013-02-09,2013-03-08,28,153.729,10.062,6.06,830
97,2014-11-05,2014-11-14,10,12.508,7.783,7.53,838
97,2014-12-12,2014-12-19,8,2.764,8.688,8.402,844
97,2015-03-05,2015-04-12,39,178.973,32.391,23.462,850
97,2016-06-18,2016-09-08,83,398.928,55.739,35.865,854
97,2016-09-10,2016-09-15,6,7.628,33.783,32.575,856
97,2017-11-30,2017-12-11,12,4.498,8.659,8.269,890
97,2018-06-03,2018-10-07,127,552.857,49.902,16.39,896
97,2019-06-20,2019-08-12,54,187.112,63.471,56.972,907
97,2020-03-18,2020-03-31,14,62.357,33.624,32.439,919
99,1981-11-29,1981-12-05,7,1.144,3.606,3.362,6
99,1982-02-06,1982-02-10,5,1.701,5.217,5.005,12
99,1982-02-12,1982-02-16,5,3.318,6.489,6.026,14
99,1983-11-07,1983-11-13,7,3.076,3.33,3.23,32
99,1983-12-18,1983-12-22,5,0.522,3.665,3.545,42
99,1984-12-05,1984-12-12,8,11.086,2.384,1.221,58
99,1984-12-17,1984-12-22,6,0.773,3.641,3.555,60
99,1985-01-03,1985-01-10,8,1.041,3.64,3.432,64
99,1986-12-02,1986-12-29,28,60.105,1.623,1.148,84
99,1987-04-30,1987-08-26,119,483.41,22.665,18.822,86
99,1988-02-26,1988-03-08,12,12.942,10.316,9.588,98
99,1988-12-11,1988-12-15,5,0.273,3.715,3.678,100
99,1989-02-12,1989-02-16,5,1.954,6.762,6.382,106
99,1992-04-01,1992-04-10,10,8.001,19.495,19.223,124
99,1993-11-06,1993-12-07,32,24.554,3.003,2.469,128
99,1996-11-06,1996-11-13,8,0.893,3.658,3.586,140
99,2000-11-02,2000-12-14,43,20.727,3.288,2.849,160
99,2001-02-25,2001-03-02,6,1.633,10.062,7.844,164
99,2001-03-05,2001-04-12,39,80.309,14.64,11.126,166
99,2004-12-25,2005-01-03,10,10.357,2.734,2.276,204
99,2005-02-12,2005-02-17,6,7.169,5.958,5.669,206
99,2005-02-19,2005-03-30,40,180.985,8.655,6.288,208
99,2007-06-17,2007-07-29,43,43.674,27.028,24.745,212
99,2007-08-01,2007-08-05,5,1.84,24.122,23.868,214
99,2008-02-05,2008-02-16,12,7.732,5.578,4.33,222
99,2009-02-05,2009-02-26,22,30.203,5.971,5.012,228
99,2012-11-07,2012-11-17,11,0.442,3.73,3.703,254
99,2015-03-14,2015-03-23,10,10.274,14.223,12.911,268
99,2015-06-04,2015-08-18,76,321.904,22.732,15.047,272
99,2015-08-20,2015-09-30,42,136.645,11.916,9.673,274
99,2018-02-19,2018-02-24,6,3.113,8.333,8.02,295
99,2020-03-11,2020-03-31,21,34.039,14.55,13.598,312
100,1984-01-18,1984-01-23,6,6.015,195.539,195.277,4
100,1984-12-23,1985-01-23,32,61.925,194.606,193.521,6
100,1986-01-04,1986-01-09,6,14.019,194.205,192.744,10
100,1986-12-20,1987-01-23,35,137.807,192.604,190.811,12
100,1987-12-28,1988-01-09,13,37.858,193.629,191.969,14
100,1988-12-19,1989-01-09,22,78.068,192.993,191.583,16
100,1989-02-09,1989-02-22,14,108.602,204.695,198.626,18
100,1989-12-09,1990-01-06,29,102.509,193.006,191.969,20
100,1990-12-09,1991-01-12,35,231.193,189.936,184.72,22
100,1991-11-29,1991-12-06,8,77.448,186.86,181.171,28
100,1991-12-10,1992-04-19,132,4825.654,188.933,133.4,30
100,1993-12-10,1994-01-02,24,78.25,193.281,191.004,36
100,1995-01-02,1995-01-09,8,20.248,194.01,192.938,42
100,1998-12-22,1998-12-27,6,10.321,194.821,194.495,46
100,1999-12-08,2000-01-10,34,178.703,191.285,188.51,50
100,2000-11-30,2001-01-23,55,196.965,192.96,189.466,52
100,2001-02-12,2001-04-19,67,923.073,237.708,208.504,54
100,2001-06-07,2001-07-22,46,416.892,300.28,295.195,56
100,2002-01-20,2002-01-25,6,20.813,193.072,191.197,63
100,2002-12-09,2002-12-16,8,16.16,194.521,193.521,65
100,2005-01-12,2005-01-16,5,1.022,196.337,196.258,71
100,2005-02-19,2005-04-07,48,979.583,228.139,214.09,73
100,2007-12-09,2007-12-19,11,29.12,193.894,193.132,79
100,2008-12-04,2008-12-27,24,146.171,190.451,185.662,81
100,2009-11-28,2009-12-25,28,210.481,189.024,180.061,83
100,2010-03-12,2010-03-29,18,105.465,251.327,243.319,89
100,2010-12-07,2010-12-11,5,21.474,192.246,190.233,93
100,2010-12-24,2010-12-28,5,7.295,195.082,194.691,95
100,2011-11-27,2011-12-29,33,172.592,191.311,189.084,99
100,2012-12-11,2013-01-20,41,116.896,193.69,191.583,101
100,2013-12-13,2014-01-11,30,104.643,193.053,191.389,103
100,2014-12-08,2014-12-20,13,56.13,192.223,191.197,105
100,2015-01-04,2015-01-17,14,48.672,193.065,192.163,107
100,2016-06-07,2016-09-08,94,2898.499,254.979,230.146,111
100,2016-11-27,2016-12-09,13,21.085,194.919,192.857,117
100,2017-01-01,2017-01-09,9,24.648,193.802,191.955,121
100,2017-06-24,2017-07-17,24,723.231,276.83,249.197,125
100,2017-07-19,2017-07-23,5,230.806,249.214,249.177,127
100,2017-07-25,2017-08-12,19,623.069,248.391,247.203,129
100,2017-08-21,2017-09-02,13,83.803,244.434,243.266,133
100,2017-12-13,2018-01-13,32,163.326,191.437,187.686,137
100,2018-02-26,2018-03-03,6,24.266,226.296,223.919,141
100,2018-03-05,2018-03-14,10,53.815,237.379,231.192,143
100,2018-11-04,2018-12-18,45,308.248,189.691,183.209,149
100,2018-12-29,2019-01-19,22,59.273,193.847,192.501,151
100,2019-12-05,2020-01-24,51,204.669,192.528,190.462,153
100,2020-03-25,2020-03-31,7,35.439,262.832,261.276,157
107,1987-10-29,1987-11-14,17,26.897,292.83,292.236,2
107,1992-02-05,1992-07-28,175,4361.229,423.945,365.743,6
107,1992-08-22,1993-03-15,206,8396.441,281.571,212.093,12
107,1994-02-12,1994-04-13,61,1173.009,417.893,373.113,14
107,1994-06-08,1994-07-22,45,770.636,422.342,398.828,16
107,1994-09-07,1995-01-12,128,3173.762,270.62,259.175,20
107,2001-02-05,2001-04-21,76,1704.353,413.609,364.63,22
107,2001-05-11,2001-07-29,80,2478.572,420.118,377.99,26
107,2001-08-14,2001-12-16,125,4191.01,266.625,244.674,32
107,2005-03-05,2005-04-05,32,319.257,440.621,424.454,34
107,2010-03-05,2010-03-09,5,9.296,427.597,425.803,36
107,2010-03-12,2010-04-13,33,279.734,453.143,432.368,38
107,2014-02-05,2014-02-09,5,19.295,367.29,364.793,46
107,2015-06-08,2015-10-16,131,4208.857,330.756,253.681,50
107,2015-11-20,2015-12-11,22,658.409,264.485,256.305,52
107,2020-01-22,2020-01-26,5,32.531,334.078,330.069,66
107,2020-03-11,2020-03-31,21,249.654,441.489,434.254,72
111,1989-01-06,1989-04-03,88,576.719,14.227,10.993,2
111,1992-03-29,1993-04-17,385,3170.061,11.522,2.995,6
111,1994-12-22,1995-02-10,51,135.376,13.041,10.505,8
111,2015-05-24,2015-12-20,211,355.235,15.546,10.189,14
111,2015-12-24,2016-02-01,40,49.038,13.934,12.48,16
111,2019-02-19,2019-04-06,47,110.6,21.982,20.763,20
111,2020-02-26,2020-03-31,35,123.143,21.004,20.315,22
113,1989-02-12,1989-03-24,41,31.733,4.662,3.861,2
113,1990-03-05,1990-03-30,26,7.921,6.036,5.374,8
113,1991-03-05,1991-04-24,51,26.937,6.42,5.408,14
113,1992-04-29,1992-08-11,105,89.754,5.831,3.579,18
113,1993-02-05,1993-03-31,55,67.011,4.189,3.569,20
113,1994-08-10,1994-08-19,10,1.459,3.372,3.307,24
113,2002-03-19,2002-03-24,6,1.043,6.444,6.343,38
113,2002-03-26,2002-03-30,5,1.014,6.795,6.656,40
113,2014-07-04,2014-07-08,5,0.729,6.202,6.066,50
113,2014-07-10,2014-07-15,6,1.129,5.715,5.511,52
113,2014-07-17,2014-09-02,48,16.192,3.514,2.003,54
113,2014-09-05,2014-09-09,5,0.567,1.735,1.635,56
113,2015-06-20,2015-07-15,26,9.119,6.136,5.486,64
113,2015-07-17,2015-07-22,6,1.229,5.222,5.064,66
113,2015-07-24,2015-07-29,6,1.087,4.746,4.553,68
113,2015-07-31,2015-08-05,6,1.207,4.21,4.031,70
113,2015-08-07,2015-08-12,6,1.059,3.71,3.543,72
113,2015-08-15,2015-08-19,5,0.93,3.174,3.014,74
113,2015-08-22,2015-08-26,5,0.899,2.66,2.517,76
113,2015-08-29,2015-09-02,5,0.913,2.151,2.019,78
113,2015-09-05,2015-09-09,5,0.626,1.723,1.604,80
113,2018-06-05,2018-06-10,6,0.569,7.605,7.535,88
113,2018-06-13,2018-06-17,5,0.472,7.342,7.269,90
113,2018-08-08,2018-08-12,5,1.285,3.629,3.459,106
113,2018-08-14,2018-08-26,13,3.137,2.839,2.421,108
113,2018-08-28,2018-09-02,6,1.435,2.094,1.929,110
113,2018-09-04,2018-12-12,100,23.813,0.901,0.729,112
113,2019-01-08,2019-04-14,97,154.21,3.247,1.417,114
114,1981-09-11,1981-10-17,37,44.698,2.744,1.584,6
114,1987-06-29,1987-10-28,122,461.272,7.884,0.132,8
114,1990-09-20,1990-11-22,64,42.188,2.951,2.76,22
114,1991-01-22,1991-04-25,94,291.946,22.019,11.983,26
114,1992-02-12,1993-03-15,398,2123.34,12.369,0.545,30
114,1994-04-16,1994-10-10,178,728.452,17.02,1.397,38
114,1994-10-20,1994-11-08,20,1.22,3.532,3.49,40
114,2001-05-30,2001-10-06,130,193.111,15.86,2.354,48
114,2014-01-22,2014-04-13,82,193.552,21.541,12.09,50
114,2014-07-11,2014-07-15,5,3.61,23,22.386,60
114,2014-07-18,2014-07-22,5,4.85,20.742,20.091,62
114,2014-07-24,2014-07-29,6,4.729,18.838,18.144,64
114,2014-08-01,2014-08-05,5,3.925,16.709,16.122,66
114,2014-08-08,2014-08-12,5,3.35,14.678,14.14,68
114,2019-01-29,2019-02-28,31,47.325,17.661,14.414,114
114,2020-03-11,2020-03-31,21,19.619,28.117,26.379,122
133,1980-12-13,1981-01-27,46,448.943,236.809,234.517,2
133,1981-01-30,1981-04-18,79,981.506,238.58,232.027,4
133,1982-03-10,1982-03-31,22,72.613,248.855,244.357,6
133,1984-03-21,1984-03-30,10,16.7,252.337,250.663,10
133,1984-04-14,1984-05-04,21,61.769,259.72,259.038,12
133,1985-03-26,1985-04-06,12,17.068,254.454,252.614,14
133,1986-03-26,1986-03-31,6,12.407,252.851,252.433,18
133,1987-03-26,1987-04-04,10,20.126,253.596,252.868,24
133,1988-03-25,1988-04-12,19,50.669,254.305,253.486,26
133,1990-03-26,1990-04-20,26,43.542,256.409,253.705,28
133,1990-11-10,1991-04-03,145,2046.939,233.563,227.496,30
133,1991-09-20,1991-09-27,8,6.294,257.958,257.097,32
133,1991-10-11,1992-02-20,133,7069.027,193.943,179.548,36
133,1992-11-27,1993-02-19,85,1659.391,227.046,212.929,38
133,1993-02-25,1993-03-15,19,52.134,245.261,242.975,40
133,1994-03-26,1994-04-07,13,33.462,253.406,252.396,42
133,1996-01-20,1996-02-06,18,70.495,242.652,236.399,46
133,1996-03-14,1996-03-29,16,128.103,244.788,235.215,48
133,1997-02-08,1997-03-05,26,108.564,242.459,240.254,50
133,1997-03-26,1997-04-02,8,12.628,253.627,252.179,54
133,2000-10-05,2000-12-17,74,1317.436,230.206,217.756,62
133,2001-03-26,2001-04-02,8,20.343,252.663,250.627,70
133,2002-03-28,2002-04-16,20,105.766,252.38,250.447,74
133,2003-03-26,2003-03-30,5,1.964,254.526,254.395,76
133,2004-03-26,2004-04-12,18,54.673,254.048,253.196,80
133,2005-03-27,2005-04-04,9,9.917,254.583,252.905,82
133,2011-02-04,2011-02-14,11,8.495,245.796,245.212,90
133,2013-03-26,2013-04-07,13,23.904,254.141,253.196,94
133,2014-04-07,2014-04-12,6,13.341,256.517,255.049,102
133,2015-03-23,2015-04-17,26,54.965,254.919,252.142,104
133,2018-03-26,2018-03-30,5,5.559,253.807,252.905,108
133,2018-04-01,2018-04-18,18,52.132,255.836,252.651,110
182,1988-04-08,1988-09-01,147,8043.9,505.246,299.088,4
182,1988-09-27,1988-12-20,85,3149.835,236.633,197.955,6
182,1990-04-16,1990-04-27,12,95.669,626.685,619.419,8
182,1990-04-30,1990-05-05,6,30.162,651.532,647.776,10
182,1990-05-07,1990-05-26,20,203.835,656.816,652.611,12
182,1990-07-11,1991-04-07,271,24104.274,257.414,190.295,16
182,1992-06-28,1992-12-19,175,11404.669,277.228,192.301,20
182,1994-03-19,1994-08-26,161,12212.01,494.54,313.248,24
182,1994-09-26,1994-12-04,70,1427.501,253.297,233.434,28
182,1997-04-09,1997-04-20,12,158.065,602.898,592.207,32
182,2008-03-25,2008-04-26,33,489.939,586.91,536.495,40
182,2008-06-27,2008-08-04,39,1028.231,499.654,421.293,42
182,2008-08-06,2008-08-11,6,53.804,408.589,403.674,44
182,2008-11-18,2009-01-23,67,791.731,261.873,245.693,46
182,2009-02-05,2009-02-17,13,195.471,320.024,308.682,48
182,2013-12-09,2014-02-10,64,3321.959,226.991,200.585,54
182,2014-02-12,2014-03-08,25,673.121,375.2,332.562,56
182,2014-03-12,2014-04-06,26,543.457,516.937,477.899,58
182,2014-06-13,2014-07-08,26,333.253,595.52,555.484,64
182,2014-07-11,2014-07-15,5,41.996,541.374,535.959,66
182,2015-05-30,2015-12-25,210,15467.015,309.346,167.212,70
185,1989-01-30,1995-01-22,2184,647737.983,876.465,520.686,2
185,2015-04-02,2016-07-28,484,22616.612,1148.441,1005.27,4
185,2016-09-30,2016-10-31,32,240.895,1059.1,1055.161,8
204,1980-04-15,1980-06-13,60,321.316,72.504,70.802,2
204,1980-08-24,1980-11-17,86,1057.883,57.177,28.74,12
204,1981-04-30,1981-05-10,11,27.438,75.938,74.872,18
204,1981-05-14,1981-05-21,8,13.32,77.401,75.242,20
204,1981-05-28,1981-06-04,8,13.937,77.324,75.736,22
204,1981-07-19,1981-07-27,9,16.526,77.23,75.859,32
204,1982-04-16,1982-05-11,26,117.8,71.75,69.322,38
204,1982-07-02,1982-07-07,6,2.344,78.675,78.449,56
204,1983-05-05,1983-05-13,9,14.042,77.284,76.106,62
204,1983-05-16,1983-05-24,9,12.333,77.696,76.846,64
204,1983-06-26,1983-07-01,6,4.439,78.326,76.969,72
204,1984-05-02,1984-05-07,6,6.253,77.36,76.969,74
204,1985-04-30,1985-05-10,11,12.019,77.339,76.969,78
204,1986-04-23,1986-05-17,25,39.53,76.249,73.269,82
204,1986-05-19,1986-05-25,7,5.549,78.273,77.586,84
204,1987-04-30,1987-05-07,8,5.113,77.555,77.216,88
204,1987-05-17,1987-05-21,5,2.467,78.573,78.203,90
204,1987-10-05,1987-12-23,80,562.517,50.909,42.802,98
204,1988-09-06,1988-11-21,77,1177.538,51.792,42.925,100
204,1989-04-23,1989-05-16,24,38.418,76.178,73.392,102
204,1989-06-16,1989-06-24,9,41.69,74.434,70.925,106
204,1990-04-23,1990-05-19,27,52.852,75.964,73.762,110
204,1990-06-10,1990-06-16,7,31.822,74.52,70.555,116
204,1991-04-21,1991-04-26,6,5.676,73.865,72.899,124
204,1991-04-29,1991-05-15,17,29.82,76.701,75.242,126
204,1991-05-18,1991-05-29,12,9.126,78.305,77.463,128
204,1991-06-19,1991-06-27,9,53.038,73.173,66.608,132
204,1991-09-08,1991-10-12,35,425.984,61.949,46.132,134
204,1992-04-22,1992-05-29,38,59.882,76.677,74.255,140
204,1992-07-14,1992-07-21,8,5.056,78.434,78.079,142
204,1992-08-05,1992-08-15,11,5.671,78.55,78.203,144
204,1993-04-30,1993-05-13,14,22.998,76.925,75.982,154
204,1994-04-16,1994-04-20,5,6.865,71.764,70.185,160
204,1994-04-23,1994-05-30,38,104.166,75.512,72.775,162
204,1994-10-02,1994-10-11,10,17.211,68.261,66.115,170
204,1995-04-23,1995-05-22,30,64.816,75.875,72.775,172
204,1996-04-22,1996-05-26,35,68.636,76.222,73.515,180
204,1997-04-23,1997-05-23,31,60.743,76.11,74.009,182
204,1998-04-28,1998-05-25,28,50.452,76.771,73.639,196
204,1999-04-19,1999-05-29,41,63.672,76.181,69.692,202
204,2000-04-22,2000-05-12,21,38.791,75.747,74.132,214
204,2000-05-14,2000-05-18,5,3.454,78.375,77.956,216
204,2000-11-08,2000-11-20,13,20.174,54.994,53.41,222
204,2001-05-06,2001-05-15,10,8.5,78.116,77.709,230
204,2002-04-30,2002-05-15,16,29.287,76.8,74.626,236
204,2003-04-23,2003-04-27,5,4.25,74.798,73.885,240
204,2003-04-29,2003-05-16,18,40.795,76.222,74.996,242
204,2004-04-22,2004-05-17,26,47.918,76.035,72.405,246
204,2004-12-14,2004-12-24,11,17.024,47.68,46.009,254
204,2005-04-23,2005-05-21,29,78.382,75.298,72.652,260
204,2006-04-17,2006-04-21,5,8.592,71.419,70.802,280
204,2006-04-23,2006-05-16,24,65.188,75.062,71.912,282
204,2008-05-02,2008-05-12,11,16.328,77.219,75.995,298
204,2008-12-27,2009-01-19,24,50.379,46.21,43.875,318
204,2009-04-30,2009-05-04,5,10.782,75.913,75.094,326
204,2009-05-06,2009-05-20,15,24.449,77.37,75.945,328
204,2010-04-27,2010-05-17,21,77.562,74.552,72.603,342
204,2011-04-08,2011-04-28,21,53.446,70.21,66.707,354
204,2011-04-30,2011-05-16,17,32.076,76.769,74.354,356
204,2012-04-17,2012-05-29,43,82.944,75.729,71.406,358
204,2012-12-31,2013-03-01,61,350.438,44.827,40.618,362
204,2013-04-12,2013-05-12,31,46.498,74.135,69.716,364
204,2014-04-23,2014-05-14,22,32.658,76.177,73.811,378
204,2015-04-12,2015-04-21,10,16.488,70.463,68.68,386
204,2015-04-23,2015-05-25,33,59.893,76.315,73.429,388
204,2015-08-20,2015-08-24,5,2.147,78.637,78.511,402
204,2015-08-26,2015-10-11,47,132.191,72.796,66.694,404
204,2016-04-22,2016-05-08,17,32.203,75.354,72.319,412
204,2016-05-11,2016-05-23,13,14.097,77.982,77.191,414
204,2017-04-22,2017-05-28,37,86.416,75.735,72.331,418
204,2017-12-27,2018-02-16,52,212.623,45.327,41.84,424
204,2018-04-21,2018-05-14,24,66.39,74.518,72.455,430
204,2019-04-23,2019-05-20,28,79.493,75.123,72.726,440
204,2019-05-27,2019-05-31,5,1.69,78.728,78.363,444
292,1980-04-01,1980-04-05,5,2.718,13.183,12.816,1
292,1980-08-27,1980-11-01,67,217.817,11.429,7.504,5
292,1981-04-11,1981-05-12,32,133.141,11.567,6.85,7
292,1981-09-20,1981-12-14,86,365.919,9.472,3.261,11
292,1982-05-12,1982-06-21,41,450.107,18.673,9.847,13
292,1982-07-08,1982-09-02,57,733.165,17.206,8.258,15
292,1983-04-09,1983-06-01,54,390.507,12.413,8.448,17
292,1983-08-16,1983-09-15,31,168.063,14.679,10.275,19
292,1984-04-07,1984-06-19,74,348.809,18.316,12.376,21
292,1984-08-16,1984-08-30,15,31.415,21.498,19.659,23
292,1985-04-30,1985-05-05,6,10.458,15.174,14.49,25
292,1985-05-07,1985-05-26,20,117.141,17.999,15.11,27
292,1985-08-25,1985-10-12,49,213.017,11.249,5.794,29
292,1988-04-28,1988-10-10,166,1640.533,16.02,4.677,31
292,1989-04-12,1989-05-11,30,150.965,10.597,8.475,33
292,1989-05-23,1989-06-05,14,46.773,25.966,23.77,37
292,1989-10-16,1989-11-10,26,119.892,9.116,6.599,39
292,1991-05-07,1991-05-17,11,34.822,18.768,17.349,41
292,1992-04-07,1992-05-04,28,55.907,12.414,11.408,43
292,1992-05-13,1992-06-20,39,139.878,26.525,21.818,47
292,1992-07-26,1992-09-22,59,543.296,13.703,5.188,49
292,1993-05-09,1993-05-15,7,5.671,20.854,19.694,51
292,1994-09-14,1994-11-10,58,248.726,9.438,5.818,53
292,1998-04-28,1998-05-03,6,6.427,14.782,13.554,55
292,1998-09-24,1998-12-18,86,428.299,8.747,4.605,57
292,1999-04-30,1999-06-04,36,289.475,15.977,10.065,59
292,2000-04-15,2000-06-13,60,323.666,17.71,11.634,61
292,2000-08-28,2000-12-05,100,368.536,10.611,6.152,65
292,2001-04-25,2001-06-07,44,321.003,16.113,10.23,67
292,2001-07-11,2001-11-22,135,1307.738,10.605,4.894,69
292,2002-04-30,2002-05-30,31,321.186,12.627,8.869,71
292,2002-10-01,2002-12-27,88,368.451,9.54,5.458,73
292,2003-05-21,2003-05-25,5,14.61,24.319,23.648,77
292,2003-08-23,2003-10-26,65,231.977,11.887,8.15,79
292,2003-10-28,2003-11-30,34,57.935,12.023,10.058,81
292,2004-04-24,2004-05-11,18,45.873,14.735,12.019,83
292,2004-05-13,2004-05-31,19,42.674,24.564,21.653,85
292,2005-09-04,2005-09-26,23,52.028,12.293,10.517,91
292,2006-05-07,2006-05-21,15,64.457,18.431,15.379,93
292,2006-09-16,2006-11-05,51,145.448,10.875,8.19,95
292,2007-08-09,2007-10-22,75,496.164,11.151,5.784,97
292,2008-04-24,2008-05-25,32,300.14,11.376,6.745,99
292,2010-05-07,2010-05-18,12,28.06,19.779,18.178,101
292,2015-08-17,2015-09-09,24,89.459,17.67,14.926,103
292,2017-09-16,2017-09-29,14,3.502,13.477,13.318,105
292,2017-10-10,2017-10-25,16,10.585,13.065,12.711,107
292,2018-09-19,2018-11-10,53,350.484,7.114,2.717,109
292,2019-09-11,2019-10-17,37,191.697,8.546,4.186,113
293,1980-08-07,1980-08-26,20,68.162,31.73,30.109,2
293,1982-09-16,1982-11-11,57,290.551,23.336,20.56,4
293,1982-11-13,1982-11-18,6,1.286,23.574,23.313,6
293,1983-01-02,1983-03-19,77,216.712,16.903,14.091,14
293,1984-05-27,1984-08-21,87,1681.411,15.738,8.732,16
293,1984-09-25,1985-04-04,192,1004.813,17.194,11.258,18
293,1985-07-06,1985-08-30,56,1115.688,15.62,8.023,20
293,1988-07-03,1989-03-27,268,2957.118,15.179,5.603,22
293,2000-07-26,2000-09-05,42,560.056,21.724,11.718,24
293,2001-02-26,2002-05-08,437,4218.487,17.238,4.235,26
293,2002-05-17,2002-05-29,13,31.69,29.268,27.593,28
293,2003-08-12,2003-09-17,37,188.94,28.961,24.471,32
293,2004-02-20,2004-03-07,17,16.461,19.518,18.85,34
293,2017-07-24,2017-09-04,43,489.005,23.827,14.925,36
297,1980-11-21,1980-12-06,16,2684.552,4525.592,4257.233,4
297,1980-12-08,1980-12-22,15,3528.714,3878.143,3613.11,6
297,1981-12-04,1981-12-09,6,653.109,4478.581,4382.678,14
297,1982-04-23,1982-06-08,47,17266.057,1671.376,1239.277,22
297,1982-11-24,1982-12-23,30,6512.065,4179.573,3730.537,28
297,1984-11-14,1984-11-22,9,1432.145,4582.406,4454.59,62
297,1984-11-24,1985-02-18,87,34309.932,2733.03,1372.617,64
297,1985-10-20,1985-10-26,7,923.508,4609.603,4519.841,72
297,1985-10-28,1986-02-11,107,71840.612,2981.096,1617.216,74
297,1986-10-16,1986-10-25,10,2367.405,4504.792,4288.44,76
297,1986-10-27,1987-01-28,94,90881.19,2965.799,2155.876,78
297,1987-10-15,1987-10-24,10,1981.078,4543.425,4349.374,80
297,1987-10-26,1988-05-31,219,120630.435,1982.521,640.916,82
297,1988-09-15,1988-10-29,45,31148.949,4049.334,3560.687,90
297,1988-10-31,1989-05-09,191,184806.53,1542.398,726.52,92
297,1989-10-16,1989-10-28,13,2351.845,4560.622,4395.136,94
297,1989-10-30,1990-01-14,77,50042.905,3527.706,2754.731,96
297,1990-03-16,1990-04-27,43,4964.767,965.42,836.053,98
297,1990-04-30,1990-05-04,5,383.923,1455.753,1409.621,100
297,1990-11-03,1990-11-16,14,2490.896,4563.612,4487.154,112
297,1990-11-18,1990-12-02,15,1683.987,4629.267,4579.665,114
297,1990-12-26,1990-12-31,6,827.009,3424.634,3289.074,122
297,1991-01-02,1991-04-06,95,31593.051,1354.754,363.877,124
297,1991-10-28,1992-02-04,100,100664.349,2781.034,1964.687,126
297,1992-09-11,1992-12-31,112,145779.741,3252.8,1794.097,130
297,1993-01-02,1993-02-25,55,40423.648,1424.248,1161.691,132
297,1993-03-01,1993-05-23,84,25327.058,997.839,775.612,134
297,1993-06-11,1993-07-23,43,12591.593,3816.989,3107.136,138
297,1993-11-01,1994-01-28,89,64953.01,3157.366,2076.564,142
297,1994-11-07,1994-12-23,47,17037.459,4158.89,3759.524,148
297,1996-11-18,1996-12-31,44,10036.667,4037.102,3330.889,164
297,1997-04-16,1997-04-21,6,150.079,1144.546,1136.899,174
297,1997-04-23,1997-05-16,24,4533.677,1414.725,1190.185,176
297,1997-11-19,1997-12-16,28,6155.571,4360.581,3939.982,180
297,1997-12-18,1997-12-23,6,240.152,3867.844,3834.396,182
297,1998-11-04,1998-12-09,36,3088.658,4625.773,4343.453,190
297,1998-12-12,1998-12-16,5,413.112,4168.57,4103.418,192
297,1999-02-28,1999-05-30,92,25367.485,1108.986,734.414,206
297,2000-06-24,2000-06-29,6,294.946,3919.218,3891.629,216
297,2000-07-01,2000-07-26,26,4164.595,4439.487,4051.735,218
297,2000-09-18,2000-10-03,16,507.284,4709.828,4690.554,220
297,2000-10-05,2000-10-28,24,3360.238,4601.523,3800.722,222
297,2000-10-30,2000-12-22,54,18284.587,4211.323,3766.431,224
297,2001-09-15,2001-10-27,43,8262.899,4549.372,3502.22,226
297,2001-10-29,2001-12-17,50,21486.333,4204.911,3885.215,228
297,2006-12-04,2006-12-09,6,2005.496,4253.183,3779.136,256
297,2007-11-22,2007-12-09,18,2180.421,4560.47,4386.748,264
297,2011-04-30,2011-06-21,53,25261.583,1972.872,1157.374,288
299,1981-11-09,1981-12-16,38,3141.204,3458.452,3368.901,2
299,1985-09-02,1985-12-09,99,16988.161,3387.158,3166.252,8
299,1986-10-10,1986-12-16,68,5981.981,3460.927,3412.397,10
299,1987-09-21,1988-01-28,130,67245.666,2809.504,2392.725,12
299,1988-02-11,1989-05-11,456,432889.206,1926.108,975.13,14
299,1989-08-11,1989-12-23,135,78384.791,2959.121,2614.598,22
299,1990-10-26,1990-11-26,32,2998.308,3465.058,3384.681,24
299,1991-03-27,1991-05-19,54,9569.335,2115.325,1992.984,26
299,1991-10-07,1992-01-21,107,36728.874,3004.967,2529.002,30
299,1992-06-22,1995-03-12,994,884548.104,2191.455,883.679,34
299,1996-05-06,1996-05-18,13,1434.829,2326.7,2274.527,38
299,1996-05-20,1996-05-25,6,365.935,2602.95,2544.768,40
299,1996-10-12,1996-12-22,72,6458.52,3433.416,3152.075,46
299,1996-12-25,1996-12-31,7,485.382,3043.973,2994.455,48
299,1997-02-17,1997-05-18,91,35255.679,1883.556,1541.714,52
299,1997-10-25,1997-10-31,7,34.067,3553.889,3551.07,56
299,1997-11-16,1997-12-16,31,2652.748,3451.559,3314.453,58
299,1998-10-12,1998-12-16,66,8105.425,3425.789,3319.169,62
299,2000-10-17,2000-12-22,67,7846.905,3403.34,3207.889,66
299,2001-09-29,2001-12-23,86,12155.074,3387.581,3248.379,68
299,2002-10-19,2002-12-23,66,8280.318,3394.419,3233.949,70
299,2003-10-08,2003-12-16,70,4726.157,3481.663,3398.014,72
299,2007-10-18,2007-12-16,60,3820.419,3483.91,3410.646,74
299,2008-09-25,2008-12-15,82,8241.401,3450.076,3382.404,76
299,2011-05-01,2011-06-08,39,4710.588,2470.571,2183.578,78
299,2015-10-10,2015-12-16,68,9898.939,3403.325,3302.067,82
299,2018-04-23,2018-04-29,7,257.041,2209.985,2184.863,84
300,1980-04-01,1982-12-09,983,160788.011,728.3,616.999,1
300,1983-09-05,1983-10-07,33,152.963,929.246,919.534,3
300,1984-08-15,1984-11-10,88,2119.256,900.169,877.173,9
300,1988-04-08,1988-05-10,33,244.863,861.73,846.58,11
300,1988-07-15,1989-01-07,177,6762.826,866.884,828.67,15
300,1989-02-16,1989-03-24,37,161.398,822.425,817.118,17
300,1991-04-03,1991-04-07,5,10.701,845.846,844.242,19
300,1991-04-09,1991-05-17,39,629.376,856.394,847.762,21
300,1992-04-01,1992-10-20,203,2462.118,906.573,842.255,23
300,1999-04-16,1999-04-28,13,43.243,862.415,859.231,25
300,2001-04-30,2001-05-16,17,127.498,876.403,872.72,33
300,2001-08-30,2001-11-11,74,544.587,912.024,880.619,35
300,2002-03-19,2002-04-20,33,391.541,835.839,830.154,39
300,2007-03-05,2007-05-23,80,1304.352,842.432,820.645,47
300,2007-07-02,2008-05-24,328,14362.386,837.551,790.907,49
307,2004-08-04,2004-11-24,113,24686.068,11151.445,11037.179,4
307,2005-01-10,2005-01-21,12,156.631,10784.521,10768.28,8
307,2005-03-30,2005-06-09,72,10423.851,10888.373,10817.62,10
307,2005-08-31,2005-09-23,24,642.9,11452.502,11419.558,14
307,2007-01-17,2007-05-30,134,25673.663,10687.985,10398.236,16
307,2007-08-03,2007-11-11,101,18674.491,11222.738,11134.624,18
307,2008-04-15,2008-06-01,48,8655.742,10881.915,10784.316,22
319,1985-07-25,1985-08-16,23,144.193,31.653,24.813,4
319,1987-07-11,1987-07-28,18,99.746,46.635,41.574,12
319,1988-07-19,1988-10-17,91,769.466,12.981,5.607,16
319,1994-07-14,1994-11-22,132,838.08,13.941,6.322,20
319,1995-04-09,1995-05-12,34,544.894,31.155,25.519,22
319,1997-04-30,1997-05-14,15,88.005,50.348,47.465,28
319,2000-08-02,2000-10-23,83,374.265,11.957,6.299,30
319,2001-04-09,2001-05-04,26,184.539,37.076,31.715,32
319,2001-07-25,2001-10-09,77,675.337,11.942,6.619,36
319,2002-05-05,2002-05-19,15,117.808,51.12,48.61,38
319,2003-07-21,2003-11-06,109,966.821,10.546,5.636,40
319,2005-07-31,2006-01-05,159,941.719,8.722,6.266,44
319,2006-03-26,2006-04-19,25,110.851,25.978,19.136,46
319,2006-07-27,2006-09-19,55,520.366,13.641,6.568,48
319,2007-07-15,2007-10-18,96,1057.462,12.099,6.002,50
319,2008-04-08,2008-05-19,42,736.157,32.352,27.029,52
319,2009-09-18,2009-10-18,31,99.983,8.262,6.012,54
319,2009-11-14,2009-11-26,13,26.022,9.485,7.635,56
319,2010-08-07,2010-09-11,36,187.757,14.651,6.293,60
319,2011-03-26,2011-05-23,59,968.013,28.204,19.657,62
319,2012-08-30,2012-11-08,71,206.623,8.577,7.699,72
319,2013-04-23,2013-05-08,16,59.781,48.032,43.235,74
319,2013-07-28,2013-10-13,78,529.562,12.43,6.854,76
319,2014-04-09,2014-05-23,45,836.232,32.279,24.765,78
319,2015-07-17,2015-12-09,146,1188.459,10.395,6.61,82
319,2016-07-12,2016-10-21,102,1187.594,11.687,6.109,84
319,2017-08-03,2017-11-25,115,613.751,9.744,6.301,86
319,2018-03-26,2018-05-03,39,597.623,21.555,13.674,88
319,2019-04-02,2019-04-23,22,168.126,28.261,21.379,92
319,2019-08-03,2019-10-09,68,342.992,12.521,6.984,94
338,1982-03-21,1982-05-19,60,21533.725,2139.992,1901.816,2
338,1985-02-18,1985-04-14,56,12461.095,2067.718,1961.079,4
338,1988-09-26,1988-10-17,22,1017.27,2876.41,2838.33,8
338,1989-02-21,1989-03-14,22,627.065,2192.697,2169.645,10
338,1993-08-11,1993-09-02,23,658.318,3110.013,3095.683,14
338,1994-07-18,1994-12-23,159,84103.629,2334.446,2248.01,16
338,1995-08-25,1995-11-29,97,23583.139,2623.037,2449.272,18
338,1996-08-30,1996-10-27,59,10729.302,2786.994,2741.383,20
338,1997-03-05,1997-05-21,78,37800.7,1970.494,1798.216,24
338,1997-08-09,1997-12-02,116,44171.655,2514.684,2460.477,26
338,1998-08-13,1998-11-04,84,17498.852,2777.5,2718.054,30
338,1999-03-08,1999-06-06,91,47637.662,2003.163,1794.886,32
338,1999-08-19,1999-10-28,71,14104.045,2798.275,2725.436,34
338,2000-08-16,2000-10-27,73,15398.295,2790.163,2742.637,36
338,2001-08-13,2001-11-03,83,18454.595,2766.52,2689.247,38
338,2002-05-10,2002-05-19,10,500.627,2643.952,2624.824,40
338,2002-08-26,2002-11-04,71,12664.492,2778.328,2694.404,42
338,2003-08-21,2003-09-01,12,1017.035,3046.66,2958.853,44
338,2003-10-27,2003-11-04,9,466.356,2694.02,2690.222,46
338,2004-08-23,2004-10-22,61,9821.523,2840.975,2763.973,50
338,2005-08-24,2005-11-03,72,11405.191,2806.484,2719.374,52
338,2006-08-21,2006-11-04,76,12651.943,2802.265,2715.022,54
338,2007-08-23,2007-11-04,74,12343.155,2797.319,2708.807,56
338,2008-04-08,2008-05-21,44,13929.496,2266.182,2134.768,58
338,2008-08-28,2008-10-27,61,10265.352,2805.622,2744.673,60
338,2009-08-24,2009-11-04,73,12907.609,2784.897,2697.32,62
338,2010-08-24,2010-11-04,73,11580.572,2803.076,2719.685,64
338,2011-03-14,2011-05-25,73,31805.128,2063.477,1847.837,66
338,2011-09-01,2011-10-28,58,9876.566,2795.901,2740.443,68
338,2013-08-24,2013-10-28,66,10515.664,2826.635,2746.23,76
338,2014-04-09,2014-05-10,32,5282.727,2369.052,2278.583,80
338,2014-09-01,2014-11-04,65,9235.605,2798.996,2716.577,82
338,2015-08-19,2015-11-04,78,13035.785,2806.119,2671.417,86
338,2016-08-23,2016-10-20,59,10143.094,2837.235,2738.094,90
338,2017-08-28,2017-10-28,62,10152.805,2812.559,2724.659,94
338,2018-03-23,2018-05-08,47,16547.995,2110.411,1889.58,97
338,2018-08-24,2018-11-03,72,11210.755,2809.184,2690.777,99
338,2019-08-29,2019-10-28,61,8590.219,2833.083,2743.617,104
350,1985-08-15,1985-09-23,40,162.63,18.908,14.307,4
350,1986-08-17,1986-09-30,45,200.907,16.806,11.984,6
350,1987-07-24,1987-11-12,112,671.252,13.237,7.272,10
350,1988-01-08,1988-01-17,10,8.878,9.754,8.572,12
350,1988-01-22,1988-05-03,103,512.901,27.121,12.907,14
350,1988-06-28,1988-11-27,153,1490.623,12.073,2.712,16
350,1990-02-12,1990-02-16,5,3.225,21.617,21.036,20
350,1990-02-19,1990-03-22,32,66.87,27.952,22.656,22
350,1990-03-26,1990-03-30,5,3.331,37.723,37.108,24
350,1990-04-02,1990-05-02,31,79.377,41.361,39.044,26
350,1990-08-07,1990-10-07,62,288.715,17.252,9.785,30
350,1992-06-04,1992-12-01,181,1780.493,15.101,4.324,32
350,1994-08-21,1994-08-26,6,4.766,26.649,25.92,38
350,1999-11-19,1999-11-29,11,4.699,6.93,6.573,42
350,2002-02-12,2002-02-23,12,20.315,21.727,20.81,46
350,2002-03-12,2002-03-17,6,6.061,32.308,31.441,52
350,2002-03-19,2002-03-23,5,6.168,34.691,33.764,54
350,2002-11-18,2003-01-05,49,43.302,6.553,5.806,62
350,2003-01-08,2003-01-30,23,52.717,10.306,8.629,64
350,2003-11-22,2003-12-06,15,5.069,7.019,6.826,66
350,2005-03-05,2005-05-17,74,439.681,35.329,29.612,68
350,2005-06-19,2005-10-14,118,565.661,24.616,8.79,72
350,2005-10-26,2005-12-30,66,113.024,5.644,5.144,76
350,2007-08-08,2007-08-12,5,5.371,31.868,31.078,84
350,2007-08-15,2007-08-19,5,6.058,29.01,28.147,86
350,2007-08-21,2007-08-26,6,6.635,26.337,25.222,88
350,2007-08-28,2007-09-02,6,5.636,23.708,23.282,90
350,2007-11-15,2007-12-04,20,13.562,6.679,6.415,92
350,2010-01-29,2010-02-03,6,7.135,15.73,14.994,96
350,2010-02-05,2010-05-08,93,472.744,30.17,17.259,98
350,2015-06-22,2015-08-26,66,224.477,34.529,25.146,100
350,2015-11-16,2015-11-30,15,2.738,7.174,7.011,104
355,1989-04-10,1989-04-18,9,23.293,813.443,811.529,2
355,2002-05-11,2002-06-01,22,308.726,811.545,805.15,4
355,2002-07-14,2003-05-29,320,19126.463,792.688,749.222,6
355,2004-04-25,2004-10-07,166,3855.426,832.012,802.183,8
355,2005-04-03,2005-04-13,11,27.822,813.27,811.466,10
361,1992-06-11,1992-07-07,27,14.711,8.106,6.682,5
361,1992-07-17,1992-08-18,33,48.278,1.154,0.382,9
361,1994-08-25,1994-10-05,42,0.668,0.006,0.006,13
361,1995-01-01,1995-01-05,5,1.038,7.117,6.963,19
361,2001-06-27,2001-07-01,5,1.165,7.931,7.674,33
361,2001-07-04,2001-08-19,47,50.881,2.584,0.485,35
361,2002-09-05,2002-10-09,35,0.402,0.01,0.01,47
361,2003-09-05,2003-10-28,54,0.567,0.011,0.011,49
361,2003-12-17,2003-12-21,5,1.673,4.735,4.473,57
361,2003-12-24,2004-02-10,49,40.474,8.544,5.447,59
361,2004-04-01,2004-04-11,11,0.765,16.449,16.322,65
361,2005-03-19,2005-03-29,11,1.913,16.238,16.17,67
361,2005-03-31,2005-04-15,16,1.355,16.431,16.296,69
361,2005-04-17,2005-04-22,6,0.724,16.153,16.027,71
361,2005-04-24,2005-04-29,6,0.924,15.764,15.694,73
361,2005-09-04,2005-09-27,24,0.276,0.01,0.01,75
361,2007-04-24,2007-07-26,94,172.213,8.802,0.079,81
361,2007-08-01,2007-08-19,19,30.403,0.04,0.006,83
361,2008-01-29,2008-02-02,5,1.314,11.416,11.23,89
361,2008-02-05,2008-02-10,6,2.619,12.205,11.904,91
361,2008-02-12,2008-02-16,5,2.194,13.086,12.79,93
361,2012-09-15,2012-09-30,16,0.226,0.007,0.006,99
361,2013-09-03,2013-09-29,27,0.418,0.006,0.006,101
361,2014-09-09,2014-10-05,27,0.376,0.008,0.007,103
361,2015-04-27,2015-05-22,26,34.622,13.479,12.22,105
361,2015-08-25,2015-09-25,32,0.407,0.01,0.009,107
361,2016-01-15,2016-01-19,5,0.786,9.414,9.378,115
361,2016-08-08,2016-10-26,80,6.408,0.098,0.009,123
361,2016-12-23,2016-12-28,6,1.586,5.925,5.693,127
361,2017-01-01,2017-02-10,41,54.857,8.653,6.547,129
361,2018-08-30,2018-10-04,36,0.43,0.01,0.009,135
362,2002-07-20,2002-10-03,76,624.042,20.707,14.798,2
362,2003-01-29,2003-02-02,5,4.524,62.42,61.794,6
362,2003-02-05,2003-03-14,38,61.627,69.525,63.945,8
362,2003-06-20,2003-10-12,115,1051.355,24.516,13.224,10
362,2003-12-03,2004-07-14,225,1496.735,56.287,35.523,18
362,2004-07-17,2004-07-21,5,7.043,40.872,39.788,20
362,2004-07-23,2004-09-01,41,120.075,29.211,25.584,22
362,2005-01-22,2005-04-21,90,343.61,68.351,58.082,26
367,1988-05-05,1988-07-21,78,336.998,28.136,22.388,2
367,1988-07-23,1988-07-28,6,8.228,20.558,19.514,4
367,1988-07-31,1988-08-18,19,31.113,12.877,8.945,6
367,1988-09-02,1989-01-22,143,373.361,2.087,0.555,10
367,1992-05-22,1992-07-21,61,325.882,26.745,22.357,16
367,1992-07-23,1992-07-28,6,3.988,21.265,20.64,18
367,1992-08-14,1992-08-18,5,7.665,9.643,8.826,24
367,1992-09-17,1992-11-13,58,20.589,4.343,4.086,28
367,2001-06-20,2001-07-15,26,39.873,29.19,25.606,32
367,2001-07-18,2001-07-22,5,3.255,24.362,23.735,34
367,2001-08-01,2001-08-05,5,8.885,16.785,15.601,38
367,2001-08-07,2001-08-12,6,8.216,13.591,12.438,40
367,2001-08-15,2001-08-19,5,5.109,10.155,9.397,42
367,2001-09-08,2002-01-03,118,157.093,3.367,2.724,46
367,2002-03-12,2002-04-07,27,86.163,11.789,8.272,48
367,2002-10-05,2002-11-21,48,12.192,4.444,4.295,52
367,2003-04-16,2003-04-20,5,3.443,25.995,25.52,56
367,2003-04-23,2003-05-29,37,120.528,29.558,27.372,58
367,2015-06-13,2015-07-15,33,73.142,29.301,25.434,66
367,2015-09-22,2016-01-03,104,87.572,3.856,3.312,74
367,2016-09-08,2016-12-18,102,103.556,3.683,3.033,82
367,2019-03-12,2019-04-05,25,60.063,12.129,9.029,84
370,1982-04-16,1982-05-31,46,2420.952,437.722,385.685,4
370,1983-05-07,1983-05-29,23,824.827,495.893,480.125,6
370,1984-05-06,1984-05-22,17,303.59,504.144,484.669,8
370,1987-10-08,1988-01-15,100,987.741,374.427,368.305,10
370,1988-05-13,1988-05-17,5,59.69,517.129,510.577,14
370,1992-12-18,1993-03-30,103,3060.411,354.591,334.371,34
370,1994-07-25,1994-08-26,33,616.637,497.082,435.347,38
370,1994-08-28,1994-09-02,6,72.355,416.742,406.93,40
370,1994-09-07,1995-01-11,127,2907.782,361.607,344.954,42
370,1997-03-08,1997-05-15,69,3857.293,360.602,312.098,44
370,1999-04-10,1999-05-26,47,1489.137,436.803,372.539,46
370,2001-06-05,2002-04-01,301,15874.517,382.541,308.159,48
370,2006-04-30,2006-05-18,19,475.016,472.684,443.912,50
370,2011-05-07,2011-05-26,20,389.867,507.127,482.74,56
370,2011-05-28,2011-06-02,6,35.112,566.724,560.538,58
370,2015-08-01,2015-08-26,26,389.12,488.401,433.155,64
370,2015-08-28,2015-09-02,6,58.841,418.994,410.862,66
370,2015-09-13,2015-11-23,72,628.428,375.576,367.798,70
370,2015-11-28,2015-12-03,6,2.26,383.927,383.662,72
372,1987-09-25,1987-11-05,42,17.003,2.139,2.042,2
372,1988-09-12,1988-11-11,61,41.919,1.857,1.433,4
372,1992-06-11,1992-07-07,27,19.43,14.289,12.235,8
372,1992-08-24,1992-11-14,83,152.809,0.703,0,12
372,1993-03-05,1993-03-09,5,1.421,12.33,12.149,14
372,1993-03-12,1993-03-17,6,5.098,13.179,12.826,16
372,1994-09-10,1994-11-23,75,93.052,1.303,0.627,20
372,1999-10-08,1999-10-21,14,1.992,2.402,2.311,22
372,2000-09-17,2000-11-21,66,48.006,1.817,1.24,24
372,2001-02-05,2001-11-13,282,1112.79,6.438,0.654,26
372,2002-02-26,2002-03-28,31,46.185,12.086,10.188,28
372,2002-09-19,2002-11-07,50,35.246,1.839,1.306,30
372,2003-09-24,2003-09-30,7,0.16,2.521,2.468,32
372,2004-03-04,2004-03-09,6,2.189,12.25,11.951,34
372,2007-09-01,2007-11-10,71,50.737,1.829,1.402,38
372,2008-03-04,2008-03-09,6,3.128,12.093,11.762,42
372,2012-09-17,2012-11-07,52,29.081,1.985,1.732,48
372,2013-03-05,2013-03-10,6,2.408,12.213,11.849,52
372,2013-06-14,2013-06-24,11,6.127,15.606,14.677,58
372,2013-06-26,2013-07-01,6,1.658,14.247,13.979,60
372,2013-08-08,2013-08-12,5,3.266,4.45,3.918,68
372,2013-08-14,2013-11-09,88,124.755,1.186,0.384,70
372,2014-09-20,2014-10-20,31,13.247,2.117,1.786,78
372,2019-03-05,2019-03-26,22,25.583,12.938,12.153,80
373,1980-04-01,1980-06-15,76,7331.382,326.116,264.251,1
373,1980-07-25,1980-12-08,137,9669.653,401.892,374.143,3
373,1981-04-24,1981-05-21,28,468.672,402.427,393.77,5
373,1981-07-23,1982-06-29,342,41823.312,300.59,215.78,7
373,1982-08-30,1982-09-23,25,150.338,498.669,491.332,9
373,1983-04-16,1983-06-14,60,3679.919,369.921,317.425,11
373,1983-08-06,1983-11-18,105,4741.862,437.1,403.759,13
373,1984-04-01,1984-06-17,78,2961.687,386.039,341.781,15
373,1984-08-16,1984-11-10,87,2651.249,452.292,423.047,17
373,1984-11-12,1984-11-17,6,11.924,420.575,418.646,19
373,1985-03-09,1986-03-08,365,29363.406,347.436,290.933,21
373,1986-03-12,1986-03-31,20,95.57,353.821,349.813,23
373,1986-04-16,1986-06-05,51,3689.351,352.312,297.865,27
373,1986-07-18,1987-06-07,325,21273.665,354.93,320.232,29
373,1987-06-11,1989-07-07,758,123083.777,267.485,159.094,31
373,1989-07-14,1991-06-09,696,103345.469,276.454,182.063,35
373,1991-07-30,1992-06-26,333,26170.656,342,302.256,37
373,1992-07-29,1993-01-14,170,14083.252,365.587,316.615,39
373,1993-03-19,1993-05-29,72,2796.394,361.426,323.537,41
373,1994-07-14,1995-06-12,334,36264.916,313.554,248.177,43
373,1996-05-06,1996-06-04,30,739.849,415.815,384.223,45
373,1997-04-23,1997-06-02,41,2504.146,366.492,322.894,47
373,1999-05-14,1999-05-25,12,172.343,423.598,415.986,49
373,2001-07-27,2002-01-21,179,15201.382,361.092,314.911,51
373,2002-03-12,2002-06-06,87,3141.255,365.648,344.182,53
373,2002-09-01,2002-11-05,66,1905.461,451.223,425.109,55
373,2011-05-01,2011-06-23,54,2202.915,407.791,381.698,57
373,2017-05-21,2017-06-04,15,465.511,419.29,403.966,63
374,1981-08-29,1981-10-22,55,601.426,25.368,15.567,4
374,1984-08-09,1984-10-06,59,1128.782,26.164,18.74,6
374,1985-02-26,1985-04-07,41,198.6,124.853,115.533,10
374,1986-03-12,1986-04-04,24,64.484,130.441,126.925,16
374,1988-07-26,1988-09-15,52,304.536,51.654,37.862,18
374,1989-02-05,1989-05-01,86,1548.063,109.241,95.177,20
374,1991-02-12,1991-02-17,6,4.822,107.346,106.798,22
374,1991-02-19,1991-04-28,69,642.268,121.905,108.598,24
374,1992-03-11,1992-03-15,5,3.614,128.192,127.717,26
374,1992-03-18,1992-04-04,18,37.022,132.981,129.933,28
374,1992-07-17,1992-10-25,101,2287.892,27.026,0.333,32
374,1993-01-08,1993-01-13,6,7.997,73.986,72.664,34
374,1993-01-15,1993-05-13,119,1918.159,105.437,76.368,36
374,1994-07-31,1994-09-16,48,489.537,45.528,34.775,40
374,1995-02-26,1995-04-18,52,243.493,127.109,115.055,44
374,1997-03-16,1997-04-29,45,375.722,128.792,126.543,46
374,1999-03-26,1999-04-29,35,146.351,134.56,132.975,48
374,2001-08-02,2001-10-04,64,808.895,36.485,21.694,52
374,2002-02-26,2002-03-03,6,9.43,117.974,116.665,56
374,2002-03-05,2002-04-07,34,94.019,129.021,120.209,58
374,2002-08-16,2002-10-22,68,648.862,30.569,20.388,64
374,2003-01-15,2003-04-27,103,1116.926,108.056,78.467,68
374,2003-08-02,2003-10-22,82,1243.764,29.694,14.774,70
374,2004-01-29,2004-04-28,91,1256.849,110.715,92.983,72
374,2005-02-05,2005-05-01,86,1125.47,114.155,99.643,78
374,2006-03-05,2006-04-25,52,356.212,127.725,120.545,82
374,2007-07-19,2007-10-15,89,860.9,42.128,19.509,86
374,2008-02-26,2008-04-28,63,382.086,127.197,115.454,90
374,2011-03-05,2011-05-08,65,604.073,126.227,119.789,94
374,2013-03-26,2013-04-06,12,19.848,135.017,133.681,98
374,2014-02-26,2014-04-21,55,352.607,125.843,115.05,104
374,2015-07-21,2015-08-12,23,97.763,70.882,62.857,106
374,2016-07-18,2016-09-29,74,1085.902,41.459,25.263,114
374,2017-03-12,2017-03-16,5,6.231,127.668,126.695,118
374,2019-03-28,2019-04-25,29,123.533,134.493,132.867,122
374,2019-05-01,2019-05-06,6,4.699,138.501,138.172,124
375,1983-04-02,1983-04-06,5,1.682,7.417,7.191,2
375,1987-09-15,1987-11-23,70,16.354,0.124,0.037,6
375,1988-03-18,1988-04-17,31,15.918,6.954,5.39,12
375,1988-05-23,1988-06-09,18,6.208,8.956,8.734,14
375,1988-06-26,1988-07-14,19,8.537,5.496,4.26,20
375,1988-07-16,1988-07-21,6,1.74,3.75,3.498,22
375,1988-08-07,1988-11-21,107,33.142,0.059,0,28
375,1991-03-26,1991-03-31,6,1.643,6.691,6.482,32
375,1991-10-03,1991-11-11,40,8.25,0.151,0.016,38
375,1992-05-09,1992-11-11,187,208.031,2.326,0,40
375,1993-02-26,1993-03-02,5,0.385,2.855,2.787,42
375,1993-03-05,1993-03-19,15,17.031,3.535,3.057,44
375,1994-08-28,1994-12-01,96,29.082,0.055,0,46
375,2000-09-19,2000-11-03,46,14.294,0.047,0,50
375,2001-02-26,2001-04-26,60,42.692,5.781,2.54,52
375,2001-05-13,2001-08-05,85,86.268,5.767,1.072,54
375,2001-08-31,2001-11-13,75,18.486,0.111,0,56
375,2003-09-20,2003-11-23,65,14.954,0.128,0,66
375,2007-08-30,2007-11-13,76,16.216,0.144,0.049,82
375,2008-02-26,2008-03-02,6,1.396,2.699,2.527,84
375,2008-03-04,2008-03-16,13,8.465,3.878,3.084,86
375,2008-03-18,2008-03-30,13,4.854,6.112,5.298,88
375,2009-10-05,2009-10-16,12,0.476,0.318,0.297,96
375,2012-09-13,2012-11-14,63,12.63,0.157,0.049,104
375,2013-08-28,2014-01-01,127,38.164,0.057,0,106
375,2014-02-19,2014-03-10,20,21.041,1.809,1.062,108
375,2014-03-26,2014-03-30,5,1.592,6.647,6.42,114
375,2014-06-14,2014-07-29,46,24.083,5.208,1.965,122
375,2014-07-31,2014-08-05,6,2.444,1.366,1.026,124
375,2014-08-09,2014-11-25,109,26.402,0.124,0.028,126
375,2015-07-03,2015-07-08,6,1.883,5.758,5.431,132
375,2015-07-11,2015-07-15,5,1.537,4.786,4.566,134
375,2015-08-19,2015-12-03,107,22.699,0.145,0.048,142
375,2016-09-14,2016-10-31,48,7.326,0.205,0.118,144
375,2017-10-06,2017-10-28,23,1.768,0.281,0.218,146
375,2018-03-05,2018-03-15,11,4.075,4.056,3.614,148
375,2018-09-07,2018-11-22,77,11.993,0.202,0.109,152
375,2019-03-12,2019-03-23,12,6.716,4.945,4.432,156
375,2019-03-26,2019-03-31,6,1.602,6.698,6.393,158
377,1984-07-05,1984-07-28,24,292.442,132.369,125,2
377,1985-08-08,1985-08-12,5,20.822,109.847,105.953,10
377,1985-08-15,1985-08-19,5,19.758,96.532,92.753,12
377,1986-07-24,1986-08-19,27,284.416,107.911,88.066,20
377,1987-06-23,1987-11-22,153,2832.611,76.538,62.959,24
377,1988-06-28,1989-01-09,196,3157.929,70.621,51.337,26
377,1992-05-20,1993-02-23,280,5140.266,73.694,49.302,38
377,1994-07-03,1995-02-05,218,1818.215,75.042,63.412,44
377,1997-04-30,1997-05-04,5,11.339,88.551,86.877,46
377,1997-05-07,1997-05-11,5,34.327,98.464,94.472,48
377,1999-05-14,1999-05-25,12,98.221,114.806,109.413,52
377,2001-06-11,2002-04-07,301,2541.342,77.186,62.46,54
377,2002-04-30,2002-05-05,6,19.14,87.629,84.76,56
377,2002-05-07,2002-06-02,27,299.413,111.347,92.569,58
377,2002-09-01,2003-01-13,135,269.534,67.116,66.298,68
377,2003-05-14,2003-05-25,12,59.655,118.02,109.559,72
377,2007-09-04,2007-09-22,19,3.503,68.926,68.782,74
377,2007-10-05,2007-11-01,28,19.142,68.427,67.679,76
377,2008-05-06,2008-05-10,5,32.131,98.903,95.394,80
378,1988-07-31,1988-11-22,115,67.179,9.083,8.959,4
378,1998-01-25,1998-05-19,115,122.176,9.696,9.266,10
378,2004-06-13,2004-09-08,88,66.226,9.551,9.049,12
378,2005-06-06,2006-04-19,318,310.127,9.142,7.76,14
382,1987-09-20,1987-11-07,49,10.346,0.388,0.182,2
382,1988-01-01,1988-11-16,321,825.268,6.273,0.315,4
382,1989-01-15,1989-03-07,52,208.122,5.832,4.358,6
382,1990-04-19,1990-10-16,181,302.823,6.89,0.346,8
382,1991-01-22,1991-10-25,277,1161.472,5.712,0.29,10
382,1992-02-05,1992-02-22,18,17.786,9.774,8.698,14
382,1992-03-18,1992-10-31,228,825.66,5.611,0.384,20
382,1993-01-08,1993-03-17,69,359.156,4.814,3.178,22
382,1994-08-29,1994-10-21,54,11.688,0.383,0.371,24
382,2003-07-18,2003-07-22,5,3.553,7.078,6.59,30
382,2003-08-24,2003-10-29,67,15.219,0.38,0.37,42
382,2004-02-12,2004-02-17,6,2.668,10.561,10.296,46
382,2007-09-25,2007-10-26,32,7.309,0.371,0.321,52
382,2008-01-22,2008-03-21,60,136.968,9.534,6.417,54
382,2013-05-11,2013-07-08,59,48.131,13.954,9.436,58
382,2013-07-10,2013-07-15,6,4.266,8.511,7.999,60
382,2013-07-17,2013-07-22,6,3.995,7.122,6.664,62
382,2013-07-24,2013-07-29,6,3.225,5.799,5.311,64
382,2013-08-01,2013-08-05,5,2.617,4.365,3.98,66
382,2013-08-08,2013-08-12,5,1.934,3.077,2.725,68
382,2013-08-23,2013-10-06,45,13.062,0.324,0.295,72
382,2014-01-29,2014-02-17,20,22.177,8.433,7.385,74
382,2014-05-17,2014-08-12,88,97.035,10.098,2.256,82
382,2014-08-14,2014-08-19,6,3.05,1.576,1.203,84
382,2014-08-22,2014-11-18,89,25.644,0.321,0.292,86
382,2015-05-05,2015-05-27,23,13.658,17.14,16.541,92
382,2015-05-30,2015-06-03,5,1.444,16.038,15.835,94
382,2015-06-27,2015-07-01,5,2.196,11.512,11.12,102
382,2015-07-04,2015-07-08,5,2.376,10.141,9.743,104
382,2015-09-04,2015-11-17,75,21.293,0.315,0.291,110
382,2017-01-29,2017-02-10,13,12.912,7.866,7.593,112
382,2019-01-15,2019-03-09,54,65.086,8.808,4.602,124
382,2019-03-12,2019-03-17,6,2.448,15.28,15.023,126
383,1987-09-04,1987-10-26,53,78.731,1.559,0.284,2
383,1988-02-12,1988-11-17,280,1691.93,12.825,0,6
383,1989-01-29,1989-03-12,43,240.271,16.224,12.484,8
383,1990-04-26,1990-06-03,39,72.852,34.708,31.214,10
383,1990-06-05,1990-06-10,6,4.351,30.634,30.108,12
383,1990-08-13,1990-10-29,78,173.87,0.816,0.236,16
383,1991-02-05,1991-06-03,119,1015.041,23.812,14.728,18
383,1991-06-15,1991-07-01,17,27.914,23.796,20.609,20
383,1991-07-24,1991-11-07,107,280.046,1.034,0.237,26
383,1992-02-05,1992-11-12,282,2528.377,10.134,0.229,28
383,1993-01-29,1993-03-20,51,340.549,16.735,12.585,30
383,1994-07-03,1994-07-29,27,48.573,13.025,7.848,34
383,1994-08-21,1994-11-08,80,187.074,0.706,0.247,38
383,2001-08-08,2001-10-11,65,35.319,2.501,2.127,52
383,2002-02-19,2002-03-24,34,87.662,26.054,21.435,54
383,2002-08-07,2002-11-06,92,233.162,0.51,0,62
383,2003-02-12,2003-02-16,5,2.751,19.686,19.239,64
383,2003-02-19,2003-04-07,48,185.942,26.869,20.698,66
383,2003-07-25,2003-07-29,5,5.612,8.772,7.742,76
383,2003-08-01,2003-11-12,104,265.668,0.654,0,78
383,2004-02-05,2004-03-19,44,231.839,19.715,14.742,80
383,2004-08-31,2004-11-01,63,148.146,0.693,0,82
383,2005-02-12,2005-03-24,41,95.782,24.863,19.285,84
383,2007-08-26,2007-10-30,66,141.786,0.896,0.202,88
383,2008-02-12,2008-04-10,59,220.286,26.225,18.227,90
383,2008-09-20,2008-10-15,26,23.218,2.152,1.565,92
383,2009-02-26,2009-04-10,44,109.023,29.895,23.946,96
383,2009-08-19,2009-11-01,75,145.654,1.103,0.706,98
383,2010-02-12,2010-03-28,45,139.116,24.796,17.682,102
383,2013-08-10,2013-09-30,52,49.299,2.097,1.742,124
383,2014-07-05,2014-10-07,95,164.818,4.55,2.145,130
383,2015-06-20,2015-10-24,127,277.079,5.711,2.413,138
383,2016-09-18,2016-10-01,14,4.672,2.711,2.51,142
383,2018-09-23,2018-10-04,12,1.308,2.936,2.899,144
383,2019-02-19,2019-03-26,36,154.105,24.678,20.72,148
384,1982-05-05,1982-06-22,49,4736.099,422.28,355.833,2
384,1985-04-11,1985-09-09,152,28552.993,273.204,91.925,4
384,1986-03-18,1989-03-21,1100,131229.435,170.875,56.987,6
384,1989-04-09,1989-05-12,34,1846.285,256.599,185.253,10
384,1992-09-29,1992-12-27,90,1223.8,154.491,147.51,22
384,1993-04-16,1993-05-22,37,3041.723,293.828,232.95,24
384,2001-09-28,2001-12-27,91,1332.314,153.448,142.695,26
384,2002-04-16,2002-05-29,44,2876.004,333.286,232.222,28
384,2003-09-30,2003-12-19,81,1529.428,149.207,137.881,30
384,2004-04-22,2004-05-09,18,504.903,334.67,290.471,34
384,2004-06-03,2005-02-10,253,17141.548,228.976,96.156,40
384,2005-04-16,2005-05-24,39,3506.167,292.938,202.538,44
384,2011-05-21,2011-06-13,24,1394.87,487.4,450.814,48
385,1980-04-01,1980-04-28,28,6.295,0.008,0,1
385,1980-05-01,1980-05-15,15,1.407,0.175,0.095,3
385,1980-07-27,1981-05-02,280,59.061,0.002,0,5
385,1981-07-26,1982-06-16,326,67.234,0.018,0,7
385,1982-07-12,1983-04-23,286,53.788,0.03,0,11
385,1983-05-12,1983-05-22,11,2.403,0.062,0,13
385,1983-08-13,1984-05-12,274,54.721,0.009,0,15
385,1984-07-11,1986-05-27,686,149.063,0.012,0,19
385,1986-07-04,1987-04-07,278,57.08,0.015,0,21
385,1987-04-11,1987-04-15,5,0.663,0.095,0,23
385,1987-05-02,1987-06-07,37,8.783,0.047,0.042,27
385,1987-06-19,1987-07-17,29,8.023,0.047,0.042,29
385,1987-08-09,1989-06-10,672,140.705,0.018,0,33
385,1989-06-26,1989-11-10,138,37.221,0.015,0,35
385,1989-12-19,1989-12-31,13,0.344,0.124,0.095,39
385,1990-02-19,1990-04-17,58,5.579,0.098,0,41
385,1990-05-15,1990-05-24,10,1.391,0.145,0.095,43
385,1990-06-15,1990-06-24,10,0.773,0.239,0.199,47
385,1990-06-26,1990-07-22,27,4.148,0.172,0.112,49
385,1990-07-26,1990-12-02,130,14.163,0.148,0.112,51
385,1991-08-07,1991-09-08,33,7.976,0.066,0.053,53
385,1992-01-30,1992-04-02,64,1.602,0.149,0.131,55
385,1992-10-10,1992-12-05,57,3.32,0.143,0.131,61
385,1993-09-07,1994-02-13,160,17.508,0.084,0.063,63
385,1994-05-17,1994-05-24,8,0.637,0.206,0.139,65
385,1994-05-26,1995-04-15,325,52.165,0.071,0.042,67
385,1995-04-20,1995-05-09,20,2.366,0.136,0.073,69
385,1995-09-03,1995-10-23,51,3.049,0.203,0.134,71
385,1995-12-13,1996-04-13,123,6.946,0.111,0.073,73
385,1996-07-21,1996-09-17,59,2.753,0.262,0.236,75
385,1999-11-22,1999-11-26,5,0.151,0.149,0.131,81
385,2000-03-28,2000-04-02,6,0.292,0.16,0.138,83
385,2000-08-02,2000-08-11,10,0.014,0.32,0.319,85
385,2006-07-06,2006-09-20,77,3.596,0.265,0.261,87
385,2007-06-30,2007-07-19,20,0.257,0.313,0.313,89
385,2011-05-06,2011-05-13,8,0.235,0.24,0.207,93
385,2013-07-10,2013-09-03,56,1.575,0.29,0.271,101
386,1988-09-06,1988-11-17,73,924.537,11.058,3.827,2
386,1989-01-15,1989-03-02,47,1263.229,112.227,86.025,4
386,1992-02-12,1992-02-17,6,25.018,153.492,149.923,6
386,1992-02-19,1992-02-24,6,49.059,163.921,159.855,8
386,1992-02-26,1992-12-01,280,12033.273,73.656,0,10
386,1992-12-23,1992-12-28,6,16.707,41.752,39.972,12
386,1993-01-01,1993-03-16,75,3963.864,84.345,47.057,14
386,2003-09-05,2003-10-27,53,453.867,15.16,10.678,16
386,2004-01-15,2004-03-14,60,1889.999,120.549,81.684,20
386,2013-09-18,2013-10-10,23,102.174,19.281,15.391,22
386,2014-01-15,2014-04-10,86,1839.001,151.934,85.124,24
386,2014-04-26,2014-11-09,198,6790.406,63.249,0,26
386,2015-05-03,2015-10-18,169,2421.421,87.244,7.777,28
386,2016-01-29,2016-02-02,5,25.696,121.186,117.79,32
386,2016-02-05,2016-02-15,11,90.97,139.635,130.291,34
387,1981-08-05,1981-09-21,48,942.128,45.876,34.279,2
387,1982-04-07,1982-04-26,20,127.557,139.106,128.509,4
387,1983-02-19,1983-03-02,12,69.994,104.331,99.879,8
387,1983-04-11,1983-04-23,13,123.004,136.313,130.583,10
387,1983-09-01,1983-09-09,9,100.108,47.304,39.681,12
387,1984-01-29,1984-02-03,6,9.925,84.094,83.54,14
387,1984-02-05,1984-03-22,47,788.089,95.836,87.075,16
387,1985-08-11,1985-09-07,28,556.832,49.056,35.139,18
387,1987-06-14,1987-10-25,134,5334.549,37.061,0,20
387,1988-04-28,1988-10-26,182,10979.747,33.343,0.913,22
387,1989-07-15,1989-10-31,109,4371.298,20.629,5.551,24
387,1990-04-24,1990-06-06,44,2063.544,99.968,72.335,26
387,1990-07-19,1990-09-24,68,1842.954,45.619,33.668,28
387,1991-04-18,1991-10-20,186,13312.049,27.701,4.468,30
387,1992-04-16,1992-09-29,167,11526.986,38.365,6.528,32
387,1993-09-04,1993-09-09,6,54.666,47.889,44.414,34
387,1994-05-05,1994-10-24,173,7953.134,46.899,9.932,36
387,1997-03-01,1997-05-13,74,3731.581,87.564,51.252,40
387,1997-09-02,1997-09-09,8,37.186,53.155,52.213,42
387,1998-09-04,1998-09-11,8,92.727,43.92,38.582,44
387,1999-04-04,1999-05-01,28,578.134,124.89,107.822,46
387,1999-09-01,1999-09-13,13,225.02,38.845,23.449,48
387,2000-08-27,2000-09-14,19,145.779,49.474,45.984,52
387,2001-07-14,2001-09-02,51,1328.36,59.696,36.581,54
387,2002-07-17,2002-09-08,54,1851.477,46.875,34.594,56
387,2003-08-02,2004-03-27,239,12754.679,11.659,1.276,58
387,2004-08-04,2004-09-10,38,906.878,46.157,35.636,60
387,2005-08-01,2005-09-09,40,863.068,51.572,42.022,62
387,2006-03-06,2006-04-07,33,1352.15,90.352,71.537,64
387,2006-08-30,2006-09-09,11,118.164,48.593,40.26,66
387,2007-07-17,2007-09-09,55,1156.776,59.69,47.294,70
387,2011-05-04,2011-05-10,7,46.811,142.361,137.997,76
387,2013-07-11,2013-08-26,47,880.949,72.063,62.267,78
387,2014-08-10,2014-08-26,17,136.754,67.6,61.727,82
387,2015-08-08,2015-09-02,26,168.325,66.562,62.478,86
387,2016-08-09,2016-08-25,17,163.692,66.016,62.056,88
387,2018-08-15,2018-09-02,19,99.118,64.354,59.293,92
387,2019-08-18,2019-08-26,9,29.891,68.462,65.13,94
387,2019-08-29,2019-09-02,5,13.691,60.684,58.679,96
387,2019-09-04,2019-09-09,6,8.509,55.582,55.079,98
388,1988-04-30,1988-10-06,160,1340.671,11.848,0,2
388,1989-02-12,1989-03-07,24,93.148,28.365,23.192,4
388,1990-08-24,1990-10-07,45,1.021,0.024,0.015,6
388,1991-02-05,1991-08-05,182,2075.512,26.098,0.233,8
388,1991-08-09,1991-10-08,61,2.093,0.013,0,10
388,1992-02-05,1992-10-04,243,3048.827,15.553,0,12
388,1993-01-29,1993-03-18,49,599.4,18.434,13.618,14
388,1994-08-27,1994-10-07,42,1.571,0.01,0,16
388,2001-08-12,2001-09-19,39,1.282,0.014,0.004,20
388,2002-02-26,2002-03-03,6,6.696,34.596,33.658,24
388,2002-03-05,2002-03-10,6,11.79,37.818,36.123,26
388,2002-08-18,2002-09-30,44,1.302,0.018,0.008,36
388,2003-03-05,2003-03-16,12,37.965,38.137,36.471,40
388,2003-07-25,2003-07-29,5,12.62,7.04,5.762,48
388,2003-07-31,2003-08-05,6,10.254,2.623,1.446,50
388,2003-08-10,2003-09-18,40,1.037,0.021,0.005,52
388,2004-02-12,2004-03-13,31,120.534,30.413,23.116,54
388,2007-09-01,2007-09-13,13,0.411,0.016,0.008,62
388,2008-02-12,2008-04-11,60,369.682,35.132,22.594,66
388,2009-02-12,2009-02-17,6,1.13,26.338,26.257,68
388,2009-02-19,2009-04-12,53,218.708,39.117,26.781,70
388,2009-08-30,2009-09-20,22,0.419,0.028,0.021,72
388,2010-02-05,2010-03-08,32,95.504,27.157,19.977,74
388,2013-08-20,2013-09-05,17,0.277,0.031,0.025,78
388,2014-02-05,2014-02-14,10,23.687,20.671,19.002,80
388,2014-06-13,2014-09-25,105,212.894,9.03,0,88
388,2015-05-03,2015-09-25,146,677.472,16.791,0,90
388,2017-01-29,2017-02-17,20,54.009,18.538,14.259,96
388,2019-02-05,2019-03-24,48,278.929,28.925,19.96,98
389,1989-08-18,1989-08-26,9,8.381,44.668,44.19,4
389,1990-06-28,1990-07-08,11,37.596,83.334,79.393,6
389,1990-07-11,1990-07-15,5,17.925,73.881,71.834,8
389,1990-07-17,1990-07-22,6,19.145,66.798,64.7,10
389,1990-08-15,1990-11-19,97,574.245,39.679,31.299,12
389,1991-02-19,1991-02-24,6,11.837,54.596,53.972,14
389,1991-06-15,1991-07-08,24,118.619,86.973,78.841,20
389,1991-07-10,1991-07-22,13,59.178,68.888,63.292,22
389,1991-07-24,1991-07-29,6,21.201,58.581,56.123,24
389,1991-08-01,1991-08-05,5,6.811,52.597,51.888,26
389,1992-03-04,1993-01-09,312,11435.374,32.108,8.369,28
389,1993-02-26,1993-03-17,20,86.117,67.585,62.525,30
389,1993-09-23,1993-11-28,67,314.921,40.899,38.562,34
389,1994-06-26,1994-07-08,13,32.637,84.864,82.162,38
389,1994-07-24,1995-01-29,190,3917.167,25.813,10.229,44
389,2001-05-10,2002-03-10,305,3866.967,47.01,33.473,46
389,2002-03-19,2002-03-23,5,18.304,82.866,81.875,50
389,2008-04-01,2008-06-04,65,287.613,102.433,97.08,58
389,2008-07-17,2008-07-21,5,11.911,67.607,66.01,64
389,2013-08-23,2014-01-16,147,490.623,42.261,37.177,66
389,2014-02-19,2014-03-14,24,221.568,57.209,48.704,70
390,1992-07-08,1992-07-21,14,5.53,54.584,53.955,8
390,1992-08-07,1993-05-04,271,2378.818,27.633,21.637,12
390,1994-08-17,1995-03-24,220,2140.813,24.156,18.11,14
390,1995-03-26,1995-04-07,13,23.715,41.212,39.218,16
390,2001-08-11,2001-11-30,112,291.817,32.592,30.002,20
390,2002-03-26,2002-05-11,47,112.561,46.598,39.69,22
390,2002-05-18,2002-05-23,6,1.05,55.046,54.898,24
390,2002-06-05,2002-07-29,55,80.736,53.381,51.332,26
390,2003-06-04,2003-08-05,63,124.999,52.395,49.973,28
390,2003-08-24,2003-12-05,104,189.897,32.025,30.695,30
390,2004-03-18,2004-03-22,5,1.751,38.436,38.204,32
390,2004-03-25,2004-04-11,18,33.33,42.208,39.51,34
390,2004-09-14,2004-10-22,39,28.042,32.083,31.842,38
390,2005-04-09,2005-04-14,6,6.332,46.206,45.622,42
391,1980-05-15,1980-05-22,8,72.877,225.005,219.35,2
391,1981-09-27,1982-01-23,119,3721.596,20.91,10.768,6
391,1982-04-09,1982-06-22,75,10187.913,77.929,18.663,8
391,1983-05-21,1983-06-07,18,465.588,230.181,220.053,10
391,1984-05-13,1984-06-20,39,1359.502,224.136,196.965,12
391,1984-09-29,1985-03-27,180,3572.813,32.202,27.573,14
391,1985-10-12,1986-02-22,134,4202.122,20.599,3.179,16
391,1986-05-13,1986-05-30,18,404.508,216.021,194.406,18
391,1986-08-15,1986-09-23,40,1995.024,97.253,60.638,20
391,1986-09-25,1987-02-26,155,2004.431,39.287,0.469,22
391,1988-07-12,1989-03-08,240,8035.143,61.958,1.36,36
391,1989-10-02,1989-11-20,50,508.086,41.796,28.007,40
391,1990-12-26,1991-03-15,80,439.917,46.459,41.992,42
391,1991-07-24,1992-01-20,181,7854.091,52.829,0.468,46
391,1992-06-07,1993-02-25,264,18117.995,53.291,9.273,48
391,1994-07-07,1995-02-21,230,8211.988,67.593,18.703,50
391,1996-04-15,1996-06-19,66,1604.163,198.187,125.456,54
391,1997-04-11,1997-06-20,71,5071.659,143.244,69.916,56
391,1999-04-16,1999-05-26,41,949.361,170.264,117.661,58
391,2000-10-09,2000-10-18,10,62.033,45.754,39.931,62
391,2001-08-22,2001-09-23,33,673.124,114.807,74.034,66
391,2002-09-12,2002-09-16,5,44.425,104.292,96.272,70
391,2002-09-19,2002-09-23,5,59.271,74.29,66.336,72
391,2002-09-26,2002-11-14,50,1776.332,17.105,0,74
391,2004-09-24,2004-12-16,84,2787.712,19.252,0,78
391,2005-09-30,2005-11-09,41,272.417,45.478,35.231,80
391,2005-12-02,2005-12-27,26,46.445,50.171,48.55,82
391,2006-04-16,2006-05-25,40,1346.145,158.482,117.033,84
391,2010-10-10,2010-11-11,33,155.955,47.232,42.971,86
391,2010-11-15,2010-11-20,6,2.145,51.6,51.045,88
391,2011-05-14,2011-06-09,27,307.908,238.368,225.732,90
391,2012-10-22,2012-11-20,30,221.841,44.563,37.34,94
391,2013-09-05,2013-09-09,5,8.352,137.733,137.475,98
391,2015-10-04,2015-11-07,35,142.722,47.88,45.67,100
391,2016-10-04,2016-12-04,62,307.37,47,36.414,102
391,2017-05-07,2017-06-02,27,623.452,210.96,189.909,104
391,2018-10-09,2018-10-31,23,24.462,50.894,49.479,108
392,1982-04-17,1982-04-27,11,27.131,14.083,12.451,4
392,1983-03-12,1983-04-29,49,466.808,6.333,2.776,6
392,1985-07-29,1985-09-08,42,29.932,5.723,3.687,8
392,1987-09-26,1987-09-30,5,0.366,2.602,2.568,12
392,1988-09-03,1988-09-29,27,15.121,2.883,2.547,16
392,1989-09-11,1989-09-16,6,1.32,3.497,3.353,20
392,1990-08-21,1990-10-25,66,77.273,2.149,0.922,24
392,1991-08-24,1991-10-07,45,61.957,2.322,1.235,26
392,1992-06-25,1992-10-13,111,284.163,4.074,0.575,30
392,1994-07-24,1994-10-05,74,158.733,3.253,1.139,34
392,1997-02-18,1997-04-27,69,463.448,8.269,5.602,36
392,1999-03-16,1999-04-23,39,221.234,10.201,7.561,38
392,2001-07-25,2001-10-23,91,224.203,2.218,0.192,42
392,2002-08-29,2002-10-21,54,47.796,2.193,1.46,46
392,2006-02-20,2006-04-13,53,283.906,9.334,4.812,48
392,2007-07-10,2007-10-07,90,280.234,3.012,0.529,52
392,2008-02-29,2008-04-26,58,95.344,13.787,11.256,54
392,2008-08-16,2008-10-20,66,127.859,1.659,0.35,56
392,2013-08-07,2013-10-02,57,161.142,1.915,0.825,60
392,2014-07-07,2014-10-03,89,217.48,4.04,1.67,62
392,2015-07-31,2015-09-30,62,156.452,2.698,1.017,66
392,2017-03-02,2017-03-30,29,132.215,10.096,6.391,68
392,2019-03-12,2019-04-11,31,172.217,9.929,6.944,70
393,2001-09-11,2001-10-09,29,118.148,379.222,375.216,4
393,2001-10-26,2003-05-31,583,30513.219,366.634,290.777,8
394,1987-08-15,1987-08-19,5,38.587,182.289,174.961,6
394,1987-08-22,1987-08-26,5,45.097,158.559,153.601,8
394,1988-04-29,1988-06-01,34,568.264,201.702,169.891,14
394,1988-07-03,1988-08-25,54,1590.476,197.895,153.153,18
394,1991-04-30,1991-06-15,47,1367.721,201.906,163.269,20
394,1991-06-24,1991-09-09,78,3167.458,175.232,92.958,22
394,1991-09-12,1993-05-14,611,51530.635,39.014,0,24
394,1994-06-30,1995-04-01,276,15395.559,64.184,17.15,26
394,1997-04-13,1997-04-21,9,146.496,109.117,100.985,28
394,2001-05-24,2002-04-14,326,16994.211,83.099,41.246,32
394,2002-04-23,2002-04-27,5,47.736,149.335,143.418,36
394,2013-07-17,2013-08-26,41,864.985,193.809,144.38,52
394,2013-08-28,2013-09-02,6,21.134,139.836,137.28,54
396,1982-04-05,1982-05-27,53,8697.142,236.968,151.594,2
396,1990-09-18,1990-12-05,79,6270.494,54.568,6.814,4
396,1994-09-22,1994-11-08,48,2555.395,75.404,28.387,6
396,1996-04-15,1996-05-19,35,4379.789,278.19,191.585,8
396,1997-03-21,1997-05-18,59,14547.317,153.173,47.549,10
396,2001-07-25,2001-08-05,12,124.715,242.387,233.812,14
396,2001-09-28,2001-10-23,26,401.913,112.741,98.789,18
396,2002-08-28,2002-10-23,57,2015.061,110.173,92.43,22
396,2003-07-27,2003-11-28,125,7326.348,102.923,57.643,24
396,2004-05-22,2004-06-10,20,2411.726,257.137,204.681,26
396,2007-08-05,2007-11-20,108,9530.879,67.13,20.633,28
396,2011-04-21,2011-05-27,37,5364.865,255.362,143.45,30
396,2012-10-20,2012-11-02,14,66.243,118.836,114.918,34
396,2013-08-16,2013-10-09,55,3149.405,105.686,64.968,36
396,2014-04-27,2014-05-07,11,218.952,385.513,369.659,38
396,2016-09-12,2016-10-28,47,889.545,114.746,92.079,42
396,2017-03-27,2017-05-17,52,8798.985,232.383,110.234,44
398,1982-05-07,1982-06-24,49,1088.013,55.418,41.45,2
398,1985-09-25,1985-12-01,68,206.634,43.387,40.229,4
398,1988-09-11,1989-06-13,276,3781.157,36.696,31.401,6
398,2001-06-19,2002-06-20,367,4986.821,43.495,27.557,12
398,2003-04-30,2003-06-08,40,733.829,50.482,36.544,14
398,2004-05-27,2004-06-11,16,88.595,77.113,73.197,16
398,2008-05-13,2008-05-31,19,134.034,66.001,54.834,18
398,2011-05-28,2011-06-01,5,5.266,78.552,77.272,24
398,2016-09-14,2016-09-26,13,20.688,44.834,43.77,28
398,2016-10-02,2016-12-03,63,480.235,38.803,29.513,30
399,1980-04-01,1980-04-22,22,130.553,26.178,21.648,1
399,1980-12-16,1981-03-17,92,498.789,23.037,21.968,3
399,1981-12-24,1982-03-27,94,464.788,24.475,23.621,5
399,1982-05-11,1982-06-19,40,288.885,19.116,14.691,7
399,1984-02-12,1984-04-01,50,89.136,30.435,30.263,9
399,1986-05-24,1986-05-28,5,2.422,26.746,26.174,11
399,1987-09-19,1987-10-18,30,50.05,11.018,6.611,13
399,1989-05-06,1989-05-10,5,2.956,29.053,28.567,15
399,1990-05-27,1990-06-07,12,10.035,25.197,24.213,17
399,1992-03-04,1992-03-15,12,1.369,32.484,32.484,19
399,1992-05-11,1992-05-21,11,27.211,26.017,24.558,21
399,1994-06-05,1994-06-15,11,16.692,23.085,21.945,25
399,1996-05-13,1996-05-20,8,12.539,26.808,26.055,27
399,1999-04-13,1999-05-28,46,78,28.151,24.309,31
399,2000-05-14,2000-05-23,10,27.221,25.364,24.327,33
399,2001-05-29,2001-06-17,20,25.593,23.803,22.807,37
399,2001-08-25,2001-10-22,59,367.697,6.535,4.677,39
399,2002-05-16,2002-05-20,5,8.033,26.9,26.255,41
399,2002-05-24,2002-06-01,9,19.154,24.703,23.094,43
399,2002-09-11,2002-10-19,39,162.394,8.48,7.545,45
399,2003-05-08,2003-06-01,25,73.058,25.086,21.212,49
399,2004-05-28,2004-06-20,24,68.145,21.847,19.179,51
399,2005-04-06,2005-05-12,37,54.382,29.664,26.283,53
399,2006-05-02,2006-05-27,26,32.441,27.587,26.544,57
399,2006-05-31,2006-06-04,5,6.375,24.822,24.378,59
399,2006-09-06,2007-03-17,193,1878.933,11.765,4.623,61
399,2007-05-31,2007-06-12,13,21.419,23.682,22.615,63
399,2007-09-15,2007-10-02,18,16.101,11.485,11.413,65
399,2008-05-14,2008-05-19,6,10.139,26.817,26.363,69
399,2011-04-28,2011-05-27,30,62.58,26.999,23.817,71
399,2012-05-12,2012-05-29,18,22.22,26.554,25.565,73
399,2016-08-30,2016-10-02,34,86.264,9.965,8.642,75
411,1988-08-20,1988-10-24,66,3118.27,78.892,34.248,6
411,1989-01-15,1989-01-19,5,94.786,981.752,964.515,12
411,1989-01-22,1989-03-08,46,2458.935,1230.363,1027.394,14
411,1989-09-14,1989-10-11,28,638.387,63.708,32.846,16
411,1990-07-19,1990-09-25,69,5482.225,213.082,1.379,20
411,1990-10-02,1990-10-16,15,143.476,72.417,62.65,22
411,1992-05-15,1992-07-07,54,3568.567,1014.279,749.35,26
411,1992-07-10,1992-07-14,5,177.924,673.642,643.329,28
411,1992-07-17,1992-07-21,5,175.602,586.983,562.638,30
411,1992-07-23,1992-09-01,41,2694.05,286.543,130.92,32
411,1993-01-29,1993-03-03,34,1305.567,1260.359,1105.182,38
411,1994-07-24,1994-08-12,20,777.067,416.304,341.768,46
411,1994-09-14,1994-10-05,22,699.354,56.466,21.533,50
411,1997-03-12,1997-04-29,49,5603.165,1411.724,1315.39,52
411,2001-08-14,2001-10-13,61,2672.013,106.374,52.295,58
411,2002-01-29,2002-02-03,6,99.197,1148.911,1130.123,62
411,2002-02-05,2002-02-10,6,178.711,1210.868,1190.226,64
411,2002-02-12,2002-03-08,25,773.226,1353.769,1247.784,66
411,2002-07-18,2002-07-22,5,173.849,587.334,561.185,72
411,2002-07-25,2002-07-29,5,145.269,508.687,486.661,74
411,2002-08-08,2002-08-12,5,151.514,351.857,329.823,78
411,2002-08-14,2002-09-16,34,1534.36,158.668,99.357,80
411,2002-09-18,2002-09-23,6,14.193,91.205,89.445,82
411,2002-09-27,2002-10-11,15,98.273,71.741,68.147,84
411,2003-01-29,2003-02-02,5,148.191,1135.805,1116.032,90
411,2003-02-05,2003-03-09,33,983.373,1326.91,1187.556,92
411,2003-06-19,2003-10-16,120,10543.655,298.423,43.718,100
411,2003-12-24,2003-12-29,6,164.293,708.78,693.91,104
411,2004-01-01,2004-03-31,91,11080.541,1138.45,758.365,106
411,2004-04-24,2004-05-26,33,2254.42,1326.686,1191.371,110
411,2004-07-17,2004-07-21,5,176.404,586.823,557.277,116
411,2004-07-23,2004-09-26,66,3595.738,207.899,59.929,118
411,2007-07-31,2007-10-08,70,4943.474,136.253,26.904,128
411,2008-01-22,2008-01-27,6,124.47,1064.327,1047.513,132
411,2008-01-29,2008-03-16,48,2618.473,1297.417,1099.535,134
411,2013-08-15,2013-10-01,48,2158.506,119.623,63.202,148
411,2016-01-29,2016-02-03,6,173.239,1136.571,1112.941,166
411,2016-02-05,2016-03-08,33,1291.933,1317.56,1173.184,168
413,1988-08-17,1988-08-25,9,9.994,108.342,107.343,6
413,1988-09-27,1988-10-17,21,108.757,29.372,17.713,8
413,1989-03-26,1989-04-05,11,97.711,48.812,41.618,10
413,1989-06-19,1989-07-04,16,52.313,106.182,104.038,16
413,1989-07-06,1989-07-10,5,4.174,108.617,108.069,18
413,1989-07-22,1989-08-26,36,278.396,101.719,89.541,22
413,1989-08-29,1989-09-02,5,12.102,101.2,99.695,24
413,1990-03-19,1990-03-29,11,56.178,39.6,36.868,26
413,1990-09-13,1990-10-14,32,462.768,36.698,16.263,36
413,1991-03-26,1991-04-05,11,43.689,53.723,48.901,40
413,1992-08-14,1992-10-07,55,1483.725,52.835,21.41,42
413,1993-03-26,1993-03-31,6,1.853,52.662,52.017,44
413,1993-04-02,1993-04-07,6,34.338,60.238,55.018,46
413,1993-04-09,1993-05-02,24,148.629,87.127,67.361,48
413,1994-08-28,1994-09-30,34,662.263,58.776,40.311,52
413,1995-10-20,1996-01-17,90,1616.999,3.576,0,54
413,2001-08-22,2001-09-02,12,51.433,101.764,93.851,58
413,2001-09-04,2001-09-09,6,42.411,84.702,82.348,60
413,2002-08-20,2002-08-26,7,15.429,107.248,105.77,64
413,2002-08-29,2002-09-02,5,5.256,102.569,101.784,66
413,2003-03-26,2003-04-04,10,59.881,50.88,44.544,68
413,2004-03-25,2004-04-03,10,42.598,52.608,48.384,72
413,2004-10-12,2004-12-11,61,96.402,20.167,17.114,76
413,2004-12-23,2005-01-07,16,6.874,21.113,20.777,84
413,2005-03-12,2005-04-19,39,861.903,34.796,21.889,94
413,2007-09-06,2007-09-23,18,136.907,69.536,56.709,100
413,2008-03-25,2008-04-03,10,66.901,50.178,45.439,104
413,2012-06-02,2012-06-07,6,16.431,106.714,100.674,114
413,2012-06-22,2012-07-01,10,9.198,108.532,107.055,116
413,2012-07-29,2012-08-06,9,7.824,108.583,107.779,120
413,2012-08-19,2012-08-24,6,7.58,108.189,107.49,122
413,2013-05-25,2013-05-30,6,9.742,107.828,105.77,126
413,2013-06-02,2013-06-13,12,26.828,107.216,104.901,128
413,2013-06-18,2013-07-05,18,32.084,107.67,104.901,130
413,2013-07-20,2013-07-26,7,8.106,108.294,107.202,132
413,2013-09-19,2013-09-23,5,34.751,59.617,56.054,136
413,2013-09-26,2013-09-30,5,7.327,52.116,49.669,138
413,2014-06-13,2014-06-18,6,26.151,105.094,103.468,144
413,2017-05-01,2017-05-10,10,27.496,106.702,103.045,150
413,2017-06-01,2017-06-05,5,10.386,107.375,104.325,154
413,2017-06-08,2017-06-18,11,61.964,103.819,99.278,156
413,2018-07-07,2018-07-12,6,7.883,108.138,107.202,168
413,2019-06-20,2019-07-05,16,35.122,107.257,105.77,176
413,2019-08-22,2019-08-26,5,5.042,108.444,107.202,178
416,1992-09-09,1993-06-06,271,5484.526,254.252,225.238,2
416,2004-07-16,2004-10-10,87,1072.07,244.402,235.87,6
416,2005-04-18,2005-06-21,65,1166.928,268.335,253.093,8
416,2006-09-13,2006-10-01,19,29.325,250.36,249.392,10
416,2007-04-20,2007-04-28,9,35.246,288.148,286.7,12
416,2007-07-14,2008-05-27,319,8768.262,244.142,207.476,14
421,1982-03-22,1982-05-28,68,5095.918,272.178,227.069,2
421,1992-08-06,1992-10-20,76,1069.855,359.846,324.416,4
421,1992-10-22,1992-10-27,6,13.589,321.284,319.347,6
421,1993-02-19,1993-04-13,54,822.941,285.149,269.721,8
421,2003-02-07,2003-05-31,114,5324.206,276.99,248.362,16
421,2004-07-30,2004-10-13,76,1750.972,358.002,332.354,18
421,2006-08-01,2006-10-20,81,2424.868,347.167,329.451,20
421,2007-08-10,2008-05-23,288,14345.231,268.045,226.928,22
423,1985-05-03,1986-06-07,401,39264.68,43.442,28.918,2
423,1986-07-14,1989-06-02,1055,98116.073,48.244,29.125,4
423,1990-02-28,1990-04-28,60,451.575,134.255,128.969,6
423,1990-05-24,1990-05-29,6,5.82,141.244,140.998,8
423,1991-02-26,1991-04-26,60,786.824,128.643,121.08,10
423,1991-05-05,1991-05-19,15,40.975,139.457,137.605,12
423,1992-04-09,1992-05-15,37,541.528,127.466,116.515,14
423,1993-03-07,1993-05-17,72,963.575,128.538,117.109,16
423,1995-03-04,1995-03-13,10,38.002,137.699,134.455,18
423,1995-04-04,1995-06-04,62,1296.285,121.208,106.663,20
423,1996-03-07,1996-04-17,42,509.115,129.658,121.546,22
423,1996-04-25,1996-05-18,24,169.897,135.087,128.291,24
423,1997-03-04,1997-03-24,21,231.414,130.56,123.141,26
423,1998-03-14,1998-03-29,16,138.219,133.054,126.942,28
423,1999-04-16,1999-04-20,5,4.144,141.212,140.59,30
423,2000-03-18,2000-04-22,36,314.578,133.148,128.098,32
423,2001-02-07,2001-04-03,56,916.736,125.087,117.245,34
423,2001-05-02,2001-05-17,16,149.2,132.854,126.465,36
423,2008-02-23,2008-05-05,73,891.689,129.574,121.92,40
423,2009-03-12,2009-04-17,37,197.037,136.479,133.516,42
423,2010-03-12,2010-04-19,39,131.379,138.448,137.503,44
423,2011-05-05,2011-05-16,12,72.978,136.103,133.22,46
423,2011-06-03,2011-06-13,11,162.07,127.451,115.56,48
423,2012-03-10,2012-03-25,16,59.399,137.936,136.1,50
423,2014-04-07,2014-04-13,7,15.069,139.794,138.858,52
423,2017-05-05,2017-05-10,6,37.184,135.976,133.904,54
423,2019-03-06,2019-04-20,46,654.238,127.556,116.68,56
430,1988-09-22,1988-12-29,99,72.8,13.494,12.943,3
430,1989-02-19,1989-03-09,19,18.174,15.91,15.426,5
430,1991-02-26,1991-03-03,6,0.509,16.907,16.811,7
430,1991-03-05,1991-05-21,78,165.559,19.832,17.325,9
430,1991-06-26,1993-03-30,644,5256.479,8.535,4.755,13
430,2004-03-11,2004-03-20,10,4.474,18.953,18.39,15
430,2014-03-12,2014-08-12,154,445.898,18.623,14.759,21
430,2014-09-17,2015-01-15,121,122.572,13.216,12.639,23
430,2015-02-26,2016-03-06,375,944.959,14.959,11.709,25
438,1984-01-23,1984-05-11,110,1910.667,35.436,20.599,2
438,1987-05-14,1987-05-18,5,1.69,84.974,84.636,4
438,1987-06-27,1987-07-01,5,4.912,80.438,79.677,10
438,1987-07-04,1987-07-08,5,6.415,76.999,75.94,12
438,1988-03-25,1988-08-11,140,743.296,70.025,49.969,16
438,1988-08-14,1988-08-18,5,4.986,47.566,46.466,18
438,1988-09-20,1988-11-11,53,79.012,31.077,30.137,20
438,1990-09-18,1990-11-02,46,67.5,31.101,29.971,24
438,1991-03-26,1991-03-30,5,3.551,58.116,57.389,26
438,1991-04-02,1991-05-10,39,145.175,70.362,59.903,28
438,1992-04-15,1993-03-10,330,8133.44,24.892,2.254,32
438,1993-03-12,1993-03-27,16,220.538,37.454,22.959,34
438,1996-04-22,1996-05-02,11,28.883,76.04,74.386,42
438,1997-03-28,1997-04-28,32,261.367,60.805,56.197,44
438,2000-06-25,2000-09-01,69,494.466,53.705,33.351,48
438,2000-09-05,2001-02-17,166,1000.161,26.543,22.047,50
438,2001-03-05,2001-03-31,27,147.336,44.265,36.026,54
438,2002-07-24,2002-07-29,6,16.804,62.558,60.855,60
438,2002-07-31,2002-08-05,6,10.766,58.296,57.05,62
438,2003-06-16,2003-07-22,37,92.668,75.589,65.999,66
438,2003-07-24,2003-07-29,6,11.43,63.454,62.096,68
438,2003-09-09,2003-12-31,114,505.153,28.137,24.536,72
438,2008-03-18,2008-03-28,11,28.282,52.63,48.61,78
438,2008-04-01,2008-04-06,6,9.719,62.563,61.345,80
438,2008-04-08,2008-04-12,5,10.588,67.006,65.466,82
438,2011-05-01,2011-05-13,13,51.3,78.224,73.881,86
438,2013-06-13,2013-07-15,33,71.603,78.287,71.116,90
438,2013-07-17,2013-07-22,6,8.054,68.85,67.518,92
449,1982-04-06,1982-05-07,32,516.029,27.285,18.322,2
449,1984-01-22,1984-03-14,53,351.333,25.122,17.921,18
449,1984-03-18,1984-05-13,57,237.469,38.99,33.499,20
449,1986-03-14,1986-05-04,52,541.78,32.371,29.119,28
449,1988-08-22,1988-10-06,46,145.971,11.234,8.247,32
449,1990-09-14,1990-10-12,29,45.145,10.987,10.015,38
449,1992-09-12,1992-11-26,76,328.671,8.173,4.276,40
449,1993-01-15,1993-03-28,73,392.599,27.139,19.837,44
449,1996-03-19,1996-04-08,21,47.368,40.549,37.888,48
449,1997-03-08,1997-05-13,67,596.927,33.585,28.312,50
449,2000-08-22,2000-09-01,11,19.633,16.448,14.879,54
449,2000-09-17,2000-10-15,29,38.906,11.107,10.375,60
449,2003-09-22,2003-10-21,30,76.493,9.899,8.632,62
449,2011-04-12,2011-05-13,32,165.151,38.25,31.808,64
449,2012-07-09,2012-11-15,130,831.24,11.787,5.32,68
449,2013-01-29,2013-05-21,113,500.626,34.495,24.587,72
449,2013-06-06,2013-06-17,12,9.812,41.728,40.602,74
449,2013-06-19,2013-10-14,118,366.622,20.197,10.217,76
449,2014-02-19,2014-04-07,48,82.647,37.522,32.494,82
449,2017-03-11,2017-03-30,20,59.567,38.214,36.027,86
449,2018-09-26,2018-10-15,20,26.082,11.145,9.878,88
449,2019-02-12,2019-04-08,56,167.892,35.317,29.766,92
451,1980-04-01,1980-06-04,65,21469.722,2989.911,2777.775,1
451,1982-02-22,1982-05-23,91,2975.929,3281.658,3254.261,3
451,2002-10-26,2003-05-12,199,8503.162,3253.614,3214.52,5
451,2003-05-21,2004-08-06,444,26524.659,3243.968,3196.334,7
456,1980-04-01,1980-04-25,25,109.025,25.2,22.083,1
456,1982-05-14,1982-05-18,5,8.813,40.219,40.05,19
456,1982-05-20,1982-05-24,5,5.688,42.214,41.848,21
456,1984-04-22,1984-05-15,24,142.977,32.009,28.438,31
456,1986-04-09,1986-05-29,51,412.679,29.125,25.785,37
456,1988-12-01,1989-01-01,32,47.36,23.573,22.289,43
456,1990-10-18,1990-12-28,72,215.928,22.054,18.907,45
456,1992-07-30,1992-12-10,134,547.237,22.803,17.182,51
456,1994-10-11,1994-12-14,65,190.555,22.122,19.17,53
456,1996-05-06,1996-05-10,5,2.113,39.482,39.12,55
456,1997-04-23,1997-05-19,27,92.692,34.98,33.077,57
456,2000-12-04,2001-03-07,94,103.324,23.954,23.404,59
456,2001-06-18,2002-01-24,221,1211.978,24.374,14.046,63
456,2002-07-24,2002-07-29,6,5.743,39.571,38.658,69
456,2002-07-31,2002-08-05,6,6.57,37.112,36.124,71
456,2002-08-07,2002-08-12,6,6.992,34.412,33.417,73
456,2002-08-14,2002-08-19,6,5.955,31.683,30.667,75
456,2002-08-22,2002-08-26,5,4.195,28.706,27.973,77
456,2002-09-04,2002-09-23,20,8.163,24.645,24.328,81
456,2011-04-13,2011-05-26,44,323.164,30.152,24.407,83
456,2012-10-09,2012-10-23,15,10.886,24.328,23.743,87
456,2013-09-04,2013-10-28,55,133.816,22.62,20.391,95
456,2017-04-23,2017-05-12,20,65.778,33.979,33.162,97
456,2018-09-17,2018-10-22,36,63.244,23.297,22,99
473,1989-09-12,1989-09-30,19,0.969,1.552,1.516,340
473,1989-10-02,1989-10-06,5,0.256,1.552,1.546,342
473,1989-10-16,1989-11-02,18,1.438,1.523,1.518,346
473,1993-08-31,1993-11-03,65,10.041,1.465,1.411,423
473,1994-07-06,1994-10-23,110,202.223,0.992,0.377,429
473,2002-07-03,2002-09-25,85,115.365,2,1.457,439
473,2014-07-24,2014-08-22,30,16.467,3.013,2.141,443
473,2018-07-26,2019-07-08,348,1760.05,0.341,0,445
473,2019-07-13,2019-10-07,87,80.435,1.88,1.103,447
477,2002-08-08,2002-09-23,47,195.15,73.434,67.76,4
477,2003-08-17,2004-05-27,285,3245.928,69.16,54.02,6
477,2007-07-20,2007-11-19,123,1373.665,63.119,57.344,8
477,2008-03-28,2008-06-09,74,836.767,91.2,81.904,10
481,1981-08-23,1981-09-09,18,40.228,56.23,51.756,32
481,1981-09-11,1981-09-16,6,3.492,50.753,50.047,34
481,1989-07-17,1989-09-27,73,798.923,52.113,33.731,38
481,1994-07-18,1994-09-09,54,291.268,62.309,52.415,40
481,1996-08-22,1996-09-05,15,24.051,57.511,54.314,50
481,2004-03-19,2004-04-19,32,90.469,69.41,64.476,52
481,2007-01-08,2007-01-26,19,63.035,29.68,27.7,62
481,2007-07-03,2007-12-12,163,2007.359,37.149,16.789,68
481,2007-12-14,2008-05-28,167,2430.737,42.463,20.937,70
488,1980-04-01,1980-05-27,57,3234.47,103.534,77.634,1
488,1983-03-29,1983-05-01,34,94.079,157.513,155.581,3
488,1983-12-24,1984-05-14,143,2606.406,140.352,129.424,5
488,1985-01-08,1985-03-16,68,464.875,152.56,149.83,7
488,1989-06-05,1990-03-13,282,5549.276,120.97,90.426,9
488,1990-05-15,1991-03-23,313,6600.07,121.506,89.047,11
488,1991-05-16,1991-06-03,19,65.635,156.825,154.915,13
488,1991-10-18,1991-10-26,9,20.149,117.947,117.721,20
488,1991-10-28,1991-11-03,7,9.632,120.526,119.295,22
488,1992-01-08,1992-01-30,23,43.962,155.758,151.991,30
488,1992-06-08,1993-03-18,284,4825.403,123.746,93.582,32
488,1994-07-31,1995-02-14,199,1213.765,128.515,106.383,40
488,1997-04-14,1997-05-01,18,18.885,159.23,158.502,46
488,2002-07-18,2002-11-01,107,616.467,120.641,112.492,54
488,2002-12-17,2002-12-22,6,6.568,141.332,140.397,60
488,2002-12-24,2003-02-06,45,178.083,150.916,142.716,62
488,2004-01-15,2004-01-27,13,16.603,157.736,155.581,74
488,2004-08-14,2004-10-23,71,416.029,116.427,109.972,78
488,2007-09-04,2007-09-09,6,3.179,122.707,122.512,84
488,2007-09-19,2007-10-02,14,4.925,119.244,118.752,88
488,2011-04-02,2011-06-13,73,425.078,154.457,149.049,94
488,2017-02-24,2017-04-28,64,768.641,148.27,143.001,96
488,2018-09-25,2018-10-03,9,5.256,118.636,118.206,104
488,2019-01-15,2019-01-20,6,6.134,156.905,155.969,108
488,2019-01-22,2019-01-27,6,6.087,159.265,158.405,110
488,2019-04-18,2019-04-25,8,3.317,159.865,159.686,112
491,1984-04-02,1984-05-18,47,153.876,5.198,3.818,2
491,1985-02-19,1985-03-20,30,10.54,8,7.704,4
491,1985-09-06,1985-09-23,18,3.328,8.915,8.798,6
491,1985-11-12,1986-04-11,151,782.884,3.167,1.895,8
491,1986-04-29,1986-05-20,22,13.399,8.019,7.049,10
491,1992-07-06,1992-08-11,37,5.605,9.377,9.25,26
491,1999-11-13,2000-01-17,66,40.943,7.731,7.318,32
491,2008-09-26,2008-12-18,84,81.499,7.468,6.609,36
491,2009-11-24,2010-02-04,73,38.002,7.831,7.446,38
491,2011-04-08,2011-07-03,87,296.623,5.442,3.925,40
491,2013-07-18,2013-07-31,14,4.742,9.207,8.942,44
491,2014-10-04,2014-10-27,24,16.402,7.836,7.548,46
491,2017-09-27,2017-11-20,55,40.43,7.749,7.448,50
492,1982-04-16,1982-04-21,6,6.38,226.022,224.945,2
492,1982-04-23,1982-06-13,52,865.297,239.908,227.396,4
492,1990-01-17,1990-06-09,144,5238.927,195.471,168.592,20
492,1991-04-16,1991-05-25,40,677.57,225.604,216.345,22
492,2002-06-11,2003-05-29,353,33758.289,188.481,109.664,24
492,2004-08-19,2004-10-06,49,319.852,346.711,339.851,26
492,2013-04-23,2013-05-15,23,209.709,231.492,223.629,28
497,1980-05-03,1980-06-13,42,273.953,58.003,54.9,2
497,1981-09-26,1981-11-04,40,113.1,55.13,50.485,6
497,1982-03-22,1982-06-20,91,946.676,47.863,42.484,10
497,1984-04-15,1984-05-24,40,345.621,49.801,44.92,12
497,1986-05-14,1986-06-01,19,25.289,62.993,61.215,14
497,2002-05-07,2003-06-04,394,10314.848,29.308,9.119,18
497,2012-09-10,2012-10-20,41,102.827,60.228,55.207,22
497,2013-04-23,2013-04-28,6,3.797,54.511,54.167,26
497,2013-04-30,2013-05-04,5,4.087,56.784,55.957,28
500,1980-08-30,1980-10-20,52,90.797,32.045,30.425,2
500,1981-05-21,1981-05-25,5,1.594,25.679,25.452,4
500,1982-04-27,1982-06-19,54,424.573,18.066,14.084,6
500,1986-05-07,1986-05-26,20,38.911,22.905,21.873,10
500,1987-04-01,1987-04-18,18,6.471,20.795,20.558,12
500,1987-08-17,1988-01-29,166,539.241,25.095,19.342,14
500,1988-03-24,1988-06-04,73,331.405,18.672,15.649,16
500,1989-04-26,1989-06-01,37,166.937,19.949,17.829,22
500,1990-02-02,1990-06-06,125,475.039,18.612,17.412,28
500,1991-04-14,1991-06-01,49,269.702,18.185,15.266,30
500,1994-08-28,1995-05-29,275,1061.93,21.451,16.768,32
500,1996-09-04,1996-10-13,40,74.228,32.123,31.381,36
500,1997-03-19,1997-04-09,22,2.584,21.037,20.854,38
500,1997-04-23,1997-05-19,27,80.174,20.29,18.516,40
500,2001-04-07,2001-05-25,49,151.925,19.785,18.011,42
500,2002-04-04,2002-12-28,269,2141.34,21.21,18.226,44
500,2003-02-05,2003-05-30,115,289.49,19.614,16.669,46
500,2004-04-26,2004-05-22,27,40.678,22.337,20.605,48
500,2006-04-08,2006-05-24,47,120.948,20.282,18.317,50
500,2008-04-25,2008-06-01,38,148.134,20.632,19.025,52
500,2011-04-16,2011-06-06,52,236.943,19.621,17.654,56
500,2019-04-23,2019-06-04,43,57.327,23.15,21.037,60
502,1980-04-14,1980-06-12,60,1206.248,63.521,55.103,2
502,1983-04-23,1983-06-11,50,641.408,72.149,62.526,6
502,1984-04-08,1984-05-25,48,1111.122,55.386,41.977,8
502,1985-04-09,1985-04-14,6,3.374,68.917,68.643,10
502,1985-04-23,1985-05-03,11,12.02,75.652,75.183,14
502,1986-04-01,1986-06-13,74,1457.284,60.906,50.663,16
502,1987-04-30,1987-05-15,16,38.926,78.456,76.975,22
502,1988-04-29,1988-05-25,27,153.998,77.502,73.555,24
502,1990-04-16,1990-05-30,45,238.154,75.674,69.426,28
502,1991-04-23,1991-05-19,27,123.233,75.556,72.383,30
502,1993-05-07,1993-05-17,11,23.342,80.871,79.5,34
502,1995-04-30,1995-05-05,6,5.932,77.754,77.002,36
502,1995-05-07,1995-05-11,5,5.884,80.697,79.64,38
502,1996-04-18,1996-05-22,35,422.696,67.98,59.935,42
502,1997-05-03,1997-05-12,10,18.748,78.747,77.535,44
502,1998-04-21,1998-05-16,26,79.827,75.906,72.305,48
502,2000-10-30,2000-11-10,12,14.198,74.568,73.49,52
502,2001-03-26,2001-05-23,59,477.954,66.797,60.886,56
502,2002-06-30,2003-05-26,331,6215.993,57.574,44.333,64
502,2011-04-23,2011-06-01,40,512.868,70.117,62.434,70
502,2018-09-13,2018-10-21,39,125.405,87.139,81.575,80
502,2019-03-26,2019-05-08,44,336.835,63.962,59.544,84
505,1982-02-27,1982-03-06,8,0.964,6.383,6.288,2
505,1983-03-22,1983-03-27,6,0.888,6.355,6.246,4
505,1988-03-14,1988-03-26,13,3.225,6.255,6.029,8
505,1988-04-29,1988-06-13,46,95.005,7.764,5.689,10
505,1989-03-02,1989-04-01,31,11.031,6.147,5.921,12
505,1989-04-16,1989-04-28,13,7.903,6.911,6.637,16
505,1990-05-14,1990-05-29,16,5.429,9.551,9.12,24
505,1991-06-04,1991-06-22,19,9.657,10.385,10.175,26
505,1991-07-31,1991-10-12,74,231.549,4.608,2.595,28
505,1992-07-14,1992-11-27,137,465.204,4.25,2.34,32
505,1993-05-28,1993-06-01,5,0.809,10.257,10.131,36
505,1993-11-03,1993-11-09,7,0.616,6.415,6.324,38
505,1994-04-23,1994-05-04,12,5.388,7.687,7.371,40
505,1994-07-13,1994-07-29,17,16.749,9.667,8.997,42
505,1994-08-01,1994-08-05,5,2.758,9.515,9.399,44
505,1995-04-16,1995-05-12,27,24.039,7.242,6.401,48
505,1996-04-29,1996-06-05,38,32.737,8.757,8.129,52
505,1996-10-19,1996-11-07,20,12.038,5.901,5.334,54
505,1997-02-13,1997-02-23,11,3.074,6.224,5.932,56
505,1997-04-23,1997-04-28,6,2.198,7.51,7.31,60
505,1997-05-07,1997-05-19,13,6.445,8.816,8.5,64
505,1998-02-25,1998-03-08,12,5.105,6.078,5.713,68
505,1999-03-01,1999-03-28,28,26.687,5.55,4.886,70
505,1999-09-11,2000-01-08,120,220.071,4.672,3.744,74
505,2000-03-18,2000-03-22,5,0.256,6.452,6.401,76
505,2000-09-11,2000-09-26,16,8.681,5.979,5.422,80
505,2000-10-18,2000-11-18,32,29.986,5.566,4.814,82
505,2001-04-23,2001-05-18,26,29.067,7.578,7.287,84
505,2002-04-30,2002-06-06,38,103.282,6.901,5.311,86
505,2010-11-15,2010-12-04,20,5.073,6.25,5.974,94
505,2017-04-23,2017-04-28,6,1.178,7.68,7.528,102
505,2018-04-09,2018-04-13,5,1.455,6.227,6.084,108
505,2018-06-03,2018-06-09,7,2.772,10.281,10.11,110
505,2019-05-17,2019-06-06,21,7.984,9.797,9.117,112
509,1981-07-06,1982-06-07,337,4612.562,205.202,178.267,4
509,1995-05-31,1995-06-13,14,47.518,225.331,222.878,6
509,2002-06-11,2003-06-02,357,14395.492,179.629,148.483,12
509,2013-04-16,2013-05-18,33,193.199,206.027,202.882,14
511,1982-01-08,1982-02-02,26,11.313,24.543,23.878,4
511,1982-03-07,1982-03-29,23,7.055,27.536,27.177,8
511,1982-04-01,1982-05-12,42,18.643,27.462,27.018,10
511,1989-04-27,1989-05-26,30,35.542,26.189,25.031,16
511,1991-05-22,1991-06-02,12,11.403,25.69,25.371,22
511,1992-05-09,1992-06-02,25,16.184,26.275,25.507,24
511,1993-05-31,1993-06-17,18,12.956,25.225,24.786,28
511,1994-05-12,1994-05-27,16,26.347,25.415,24.888,32
511,1995-12-08,1996-03-12,96,95.864,24.121,20.656,34
511,1996-04-16,1996-05-12,27,37.709,26.374,25.005,36
511,1996-05-15,1996-05-26,12,11.155,26.045,24.99,38
511,2000-05-08,2000-05-18,11,10.487,26.355,25.98,46
511,2003-08-15,2003-08-26,12,2.661,20.871,20.806,48
511,2003-08-28,2003-09-08,12,4.957,20.212,19.9,50
511,2003-09-11,2003-10-04,24,8.644,20.265,20.14,52
511,2004-04-12,2004-04-24,13,6.242,27.541,27.112,54
511,2004-05-12,2004-06-23,43,33.144,25.452,24.026,58
511,2004-07-19,2004-08-20,33,52.861,20.392,20.039,60
511,2004-09-05,2004-09-12,8,0.344,20.582,20.542,64
511,2004-09-15,2004-11-04,51,17.694,20.278,20.076,66
511,2004-11-10,2005-01-06,58,28.049,21.672,20.064,68
511,2006-05-26,2006-06-12,18,18.161,25.221,24.478,74
511,2006-09-28,2006-10-21,24,7.004,20.333,20.127,76
511,2006-10-28,2006-11-03,7,3.097,20.183,19.699,78
511,2007-10-14,2007-10-21,8,1.733,20.408,20.102,80
511,2007-11-19,2008-01-03,46,35.489,21.502,20.303,82
511,2008-03-19,2008-04-05,18,5.33,27.751,27.628,88
511,2008-04-11,2008-05-13,33,64.485,25.848,22.409,90
511,2013-06-21,2013-08-10,51,60.5,22.156,20.432,92
517,1980-04-10,1980-05-25,46,206.68,68.21,64.698,2
517,1984-04-15,1984-05-20,36,262.201,65.426,60.503,6
517,1986-04-09,1986-06-06,59,436.871,66.532,62.379,8
517,1987-04-16,1987-04-27,12,10.028,68.792,68.295,10
517,1988-04-22,1988-05-18,27,123.022,68.809,67.669,14
517,1993-04-16,1993-06-15,61,515.298,67.555,60.728,18
517,1996-03-11,1996-06-05,87,1528.412,53.049,40.006,20
517,1998-04-09,1998-05-24,46,343.495,64.759,60.76,24
517,2002-07-18,2003-05-26,313,3437.653,62.477,56.87,26
517,2008-04-22,2008-05-28,37,141.722,70.883,67.926,28
517,2011-05-03,2011-06-02,31,123.974,72.523,70.846,30
517,2012-09-17,2012-10-20,34,81.078,81.977,80.347,34
517,2018-09-20,2018-11-11,53,231.698,77.228,74.937,36
519,1982-05-14,1982-05-30,17,26.042,61.54,59.864,2
519,1995-05-04,1995-06-17,45,730.409,48.446,39.575,6
519,2002-08-20,2003-01-14,148,2398.87,65.502,54.556,10
519,2003-03-19,2003-06-04,78,996.158,41.852,31.939,12
519,2008-04-22,2008-05-31,40,242.251,53.279,48.735,14
519,2012-09-09,2013-01-21,135,1113.887,69.762,52.622,18
519,2013-02-20,2013-06-05,106,1146.582,41.637,33.105,22
519,2014-05-02,2014-05-30,29,230.332,52.629,47.16,24
519,2019-05-07,2019-06-15,40,292.218,57.651,52.813,28
522,1982-05-07,1982-06-18,43,162.494,59.791,57.383,2
522,1986-08-28,1986-11-18,83,543.048,53.306,47.926,4
522,1987-09-25,1987-10-21,27,58.641,57.628,55.667,6
522,1993-05-10,1993-06-07,29,104.179,59.879,57.195,8
522,1999-02-05,1999-02-10,6,0.45,57.736,57.712,10
522,1999-02-26,1999-03-15,18,5.22,58.895,58.684,14
522,2000-12-24,2001-01-26,34,23.264,56.337,55.598,16
522,2002-05-19,2002-11-27,193,3626.665,42.927,28.537,20
522,2003-02-12,2003-04-12,60,118.812,57.642,56.006,22
522,2013-01-12,2013-05-03,112,320.541,56.599,53.922,24
529,1997-03-19,1997-06-11,85,13.254,0.035,0.035,2
529,1997-07-14,1997-07-19,6,0.221,0.209,0.186,4
529,2002-08-28,2004-05-18,630,42.941,0.011,0.01,10
529,2004-06-23,2004-07-18,26,5.078,0.072,0.016,12
529,2004-07-21,2004-09-20,62,5.184,0.027,0.012,14
529,2004-09-24,2004-11-10,48,0.133,0.011,0.009,16
529,2015-08-12,2015-09-09,29,0.938,0.056,0.027,18
536,1980-04-26,1980-06-05,41,255.681,61.256,57.49,2
536,1981-03-09,1981-04-11,34,7.249,61.842,61.57,4
536,1981-10-06,1982-06-25,263,3459.771,50.795,28.842,6
536,1983-04-10,1983-06-16,68,884.217,54.314,46.935,8
536,1984-03-23,1984-05-25,64,893.699,49.735,39.955,10
536,1985-04-06,1985-05-10,35,116.308,59.041,57.05,12
536,1985-05-14,1985-05-19,6,6.836,66.371,65.714,14
536,1985-05-21,1985-05-25,5,6.147,68.841,68.03,16
536,1986-04-19,1986-05-03,15,20.365,60.697,59.729,18
536,1993-05-07,1993-05-28,22,81.227,63.98,62.539,24
536,1995-05-07,1995-06-16,41,541.126,57.585,50.526,26
536,1997-03-28,1997-05-12,46,71.691,60.849,59.335,28
536,2002-07-01,2003-05-28,332,3917.258,54.052,48.167,32
536,2012-08-21,2012-08-25,5,3.547,74.111,73.682,36
536,2019-06-01,2019-06-08,8,15.032,71.82,71.163,40
541,1980-04-15,1980-05-01,17,237.368,420.426,412.14,2
541,1981-05-21,1981-06-02,13,97.124,463.531,458.324,4
541,1982-02-21,1982-05-29,98,9501.441,317.089,262.441,6
541,1984-03-16,1984-05-17,63,7808.324,299.548,249.105,8
541,1985-04-24,1985-05-02,9,50.62,434.046,430.849,14
541,1987-04-01,1987-04-27,27,829.443,389.549,372.879,16
541,1997-04-06,1997-05-09,34,1189.278,396.616,368.396,18
541,2002-07-25,2002-11-24,123,5000.769,371.835,324.176,20
541,2003-03-05,2003-05-28,85,3700.373,377.938,362.322,22
541,2005-05-07,2005-05-21,15,182.355,446.308,441.009,24
541,2013-04-16,2013-05-25,40,825.9,427.287,415.416,26
541,2013-08-21,2013-09-22,33,263.233,430.552,417.143,32
541,2018-08-10,2019-05-05,269,12018.738,332.888,303.052,34
572,1980-04-01,1980-04-30,30,30.896,2.516,0.551,1
572,1996-09-12,1996-09-18,7,0.25,2.119,2.084,3
572,1996-09-22,1996-12-09,79,15.142,1.963,1.921,5
572,2002-05-07,2002-07-29,84,73.517,3.111,2.535,11
572,2012-09-09,2013-07-15,310,119.456,2.411,1.708,13
572,2018-07-03,2018-07-15,13,2.194,3.403,3.144,17
572,2018-07-18,2018-07-22,5,0.473,2.993,2.91,19
572,2018-08-29,2018-10-28,61,2.565,2.113,2.05,23
572,2018-11-04,2019-03-08,125,3.775,2.125,2.11,25
572,2019-03-26,2019-04-19,25,7.351,2.817,2.309,27
574,1996-09-01,1996-09-25,25,13.979,6.584,6.111,2
574,2002-05-29,2002-10-23,148,416.418,5.269,4.022,4
574,2002-10-26,2002-12-20,56,22.791,6.736,6.145,6
574,2003-01-22,2003-04-30,99,207.586,7.969,7.3,8
574,2003-07-19,2003-09-09,53,129.379,4.826,3.403,10
574,2005-05-13,2005-05-17,5,1.671,11.139,10.929,12
574,2013-02-26,2013-04-26,60,48.838,10.133,9.657,14
574,2013-06-23,2013-09-09,79,97.951,6.597,5.42,16
574,2018-07-05,2018-07-22,18,7.528,8.061,7.886,18
574,2018-08-25,2018-10-05,42,4.409,7.038,6.988,20
574,2019-02-12,2019-04-21,69,97.264,9.111,8.592,22
575,1980-04-18,1980-05-22,35,214.876,51.568,47.737,2
575,1993-03-10,1993-05-04,56,814.859,42.051,36.046,4
575,1995-04-28,1995-05-20,23,92.262,53.721,50.959,6
575,1996-09-07,1996-09-22,16,29.685,31.954,30.464,8
575,2001-04-02,2001-04-29,28,114.545,53.522,49.982,10
575,2002-05-29,2002-11-05,161,2296.857,26.603,18.323,12
575,2003-01-22,2003-04-16,85,307.257,48.113,42.546,16
575,2003-08-15,2003-09-11,28,116.015,32.949,28.465,18
575,2005-03-13,2005-05-21,70,690.647,47.103,37.45,20
575,2008-03-22,2008-05-05,45,443.978,47.441,40.875,22
575,2010-03-15,2010-04-15,32,105.209,52.941,51.55,24
575,2013-08-15,2013-09-10,27,104.519,33.331,31.227,28
575,2018-08-01,2018-10-26,87,583.238,28.351,25.492,30
575,2019-02-12,2019-02-17,6,3.507,48.053,47.556,34
575,2019-02-19,2019-04-29,70,425.22,49.034,40.658,36
597,2004-06-22,2005-05-28,341,422851.651,11082.888,9813.595,2
597,2013-08-13,2013-09-16,35,6298.632,13377.57,13246.623,4
597,2019-03-19,2019-05-24,67,23785.727,11444.748,11085.519,10
601,2003-02-20,2003-03-17,26,101.274,993.456,990.179,2
601,2003-03-19,2004-05-08,417,40816.592,956.106,869.167,4
601,2013-07-09,2013-09-09,63,1567.553,1091.224,1052.694,6
603,2004-04-29,2004-06-05,38,229.709,113.738,102.639,2
603,2014-06-19,2014-09-16,90,1539.971,103.923,88.839,12
603,2015-04-16,2015-06-07,53,676.212,101.153,87.72,14
603,2016-04-29,2016-05-23,25,129.184,110.031,101.752,18
603,2018-10-16,2019-05-05,202,1077.971,73.797,69.192,20
604,2002-08-29,2003-02-03,159,641.038,12.027,9.744,2
604,2003-04-02,2003-04-25,24,61.37,31.144,27.494,4
604,2005-04-28,2005-05-03,6,5.316,40.502,39.274,6
604,2005-05-05,2005-05-10,6,12.618,41.385,40.429,8
604,2005-05-13,2005-05-17,5,11.257,42.869,41.738,10
604,2012-12-18,2013-01-24,38,83.43,13.863,12.664,12
604,2013-04-23,2013-04-27,5,1.701,39.375,39.216,14
604,2013-06-12,2013-07-29,48,382.753,26.603,19.572,16
604,2013-12-06,2014-04-23,139,874.833,13.062,6.549,18
604,2018-06-16,2018-09-15,92,680.407,17.29,11.526,20
604,2018-10-03,2018-12-18,77,126.861,14.411,13.04,22
604,2019-04-09,2019-05-16,38,263.427,32.697,28.784,24
606,1980-04-01,1980-05-04,34,768.95,63.05,52.842,1
606,1980-12-17,1982-05-23,523,16402.809,47.658,42.845,3
606,1982-06-17,1982-12-18,185,5604.773,42.846,38.544,5
606,2002-09-04,2003-08-02,333,7612.928,55.236,50.877,7
606,2019-03-18,2019-04-27,41,341.356,77.219,72.434,9
606,2019-06-28,2019-08-09,43,200.181,72.489,70.86,11
610,2010-11-19,2010-12-21,33,2201.063,12335.942,12250.899,2
610,2015-04-17,2015-07-08,83,11505.458,12044.657,11813.624,6
610,2015-11-17,2016-01-31,76,9184.526,12411.301,12158.998,8
610,2016-03-03,2017-01-18,322,77218.004,11977.922,11505.719,10
610,2018-11-19,2019-01-11,54,6957.603,12350.573,12177.261,18
613,1982-01-01,1982-06-02,153,883.278,50.294,49.244,8
613,1982-06-06,1983-04-24,323,991.829,52.243,49.739,10
613,1983-05-05,1983-05-11,7,13.102,54.933,53.616,12
613,1983-05-19,1983-05-25,7,18.215,54.179,53.033,14
613,1983-07-05,1983-07-19,15,19.982,54.78,54.203,16
613,1999-03-29,1999-04-02,5,2.461,55.992,55.574,26
613,2016-07-10,2016-07-18,9,4.203,55.583,55.223,32
613,2017-01-24,2017-01-30,7,0.84,55.076,54.993,36
613,2017-04-30,2017-05-05,6,3.967,56.135,55.768,40
613,2017-05-22,2017-05-28,7,2.924,56.35,55.851,42
613,2018-12-30,2019-01-06,8,4.622,54.109,53.756,50
613,2019-03-28,2019-04-17,21,9.393,56.136,55.685,56
613,2019-05-24,2019-05-31,8,4.386,56.203,55.809,58
613,2020-01-01,2020-02-20,51,108.357,53.061,51.737,62
613,2020-03-26,2020-03-31,6,2.899,55.981,55.683,64
616,1980-04-01,1980-05-14,44,3746.916,1952.742,1870.202,1
616,1980-06-26,1980-10-29,126,9840.853,1868.677,1763.63,3
616,1981-06-27,1981-07-01,5,91.241,2019.651,2005.762,7
616,1981-07-04,1981-10-07,96,13748.877,1823.761,1714.537,9
616,1981-10-11,1981-11-19,40,1029.414,1800.369,1773.127,11
616,1982-02-26,1982-03-02,5,77.92,2022.315,2009.092,15
616,1982-07-03,1982-09-01,61,6814.171,1900.283,1806.925,17
616,1982-09-13,1982-11-11,60,5373.793,1760.645,1681.973,21
616,1983-03-19,1983-03-23,5,100.123,2017.874,2010.449,25
616,1983-04-24,1983-05-04,11,122.23,2026.787,2010.696,27
616,1983-10-11,1983-11-17,38,1721.966,1781.161,1759.559,35
616,1984-04-08,1984-07-06,90,7887.685,1950.258,1875.63,39
616,1984-12-08,1985-01-01,25,1148.958,1809.737,1781.639,41
616,1985-10-12,1985-12-03,53,1232.614,1801.747,1770.907,45
616,1985-12-17,1986-01-12,27,2140.318,1795.074,1721.075,47
616,1986-02-16,1986-03-25,38,2827.347,1958.568,1921.022,49
616,1986-04-06,1986-05-13,38,1625.051,1995.134,1962.837,51
616,1986-07-12,1986-12-15,157,15304.914,1804.921,1711.083,55
616,1987-06-28,1987-11-03,129,20374.106,1784.249,1698.749,63
616,1987-12-26,1988-01-10,16,239.415,1865.924,1845.779,67
616,1988-07-04,1988-10-20,109,11076.313,1848.458,1744.511,69
616,1989-03-31,1989-05-19,50,3738.429,1963.13,1900.793,73
616,1989-07-23,1989-11-16,117,13029.012,1796.632,1687.154,75
616,1990-04-07,1990-09-02,149,13254.275,1937.73,1824.07,77
616,1990-09-25,1990-12-13,80,3955.595,1784.482,1710.22,81
616,1991-04-24,1991-09-22,152,13859.601,1918.762,1821.85,83
616,1992-03-13,1992-03-28,16,725.86,1992.533,1957.656,87
616,1992-04-18,1992-05-27,40,2790.33,1968.141,1886.608,89
616,1992-06-13,1992-08-19,68,5757.817,1944.092,1851.824,91
616,1993-04-06,1993-05-23,48,4360.591,1947.053,1893.145,95
616,1993-07-04,1993-08-05,33,1611.34,1988.058,1936.955,97
616,1993-08-07,1993-11-09,95,8661.012,1803.563,1678.026,99
616,1994-02-27,1994-03-22,24,652.901,2010.695,1975.722,107
616,1994-07-04,1994-08-30,58,3287.73,1957.087,1910.918,109
616,1994-09-19,1994-12-12,85,5902.111,1768.13,1678.903,111
616,1995-02-19,1995-03-08,18,470.207,2007.008,1979.676,115
616,1995-07-09,1995-07-19,11,196.719,2020.015,1995.818,117
616,1995-11-25,1995-12-11,17,464.515,1802.214,1782.074,127
616,1996-03-30,1996-04-06,8,134.767,2021.053,2009.302,131
616,1996-07-20,1996-07-25,6,17.625,2034.961,2029.412,133
616,1997-11-08,1997-11-13,6,69.751,1806.642,1797.724,145
616,1999-10-02,1999-12-04,64,4418.922,1760.487,1639.437,171
616,2000-10-02,2000-12-03,63,5207.622,1746.415,1656.364,185
616,2001-10-24,2001-10-31,8,55.459,1818.069,1809.857,193
616,2001-11-02,2001-11-06,5,30.456,1814.168,1808.659,195
616,2001-11-10,2001-11-16,7,172.727,1793.417,1775.804,197
616,2002-02-16,2002-03-14,27,457.783,2014.01,1989.166,199
616,2003-04-12,2003-04-22,11,126.875,2026.365,2015.493,207
616,2003-10-24,2003-11-03,11,167.338,1808.83,1796.966,209
616,2003-11-07,2003-11-12,6,47.099,1810.494,1807.256,211
616,2004-02-15,2004-02-23,9,151.194,1999.266,1986.189,213
616,2004-11-15,2004-11-26,12,316.017,1794.029,1768.989,217
616,2005-11-07,2005-11-16,10,93.528,1808.838,1800.881,223
616,2006-02-22,2006-03-12,19,416.631,2013.39,1993.837,225
616,2006-06-09,2006-06-15,7,20.66,2034.948,2033.663,235
616,2006-10-26,2006-10-31,6,60.618,1814.195,1808.489,241
616,2006-11-05,2006-11-16,12,163.422,1804.61,1795.513,243
616,2006-12-09,2006-12-19,11,275.541,1819.064,1799.933,249
616,2007-02-26,2007-03-07,10,88.249,2029.074,2020.039,251
616,2007-03-10,2007-03-15,6,37.065,2031.722,2026.675,253
616,2007-10-12,2007-11-13,33,542.718,1810.48,1798.986,259
616,2008-02-14,2008-03-12,28,1203.118,1985.83,1954.345,263
616,2008-03-15,2008-03-20,6,44.032,2030.56,2023.357,265
616,2008-03-28,2008-05-13,47,1255.445,2011.187,1979.675,269
616,2008-07-19,2008-07-23,5,64.368,2025.025,2014.73,271
616,2008-10-10,2008-11-27,49,1786.337,1788.838,1758.609,273
616,2009-03-13,2009-03-25,13,240.417,2019.405,2007.763,277
616,2009-04-02,2009-04-20,19,307.415,2021.719,2010.417,279
616,2009-07-04,2009-07-13,10,181.904,2019.708,2008.426,283
616,2009-07-18,2009-07-29,12,170.432,2023.696,2002.785,285
616,2009-08-01,2009-08-07,7,60.675,2018.336,2006.435,287
616,2009-09-28,2009-11-08,42,1295.521,1807.433,1775.619,291
616,2009-11-10,2009-11-17,8,62.111,1810.312,1805.953,293
616,2010-10-13,2010-11-15,34,662.4,1806.365,1771.514,299
616,2011-10-19,2011-11-20,33,1024.857,1791.389,1762.069,303
616,2011-12-10,2011-12-14,5,46.7,1832.401,1830.045,307
616,2012-02-25,2012-02-29,5,49.137,2025.619,2017.385,315
616,2012-10-20,2012-11-11,23,1077.799,1775.847,1699.026,323
616,2013-11-15,2013-11-20,6,145.888,1794.363,1785.471,329
616,2014-10-20,2014-10-27,8,45.149,1823.493,1820.377,335
616,2014-10-31,2014-11-05,6,84.171,1806.946,1801.451,337
616,2014-11-08,2014-11-15,8,99.814,1805.714,1797.944,339
616,2016-02-27,2016-03-02,5,29.438,2032.011,2029.3,355
616,2018-10-06,2018-10-14,9,132.331,1833.791,1826.336,361
629,1980-08-01,1980-09-13,44,837.689,674.896,664.352,5
629,1980-10-17,1980-10-22,6,26.678,672.164,668.546,9
629,1982-03-26,1982-03-30,5,32.052,663.292,654.361,17
629,1983-01-03,1983-01-08,6,33.524,651.463,647.207,23
629,1983-04-09,1983-04-13,5,11.161,672.32,671.383,35
629,1983-06-23,1983-07-07,15,273.487,678.537,666.573,41
629,1983-08-09,1983-11-05,89,1561.261,668.021,651.401,43
629,1983-11-25,1983-12-05,11,63.833,657.512,654.114,45
629,1983-12-19,1984-01-05,18,109.599,651.887,649.921,47
629,1984-06-02,1984-07-13,42,423.893,685.454,676.564,51
629,1984-10-18,1984-11-07,21,246.235,661.821,650.044,53
629,1985-03-12,1985-03-17,6,17.838,662.317,661.145,55
629,1985-09-27,1985-10-12,16,226.098,668.107,662.255,63
629,1986-06-14,1986-07-17,34,638.979,677.812,656.335,69
629,1986-10-04,1986-10-10,7,53.893,673.656,668.916,71
629,1988-09-12,1988-09-16,5,30.88,682.608,678.907,83
629,1992-09-27,1992-11-10,45,443.429,666.932,656.705,133
629,1994-08-07,1994-08-27,21,171.712,687.285,679.85,157
629,1994-09-12,1994-09-19,8,62.131,680.644,675.306,159
629,1994-11-04,1994-11-09,6,65.184,659.603,654.312,165
629,1995-04-15,1995-04-19,5,33.099,669.935,666.745,173
629,1995-08-04,1995-08-08,5,14.365,694.157,692.572,175
629,1996-03-22,1996-04-03,13,173.504,656.381,649.205,181
629,1998-06-28,1998-07-09,12,122.265,686.966,678.238,191
629,1998-07-11,1998-07-15,5,10.701,695.706,693.487,193
629,1998-10-10,1998-11-17,39,477.962,661.355,650.725,195
629,1999-02-10,1999-03-24,43,723.495,645.572,634.124,201
629,2000-03-20,2000-03-29,10,65.594,662.004,656.57,213
629,2000-04-04,2000-04-17,14,399.138,645.875,619.04,217
629,2001-06-08,2001-06-20,13,264.032,673.866,664.015,227
629,2002-07-23,2002-07-31,9,24.183,695.111,692.195,237
629,2002-08-12,2002-08-25,14,100.659,688.068,684.29,241
629,2002-08-31,2002-09-04,5,19.227,688.379,686.952,245
629,2003-03-30,2003-04-03,5,25.518,665.553,660.323,251
629,2003-12-24,2004-02-09,48,1183.756,632.407,621.04,253
629,2005-09-11,2005-09-18,8,82.665,678.344,671.225,259
629,2005-09-26,2005-09-30,5,23.383,680.122,675.991,261
629,2006-06-04,2006-06-28,25,278.826,683.39,669.864,269
629,2006-07-09,2006-07-18,10,98.432,688.056,683.935,271
629,2006-09-18,2006-09-25,8,86.954,675.637,664.969,279
629,2007-07-15,2007-07-24,10,94.532,688.525,681.665,291
629,2008-04-20,2008-04-24,5,32.014,672.155,666.745,297
629,2008-08-10,2008-08-26,17,254.051,680.216,669.41,301
629,2009-08-08,2009-08-19,12,79.054,689.565,682.8,311
629,2013-12-14,2013-12-31,18,161.123,649.75,643.495,327
629,2014-11-01,2014-11-08,8,20.868,668.66,664.103,329
657,2004-03-15,2004-04-12,29,523.741,288.374,276.09,2
657,2013-01-29,2013-08-26,210,10618.556,202.529,74.412,4
657,2018-08-01,2018-08-05,5,22.333,153.481,150.191,16
657,2018-08-24,2018-09-12,20,230.103,100.126,84.796,22
657,2018-09-14,2018-11-30,78,1939.318,85.982,71.838,24
657,2018-12-10,2019-04-11,123,5144.569,194.103,118.439,26
664,1981-09-12,1981-09-24,13,33.735,7.579,6.365,2
664,2001-10-04,2001-11-04,32,56.695,8.167,5.538,4
664,2003-09-16,2003-10-23,38,60.544,8.362,6.451,6
664,2003-11-01,2003-11-11,11,4.296,9.548,9.214,8
664,2004-02-19,2004-02-23,5,1,17.589,17.478,10
664,2007-03-26,2007-04-02,8,9.041,23.915,22.93,18
664,2011-08-14,2011-09-22,40,107.976,10.229,7.751,42
664,2012-03-04,2012-03-21,18,24.596,20.667,20.333,44
664,2012-03-23,2012-03-27,5,13.505,21.702,21.083,46
664,2012-04-09,2012-05-01,23,49.432,25.845,23.779,48
664,2012-06-04,2012-06-30,27,85.314,24.368,22.495,50
664,2012-08-06,2012-08-25,20,37.508,14.671,12.794,52
664,2012-09-07,2013-05-27,263,1614.351,10.017,5.163,54
664,2013-06-21,2013-06-30,10,6.033,26.081,25.537,56
664,2013-07-07,2013-08-26,51,400.33,12.009,6.898,58
664,2015-06-23,2015-07-12,20,60.509,22.527,20.985,60
664,2016-09-23,2016-10-14,22,70.941,6.714,5.295,64
753,2004-08-27,2004-10-20,55,9725.263,14434.475,14252.861,2
753,2005-04-08,2005-06-23,77,52062.915,12994.423,12376.738,4
753,2006-08-07,2007-03-13,219,117074.73,13209.18,12597.531,8
753,2007-04-09,2007-04-13,5,69.734,13082.289,13074.888,10
753,2007-04-16,2007-05-17,32,6628.772,13205.753,13072.421,12
753,2007-08-31,2007-10-07,38,2660.829,14609.921,14465.02,14
753,2008-03-01,2008-06-06,98,35163.091,12923.447,12743.082,18
767,1980-04-01,1980-05-05,35,0.923,0.225,0.2,1
767,1980-05-12,1980-06-06,26,0.452,0.234,0.223,5
767,1980-06-09,1980-12-12,187,12.276,0.186,0.127,8
767,1980-12-14,1980-12-28,15,1.942,0.122,0.102,10
767,1980-12-30,1981-06-04,157,11.294,0.18,0.094,12
767,1981-11-28,1982-04-15,139,9.337,0.184,0.125,19
767,1982-11-24,1982-12-06,13,0.101,0.244,0.236,28
767,1982-12-08,1983-04-12,126,6.925,0.197,0.138,30
767,1983-11-06,1983-11-20,15,0.248,0.235,0.223,48
767,1983-11-26,1984-04-27,154,11.645,0.176,0.132,52
767,1984-05-02,1984-05-06,5,0.06,0.24,0.236,57
767,1984-10-05,1984-10-15,11,0.267,0.227,0.205,67
767,1984-11-02,1984-11-14,13,0.272,0.231,0.171,77
767,1984-11-16,1985-04-21,157,10.64,0.184,0.131,79
767,1985-12-01,1986-03-22,112,5.317,0.204,0.141,89
767,1986-03-24,1986-04-06,14,0.297,0.23,0.215,91
767,1986-11-11,1987-04-26,167,7.086,0.209,0.17,95
767,1987-04-28,1987-05-18,21,0.499,0.228,0.22,97
767,1987-11-10,1988-02-06,89,7.129,0.172,0.095,103
767,1988-02-08,1988-02-27,20,2.766,0.113,0.107,105
767,1988-02-29,1988-04-16,48,3.432,0.18,0.115,107
767,1988-06-12,1988-06-18,7,0.081,0.24,0.232,131
767,1988-06-23,1988-08-13,52,1.764,0.218,0.191,135
767,1988-10-07,1988-11-15,40,0.754,0.233,0.216,147
767,1988-11-17,1988-11-26,10,0.169,0.235,0.194,149
767,1989-01-20,1989-04-10,81,4.805,0.192,0.155,169
767,1989-11-16,1990-03-13,118,3.191,0.225,0.167,176
767,1990-09-25,1990-10-03,9,0.215,0.228,0.212,188
767,1990-10-05,1991-02-28,147,4.929,0.218,0.179,190
767,1991-10-31,1991-11-04,5,0.024,0.247,0.241,204
767,1991-11-06,1992-04-10,157,10.244,0.186,0.125,206
767,1992-04-12,1992-04-22,11,0.193,0.234,0.227,208
767,1992-06-13,1992-06-17,5,0.112,0.229,0.218,215
767,1992-10-19,1992-11-09,22,0.323,0.237,0.211,223
767,1992-11-14,1993-01-24,72,1.027,0.237,0.228,227
767,1993-02-12,1993-04-07,55,2.087,0.214,0.195,231
767,1993-11-24,1993-11-28,5,0.015,0.249,0.245,242
767,1993-12-05,1994-04-01,118,6.382,0.198,0.157,246
767,1995-01-02,1995-03-26,84,3.261,0.213,0.17,251
767,1995-09-26,1995-09-30,5,0.06,0.24,0.231,259
767,1996-03-19,1996-04-15,28,1.097,0.212,0.186,263
767,1997-01-16,1997-01-26,11,0.128,0.24,0.21,280
767,1997-02-01,1997-04-06,65,5.617,0.165,0.017,284
767,1997-12-26,1998-03-24,89,1.757,0.232,0.22,296
767,1999-02-25,1999-03-28,32,0.432,0.238,0.233,302
767,2000-01-23,2000-03-23,61,1.352,0.229,0.216,308
767,2001-03-09,2001-03-13,5,0.014,0.249,0.248,311
767,2001-03-16,2001-04-07,23,0.348,0.237,0.232,313
767,2002-02-13,2002-02-28,16,0.045,0.249,0.248,317
767,2002-03-04,2002-03-08,5,0.029,0.246,0.245,319
767,2005-03-09,2005-03-13,5,0.011,0.249,0.248,331
767,2005-03-15,2005-04-06,23,0.257,0.24,0.232,333
767,2006-03-15,2006-03-31,17,0.151,0.243,0.238,343
767,2006-08-02,2007-03-31,242,13.318,0.197,0.169,347
767,2007-08-17,2007-09-21,36,0.512,0.237,0.217,349
767,2007-09-26,2007-10-07,12,0.118,0.242,0.234,353
767,2008-09-08,2008-09-23,16,0.196,0.239,0.233,369
767,2008-09-25,2008-09-29,5,0.039,0.244,0.237,371
767,2008-10-01,2008-10-06,6,0.088,0.237,0.228,373
767,2009-08-30,2009-10-30,62,1.57,0.226,0.197,376
767,2011-02-24,2011-04-06,42,0.713,0.235,0.223,384
767,2011-10-18,2012-02-29,135,2.787,0.231,0.218,391
767,2013-01-13,2013-01-19,7,0.274,0.212,0.21,403
767,2013-03-23,2013-04-15,24,0.27,0.24,0.234,405
767,2014-02-05,2014-02-10,6,0.016,0.249,0.248,415
767,2014-02-16,2014-02-20,5,0.024,0.247,0.245,419
767,2014-02-28,2014-04-16,48,0.608,0.239,0.229,423
767,2016-12-13,2017-04-15,124,4.523,0.215,0.139,452
767,2017-07-30,2017-09-20,53,1.039,0.232,0.22,464
767,2019-01-27,2019-02-01,6,0.077,0.239,0.233,562
767,2019-02-03,2019-02-08,6,0.058,0.242,0.239,564
767,2019-02-10,2019-02-15,6,0.059,0.242,0.238,566
767,2019-02-18,2019-02-22,5,0.116,0.228,0.227,568
767,2019-02-24,2019-03-01,6,0.208,0.217,0.179,570
767,2019-03-03,2019-03-07,5,0.159,0.22,0.217,572
767,2019-03-10,2019-03-15,6,0.185,0.221,0.212,574
767,2019-03-17,2019-03-22,6,0.195,0.219,0.218,576
767,2020-01-23,2020-03-31,69,4.023,0.193,0.126,627
768,1982-04-19,1982-04-23,5,1.168,0.07,0.017,2
768,1982-04-25,1982-04-29,5,1.195,0.075,0.009,4
768,1984-10-12,1984-12-31,81,5.909,0.536,0.418,6
768,1985-09-10,1985-10-14,35,0.526,0.707,0.701,10
768,1985-11-06,1985-11-18,13,0.143,0.638,0.622,14
768,1985-11-21,1985-12-09,19,0.722,0.552,0.533,16
768,1986-05-16,1986-05-30,15,4.602,0.08,0.025,18
768,1986-10-03,1986-11-07,36,1.679,0.651,0.623,22
768,1986-11-11,1986-11-18,8,0.061,0.634,0.628,24
768,1986-12-05,1986-12-09,5,0.083,0.551,0.539,26
768,1986-12-12,1986-12-16,5,0.022,0.538,0.534,28
768,1987-10-23,1987-11-18,27,0.738,0.639,0.613,32
768,1987-11-21,1987-11-25,5,0.1,0.597,0.587,34
768,1993-07-08,1993-07-19,12,6.149,0.064,0.036,40
768,1996-04-21,1996-05-12,22,3.724,0.159,0.018,46
768,1997-04-08,1997-05-05,28,4.099,0.161,0.031,48
768,1998-11-24,1998-12-31,38,1.702,0.499,0.4,50
768,1999-05-15,1999-05-24,10,3.076,0.068,0.001,52
768,1999-08-14,1999-09-30,48,2.099,0.667,0.553,54
768,1999-10-06,2000-01-14,101,6.341,0.532,0.412,56
768,2000-01-16,2000-01-21,6,0.045,0.403,0.392,58
768,2000-11-08,2001-01-19,73,5.428,0.46,0.401,60
768,2001-04-12,2001-05-19,38,5.266,0.188,0.004,64
768,2001-06-04,2001-06-23,20,8.831,0.022,0.001,66
768,2001-10-31,2001-12-31,62,2.874,0.538,0.407,74
768,2009-04-02,2009-04-10,9,1.999,0.064,0.02,82
768,2012-05-29,2012-06-12,15,5.253,0.085,0.028,88
768,2012-06-21,2012-07-22,32,12.809,0.153,0.007,90
768,2014-05-03,2014-05-27,25,7.346,0.068,0.014,94
768,2014-06-13,2014-06-30,18,7.441,0.079,0.012,96
768,2019-04-22,2019-04-26,5,1.275,0.056,0.016,218
768,2019-11-10,2019-11-15,6,0.205,0.612,0.565,250
768,2019-11-20,2019-11-27,8,0.499,0.549,0.525,252
768,2020-01-03,2020-01-07,5,0.032,0.455,0.451,262
777,1980-04-22,1980-08-25,126,59.058,10.492,10.203,2
777,1981-04-20,1981-08-26,129,67.32,10.433,10.203,4
777,1983-11-27,1983-12-03,7,0.35,9.9,9.9,6
777,1985-04-09,1986-03-03,329,281.451,9.524,9.041,8
777,1986-07-06,1986-09-21,78,35.943,10.103,9.799,12
777,1988-07-06,1988-08-23,49,9.426,10.606,10.304,18
777,1988-09-01,1989-03-30,211,116.03,9.429,9.136,22
777,1989-07-02,1989-09-02,63,27.763,10.315,9.799,24
777,1990-03-26,1990-03-31,6,0.028,10.304,10.304,26
777,1990-04-02,1990-08-19,140,58.654,10.51,10.203,28
777,1990-10-06,1992-03-02,514,446.135,9.372,8.494,32
777,1992-04-07,1993-03-24,352,727.884,8.29,7.704,34
777,1997-03-10,1997-03-25,16,14.887,9.149,8.763,38
777,1998-06-30,1998-07-04,5,0.636,11.007,10.92,40
777,1998-07-11,1998-08-18,39,15.822,10.417,10.203,42
777,1999-11-01,1999-11-06,6,0.603,9.85,9.799,48
777,2001-08-15,2001-10-15,62,11.21,9.94,9.705,50
777,2002-08-07,2002-08-26,20,2.955,10.4,10.304,54
777,2003-10-07,2003-11-18,43,2.354,9.895,9.799,66
777,2006-04-23,2006-09-16,147,77.256,10.32,9.9,80
777,2006-10-01,2006-10-09,9,0.45,9.9,9.9,82
777,2006-10-11,2006-10-16,6,0.603,9.85,9.799,84
777,2006-12-17,2006-12-29,13,0.651,9.9,9.9,94
777,2007-01-19,2007-02-25,38,1.902,9.9,9.9,100
777,2009-09-27,2009-10-04,8,0.804,9.85,9.799,102
777,2010-09-20,2010-10-10,21,6.754,9.628,9.325,106
777,2013-04-02,2013-04-26,25,20.031,9.807,9.325,108
777,2015-08-31,2015-11-10,72,9.911,9.852,9.693,116
777,2018-03-12,2018-04-10,30,4.309,10.116,9.962,118
777,2019-01-17,2019-03-28,71,35.706,9.491,9.115,120
777,2020-03-07,2020-03-11,5,1.012,9.763,9.625,126
780,1980-05-12,1980-07-27,77,33.977,36.401,36.063,2
780,1985-08-12,1985-08-19,8,1.99,36.593,36.3,8
780,1988-07-17,1988-09-16,62,115.119,33.827,31.656,10
780,1989-04-09,1989-10-07,182,900.614,30.432,28.759,12
780,1989-11-16,1993-06-01,1294,11543.597,22.747,17.809,18
780,1995-08-22,1995-08-26,5,1.532,35.685,35.407,22
780,1998-09-11,1999-01-13,125,63.322,28.283,27.605,32
780,1999-09-18,2000-02-29,165,166.173,27.432,26.757,36
780,2000-12-14,2001-02-01,50,51.857,27.104,26.2,38
780,2004-07-31,2004-08-08,9,1.532,36.672,36.57,40
780,2004-08-14,2004-08-18,5,0.2,36.802,36.732,46
780,2006-07-22,2006-08-26,36,40.484,35.552,34.928,48
780,2008-05-02,2008-06-07,37,24.283,36.089,35.836,54
780,2012-07-21,2012-08-25,36,14.938,36.262,35.685,60
780,2013-08-11,2013-08-19,9,1.701,36.653,36.525,64
780,2014-06-07,2014-06-15,9,3.547,36.448,36.106,66
780,2015-04-23,2015-05-16,24,33.667,34.631,34.144,68
780,2015-08-07,2015-08-21,15,6.711,36.281,35.941,74
780,2017-06-07,2017-06-12,6,0.92,36.689,36.665,78
780,2018-06-26,2018-07-02,7,0.785,36.73,36.525,84
780,2020-03-06,2020-03-29,24,129.388,23.653,21.291,94
784,1980-05-20,1980-08-11,84,41.309,5.814,4.914,2
784,1981-03-26,1981-08-05,133,228.149,4.429,3.988,4
784,1991-04-16,1991-08-26,133,109.226,5.266,3.915,6
784,1992-03-11,1992-09-15,189,389.653,3.457,2.856,10
784,1993-02-19,1993-03-06,16,3.808,2.625,2.563,12
784,1993-04-30,1993-06-24,56,20.721,6.317,6.13,14
784,2005-07-09,2005-08-19,42,29.689,4.804,4.39,16
784,2005-10-16,2005-11-16,32,3.918,2.332,2.239,18
784,2006-02-08,2006-04-19,71,52.888,3.118,2.416,20
784,2008-04-21,2008-08-18,120,123.316,5.186,4.358,24
784,2009-02-26,2009-03-17,20,8.594,2.957,2.893,28
784,2009-09-22,2010-03-25,185,185.61,1.633,1.211,30
784,2015-07-17,2015-07-29,13,2.533,5.657,5.494,34
789,1980-04-01,1980-04-08,8,24.801,57.36,54.807,1
789,1982-01-20,1982-04-03,74,152.075,53.883,52.044,3
789,1982-04-05,1982-04-15,11,21.475,59.412,58.418,5
789,1983-01-24,1983-01-30,7,1.02,55.217,55.114,7
789,1983-02-04,1983-03-01,26,3.69,55.221,55.114,9
789,1983-12-22,1984-03-04,74,102.766,53.974,51.944,13
789,1984-03-10,1984-04-03,25,50.618,55.236,53.828,15
789,1984-09-07,1984-09-15,9,3.39,72.204,71.914,17
789,1985-01-26,1985-02-09,15,2.905,55.169,55.012,19
789,1986-03-03,1986-03-30,28,39.879,54.885,54.12,21
789,1987-02-05,1987-02-12,8,0.45,55.306,55.217,23
789,1988-07-16,1988-09-20,67,137.546,70.476,68.897,25
789,1989-03-12,1989-04-06,26,49.426,55.662,54.705,27
789,1989-08-14,1989-08-30,17,13.061,71.893,71.113,29
789,1992-01-30,1992-02-23,25,9.884,54.967,54.705,31
789,1992-03-21,1992-03-27,7,7.96,56.453,55.421,33
789,1993-02-12,1993-03-30,47,45.956,54.949,54.023,35
789,1994-02-05,1994-03-15,39,26.241,54.69,54.218,37
789,1995-02-11,1995-03-13,31,12.363,54.964,54.413,41
789,1996-02-07,1996-04-16,70,401.581,51.488,49.593,43
789,1997-02-02,1997-03-03,30,22.443,54.614,54.315,45
789,1997-03-05,1997-04-02,29,58.58,54.643,53.632,47
789,1998-03-19,1998-03-24,6,4.478,56.143,55.626,49
789,1999-11-02,1999-11-11,10,8.578,58.473,57.481,55
789,1999-12-04,1999-12-24,21,11.729,54.804,54.51,57
789,2000-01-22,2000-02-26,36,39.299,54.271,53.828,59
789,2001-01-24,2001-01-30,7,0.508,55.29,55.217,63
789,2001-03-19,2001-04-07,20,45.86,56.174,55.729,69
789,2002-03-19,2002-04-11,24,47.901,56.987,56.247,71
789,2002-10-24,2002-10-28,5,2.449,61.823,61.446,75
789,2003-04-02,2003-04-20,19,25.295,60.497,59.237,81
789,2004-03-18,2004-03-28,11,20.525,55.618,55.319,85
789,2005-03-19,2005-03-30,12,19.414,55.953,55.729,87
789,2005-09-02,2005-09-12,11,5.526,72.131,71.801,89
789,2006-07-11,2006-10-14,96,383.47,67.446,64.418,93
789,2007-07-18,2007-09-30,75,282.191,68.431,65.152,95
789,2008-02-08,2008-04-09,62,87.247,55.25,54.413,97
789,2008-09-04,2008-09-15,12,4.383,72.236,72.028,99
789,2013-03-24,2013-04-28,36,115.378,58.446,55.217,105
789,2013-08-19,2013-08-31,13,8.588,72.001,71.227,107
789,2013-09-02,2013-09-16,15,12.67,71.769,71.113,109
789,2014-03-04,2014-04-12,40,87.43,55.515,54.807,117
789,2018-03-15,2018-04-23,40,131.844,56.636,55.012,137
789,2019-03-19,2019-03-29,11,17.829,55.863,54.91,139
789,2020-03-04,2020-03-11,8,1.269,55.204,55.114,141
789,2020-03-18,2020-03-28,11,21.856,55.497,55.114,143
792,1980-04-01,1980-04-09,9,33.623,98.431,95.857,1
792,1980-10-12,1980-10-27,16,28.141,119.713,118.824,5
792,1982-02-03,1982-03-31,57,144.269,92.837,89.73,9
792,1983-02-19,1983-02-28,10,6.216,93.24,92.626,15
792,1984-02-15,1984-04-11,57,151.088,94.589,91.495,17
792,1984-08-02,1984-08-07,6,1.711,121.646,121.479,19
792,1984-08-16,1984-10-15,61,120.817,119.95,118.658,23
792,1986-02-28,1986-03-29,30,66.618,94.403,93.434,27
792,1986-10-10,1986-11-06,28,178.775,113.951,110.026,31
792,1987-10-03,1987-11-04,33,115.548,117.449,115.982,33
792,1987-11-06,1987-11-11,6,2.743,115.325,114.831,35
792,1988-05-27,1988-09-24,121,639.45,116.613,111.525,37
792,1989-03-08,1989-04-04,28,93.734,94.71,92.464,41
792,1989-07-26,1989-08-04,10,9.013,121.03,120.48,43
792,1989-08-06,1989-08-30,25,61.475,119.472,117.99,45
792,1989-10-11,1989-10-28,18,24.574,120.158,119.154,47
792,1990-10-13,1990-10-17,5,1.76,121.579,121.313,51
792,1992-10-07,1992-10-27,21,39.017,119.723,118.493,55
792,1994-02-19,1994-03-22,32,83.032,92.722,91.333,59
792,1994-09-30,1994-10-17,18,27.096,120.426,118.989,61
792,1995-02-21,1995-03-14,22,16.551,94.014,93.272,63
792,1996-02-21,1996-04-17,57,325.821,92.74,89.411,65
792,1997-02-11,1997-04-06,55,216.22,92.382,91.171,67
792,2001-03-16,2001-04-07,23,129.349,93.665,92.303,75
792,2003-08-23,2003-11-04,74,213.512,118.609,116.638,79
792,2004-10-10,2004-10-28,19,29.052,119.827,118.159,81
792,2005-10-19,2005-11-18,31,77.685,115.019,110.859,91
792,2006-08-03,2006-10-12,71,207.139,119.014,115.818,103
792,2006-10-14,2006-10-21,8,7.775,120.959,119.815,105
792,2007-08-18,2007-08-27,10,6.682,121.263,120.647,119
792,2007-09-12,2007-09-18,7,5.827,121.099,120.147,121
792,2007-10-24,2007-11-25,33,76.568,113.137,108.714,125
792,2008-03-04,2008-03-28,25,34.738,95.696,94.403,131
792,2008-03-30,2008-04-05,7,6.814,100.156,98.766,133
792,2008-08-24,2008-10-06,44,116.576,119.282,117.483,139
792,2008-10-16,2008-12-01,47,131.592,112.483,106.583,143
792,2009-10-14,2009-10-21,8,3.114,121.542,121.146,147
792,2009-11-13,2009-12-09,27,59.57,107.06,104.794,153
792,2010-10-18,2010-10-26,9,8.131,120.445,119.154,155
792,2010-11-27,2010-12-09,13,12.424,105.858,104.309,159
792,2011-03-12,2011-03-17,6,3.814,95.857,95.534,163
792,2011-10-17,2011-10-22,6,9.146,120.232,119.485,169
792,2011-10-24,2011-10-28,5,7.812,119.319,118.989,171
792,2012-10-06,2012-10-18,13,6.039,121.467,121.146,179
792,2013-03-20,2013-04-30,42,298.096,96.211,91.01,181
792,2013-11-27,2013-12-02,6,3.279,107.566,107.238,195
792,2014-03-10,2014-04-14,36,320.96,90.664,87.355,197
792,2014-10-18,2014-10-28,11,12.921,120.089,118.989,199
792,2014-10-30,2014-11-04,6,6.429,117.287,116.474,201
792,2014-11-21,2014-11-25,5,3.131,109.995,109.37,209
792,2016-10-14,2016-10-27,14,11.124,120.612,119.319,218
792,2019-03-22,2019-03-26,5,3.997,97.538,97.07,234
792,2020-02-19,2020-03-30,41,74.206,94.348,92.464,238
798,1988-07-25,1988-10-27,95,169.224,59.868,57.898,2
798,1989-01-01,1989-03-21,80,231.181,59.38,58.564,6
798,1989-08-08,1989-10-25,79,157.666,59.149,57.898,8
798,1989-12-24,1993-06-17,1272,17476.941,49.878,40.477,10
798,2001-02-26,2001-03-06,9,2.321,64.043,63.842,12
798,2002-03-12,2002-04-10,30,25.556,65.692,65.014,14
798,2006-08-02,2006-09-23,53,92.155,61.114,59.263,18
798,2007-01-29,2007-03-21,52,92.967,61.803,61.026,20
798,2008-03-11,2009-03-19,374,1755.917,58.71,51.437,22
806,1980-04-01,1980-04-09,9,30.71,60.947,59.581,1
806,1982-01-12,1982-04-14,93,380.266,57.949,55.122,3
806,1983-02-19,1983-03-04,14,12.567,60.638,60.058,5
806,1984-02-09,1984-04-07,59,180.362,59.338,57.678,7
806,1984-08-30,1984-09-22,24,12.85,68.483,67.561,11
806,1986-02-08,1986-04-01,53,394.309,54.684,49.685,17
806,1987-08-07,1987-08-15,9,4.229,70.115,69.63,23
806,1987-08-17,1987-09-18,33,49.048,68.088,66.925,25
806,1988-02-27,1988-03-08,11,8.937,61.086,60.695,27
806,1988-07-05,1988-08-13,40,78.692,68.809,66.925,29
806,1989-02-19,1989-04-03,44,120.096,59.773,58.467,31
806,1992-01-29,1992-02-10,13,3.234,60.523,60.376,39
806,1994-02-08,1994-03-27,48,217.131,57.442,54.845,43
806,1995-02-19,1995-03-06,16,5.707,61.252,61.013,47
806,1996-02-18,1996-04-17,60,434.659,55.796,52.894,55
806,1997-02-02,1997-04-04,62,320.687,56.923,54.155,57
806,2001-03-06,2001-04-07,33,127.638,59.265,57.204,59
806,2003-08-31,2003-09-11,12,9.318,68.636,67.88,63
806,2003-09-25,2003-10-14,20,16.306,66.432,65.652,67
806,2006-07-15,2006-11-08,117,397.075,65.13,62.457,71
806,2007-07-11,2007-09-30,82,261.307,66.708,62.296,75
806,2008-08-20,2008-09-23,35,55.765,67.675,65.97,81
806,2011-02-12,2011-03-22,39,79.369,59.871,58.944,85
806,2013-03-19,2013-04-20,33,166.175,59.14,55.423,89
806,2014-03-05,2014-04-10,37,121.821,59.934,58.626,91
806,2016-07-23,2016-07-31,9,29.941,67.529,63.265,104
806,2016-08-11,2016-08-18,8,47.746,64.497,62.619,106
806,2017-08-27,2017-09-01,6,23.365,65.904,64.22,126
806,2018-07-14,2018-07-19,6,20.542,67.432,64.935,145
806,2019-03-02,2019-03-27,26,96.234,58.878,53.667,161
806,2019-10-02,2019-10-13,12,12.07,65.977,64.538,171
806,2020-02-19,2020-03-19,30,49.805,60.362,58.944,177
827,1991-04-23,1991-05-08,16,4.869,13.316,13.252,2
827,1991-05-23,1991-05-31,9,0.63,14.174,14.142,4
827,1991-06-15,1991-09-23,101,18.214,13.928,12.877,6
827,1992-03-25,1992-06-14,82,125.745,12.137,11.331,10
827,2012-08-25,2013-05-30,279,851.966,9.16,8.238,12
827,2016-07-13,2016-09-08,58,12.589,13.882,13.362,14
827,2018-03-12,2018-03-24,13,3.269,12.025,11.989,24
837,2003-08-15,2003-09-13,30,41.124,95.527,93.986,2
837,2007-05-14,2008-06-07,391,2893.334,84.685,75.732,10
858,1980-05-08,1980-05-16,9,0.263,0.041,0.033,2
858,1980-05-30,1980-06-06,8,0.223,0.039,0.032,6
858,1980-07-02,1980-07-10,9,0.12,0.037,0.025,10
858,1981-07-07,1981-07-12,6,0.048,0.041,0.036,26
858,1982-03-25,1982-03-29,5,0.043,0.047,0.046,36
858,1982-06-19,1982-06-26,8,0.172,0.038,0.026,40
858,1982-07-09,1982-07-23,15,0.11,0.037,0.025,42
858,1982-10-12,1982-10-16,5,0.021,0.029,0.027,48
858,1982-11-24,1982-12-04,11,0.054,0.029,0.025,54
858,1982-12-07,1982-12-21,15,0.106,0.027,0.025,56
858,1983-01-07,1983-01-18,12,0.071,0.028,0.025,58
858,1983-02-09,1983-02-20,12,0.051,0.029,0.025,60
858,1983-05-05,1983-05-10,6,0.094,0.054,0.043,62
858,1983-05-15,1983-05-25,11,0.164,0.055,0.032,64
858,1984-08-30,1984-09-06,8,0.039,0.029,0.027,90
858,1985-02-03,1985-02-10,8,0.017,0.032,0.03,102
858,1985-02-20,1985-02-25,6,0.014,0.031,0.03,104
858,1985-07-11,1985-07-15,5,0.017,0.044,0.039,106
858,1985-08-06,1985-08-13,8,0.019,0.031,0.03,114
858,1985-08-24,1985-08-29,6,0.025,0.029,0.026,122
858,1987-05-28,1987-06-01,5,0.037,0.06,0.056,128
858,1987-06-03,1987-06-13,11,0.253,0.042,0.026,130
858,1987-06-24,1987-07-02,9,0.16,0.038,0.025,134
858,1988-03-08,1988-03-27,20,0.253,0.037,0.027,158
858,1988-03-29,1988-04-02,5,0.036,0.05,0.048,160
858,1988-04-14,1988-04-29,16,0.375,0.043,0.035,168
858,1989-05-27,1989-06-10,15,0.296,0.047,0.026,174
858,1989-06-12,1989-06-16,5,0.166,0.03,0.026,176
858,1990-03-19,1990-04-10,23,0.478,0.036,0.025,182
858,1990-05-08,1990-05-12,5,0.201,0.03,0.025,186
858,1990-06-20,1990-07-01,12,0.296,0.033,0.025,190
858,1991-03-12,1991-04-14,34,0.568,0.039,0.025,192
858,1991-04-16,1991-04-29,14,0.174,0.054,0.031,194
858,1991-05-07,1991-05-15,9,0.148,0.054,0.044,198
858,1991-05-18,1991-05-30,13,0.144,0.058,0.053,200
858,1991-12-19,1992-02-05,49,0.176,0.03,0.026,204
858,1992-05-17,1992-05-21,5,0.028,0.064,0.059,208
858,1992-05-24,1992-06-13,21,0.352,0.05,0.025,210
858,1992-11-20,1992-12-07,18,0.118,0.027,0.025,224
858,1992-12-24,1992-12-29,6,0.032,0.028,0.025,226
858,1993-02-18,1993-02-22,5,0.038,0.026,0.026,232
858,1993-03-10,1993-03-17,8,0.097,0.034,0.028,234
858,1995-02-26,1995-03-12,15,0.036,0.037,0.036,246
858,1996-01-31,1996-02-10,11,0.034,0.031,0.03,250
858,1996-12-19,1996-12-23,5,0.007,0.032,0.032,270
858,1997-04-06,1997-04-13,8,0.443,0.007,0.001,274
858,1997-10-02,1997-10-06,5,0.033,0.027,0.027,280
858,1999-11-05,1999-11-09,5,0.018,0.03,0.026,308
858,1999-11-22,1999-11-29,8,0.028,0.03,0.025,314
858,1999-12-06,1999-12-14,9,0.043,0.029,0.028,318
858,1999-12-16,2000-02-01,48,0.282,0.028,0.025,320
858,2000-02-03,2000-02-22,20,0.066,0.03,0.025,322
858,2000-05-03,2000-05-07,5,0.048,0.06,0.054,328
858,2000-06-27,2000-07-09,13,0.134,0.042,0.032,342
858,2001-11-13,2001-11-21,9,0.031,0.03,0.026,406
858,2002-10-21,2002-10-27,7,0.04,0.028,0.026,444
858,2002-12-10,2002-12-19,10,0.053,0.028,0.025,460
858,2002-12-21,2003-01-06,17,0.103,0.028,0.026,462
858,2003-01-27,2003-03-08,41,0.21,0.03,0.025,466
858,2003-05-02,2003-05-10,9,0.117,0.057,0.049,470
858,2003-06-15,2003-06-20,6,0.065,0.051,0.028,474
858,2004-03-13,2004-03-27,15,0.274,0.033,0.026,484
858,2004-04-04,2004-04-08,5,0.102,0.04,0.025,488
858,2004-05-17,2004-05-28,12,0.37,0.038,0.026,502
858,2006-11-16,2006-11-25,10,0.029,0.031,0.028,566
858,2006-12-06,2006-12-26,21,0.13,0.027,0.025,572
858,2008-01-30,2008-02-13,15,0.025,0.032,0.03,594
858,2008-02-26,2008-03-14,18,0.08,0.037,0.033,598
858,2008-09-04,2008-09-08,5,0.016,0.03,0.028,602
858,2012-08-21,2012-08-27,7,0.017,0.031,0.028,644
858,2012-12-09,2012-12-15,7,0.046,0.027,0.025,656
858,2012-12-17,2012-12-24,8,0.023,0.031,0.03,658
858,2013-01-11,2013-01-19,9,0.067,0.026,0.025,664
858,2013-08-28,2013-09-02,6,0.028,0.029,0.025,676
858,2016-06-07,2016-06-11,5,0.117,0.041,0.033,722
858,2016-06-18,2016-06-23,6,0.119,0.04,0.035,726
861,1980-04-02,1980-05-01,30,113.64,45.343,42.259,2
861,1980-05-18,1980-06-01,15,27.849,47.275,44.96,4
861,1980-12-17,1981-03-18,92,487.545,50.577,47.767,12
861,1981-03-20,1981-03-25,6,6.227,49.624,49.45,14
861,1981-04-18,1981-04-22,5,7.305,47.67,46.083,26
861,1981-04-24,1981-04-28,5,8.348,47.462,45.602,28
861,1981-04-30,1981-05-08,9,11.322,47.873,46.404,30
861,1981-05-10,1981-05-23,14,22.718,47.509,46.724,32
861,1981-07-27,1981-07-31,5,3.377,48.456,47.847,40
861,1981-08-10,1981-08-16,7,3.622,48.614,48.248,44
861,1981-08-18,1981-08-24,7,2.499,48.774,48.408,46
861,1981-12-29,1982-04-01,94,583.653,48.674,35.746,50
861,1982-05-20,1982-05-26,7,13.563,47.194,44.96,58
861,1982-08-02,1982-08-06,5,1.453,48.841,48.328,68
861,1982-08-10,1982-08-21,12,7.159,48.535,46.804,70
861,1982-10-24,1982-11-02,10,15.766,55.281,54.366,78
861,1983-01-25,1983-03-05,40,194.6,51.164,46.724,84
861,1983-03-11,1983-03-18,8,4.334,51.509,51.128,86
861,1983-03-21,1983-04-01,12,14.527,48.735,46.804,88
861,1983-12-27,1984-01-08,13,9.829,56.102,55.661,98
861,1984-02-08,1984-02-26,19,48.945,53.533,51.868,100
861,1984-03-09,1984-03-24,16,98.261,45.369,42.876,102
861,1985-01-22,1985-03-16,54,222.661,51.246,34.883,104
861,1985-07-27,1985-08-08,13,10.608,48.315,46.404,106
861,1985-08-20,1985-08-29,10,10.04,48.127,47.045,112
861,1985-10-17,1985-10-22,6,9.997,54.89,54.551,114
861,1985-10-27,1985-10-31,5,10.427,54.773,53.533,116
861,1985-11-08,1985-11-17,10,3.371,56.521,55.846,120
861,1985-12-07,1985-12-22,16,14.254,55.967,54.643,122
861,1985-12-28,1986-03-22,85,772.748,46.413,35.968,124
861,1987-01-23,1987-01-29,7,1.443,56.652,56.493,130
861,1987-03-02,1987-03-25,24,170.794,45.082,38.559,132
861,1987-04-30,1987-05-06,7,14.044,47.125,45.602,136
861,1987-07-03,1987-07-10,8,6.67,48.298,47.847,144
861,1988-02-06,1988-03-10,34,146.862,50.904,47.606,148
861,1988-05-14,1988-05-25,12,17.339,47.687,44.8,164
861,1988-06-26,1989-03-26,274,2362.418,45.111,40.187,168
861,1989-10-03,1989-11-04,33,89.628,53.359,51.775,182
861,1989-11-06,1989-11-10,5,4.229,56.012,55.013,184
861,1990-07-10,1990-07-18,9,3.786,48.711,48.408,188
861,1991-01-24,1991-02-05,13,4.278,56.529,56.308,190
861,1991-10-07,1991-10-11,5,2.805,54.606,53.996,198
861,1992-01-22,1992-02-02,12,6.319,56.331,55.846,210
861,1992-02-17,1992-03-07,20,82.686,50.577,47.366,212
861,1992-03-11,1992-03-30,20,71.085,47.172,44.319,214
861,1992-04-01,1992-04-19,19,72.154,45.334,42.037,216
861,1992-04-27,1992-05-25,29,116.769,45.105,41.667,220
861,1992-06-07,1992-06-16,10,7.476,48.384,46.965,224
861,1992-09-30,1992-10-05,6,2.677,53.795,52.885,226
861,1992-11-28,1993-03-27,120,663.893,50.088,37.374,234
861,1993-10-31,1993-11-04,5,9.502,54.958,52.238,238
861,1993-11-06,1993-11-12,7,18.093,54.273,52.7,240
861,1993-12-23,1994-01-03,12,21.027,55.106,52.885,244
861,1994-01-21,1994-03-10,49,409.109,47.451,36.264,246
861,1994-11-07,1994-11-12,6,6.351,55.8,54.736,252
861,1994-11-28,1994-12-02,5,52.457,46.367,32.644,254
861,1995-01-07,1995-02-02,27,42.778,55.274,54.088,260
861,1995-03-08,1995-03-13,6,13.472,50.47,49.13,262
861,1995-09-10,1995-09-15,6,16.06,47.9,47.205,270
861,1996-01-26,1996-02-09,15,12.131,56.049,55.661,278
861,1996-03-06,1996-03-14,9,21.741,50.163,47.847,280
861,1996-07-14,1996-07-21,8,9.156,47.987,46.724,284
861,1996-08-01,1996-08-06,6,4.502,48.381,48.007,290
861,1996-08-31,1996-09-06,7,6.24,48.396,48.007,296
861,1996-11-10,1996-11-17,8,28.08,53.348,50.758,300
861,1996-12-19,1997-01-03,16,13.328,56.025,55.568,302
861,1997-03-11,1997-03-27,17,62.543,47.492,43.597,306
861,1997-06-19,1997-06-27,9,11.962,47.802,45.602,310
861,1998-03-09,1998-03-21,13,22.936,50.131,48.488,320
861,1998-05-01,1998-05-15,15,26.794,47.345,41.445,322
861,1998-06-01,1998-06-06,6,17.89,46.15,44.8,328
861,1998-06-16,1998-06-20,5,4.338,48.264,47.446,334
861,1998-06-27,1998-07-02,6,13.562,46.871,44.8,336
861,1998-07-27,1998-08-13,18,23.608,47.82,46.564,340
861,1999-03-13,1999-03-20,8,17.263,49.431,48.328,354
861,1999-04-01,1999-04-08,8,25.332,46.003,42.876,360
861,1999-04-10,1999-04-14,5,17.487,45.634,43.918,362
861,1999-04-18,1999-04-24,7,29.118,44.972,43.277,364
861,1999-06-17,1999-06-22,6,7.066,47.954,47.125,384
861,2000-07-30,2000-08-29,31,24.433,48.343,47.847,408
861,2000-10-17,2000-10-22,6,2.312,56.231,55.753,412
861,2001-03-10,2001-03-21,12,13.401,50.676,49.53,414
861,2001-08-30,2001-09-06,8,8.188,48.218,47.526,416
861,2002-04-12,2002-04-17,6,9.152,47.606,46.644,422
861,2002-11-06,2002-11-21,16,13.514,56.013,55.013,442
861,2002-11-27,2002-12-11,15,10.095,56.185,55.846,444
861,2003-01-27,2003-01-31,5,0.435,56.771,56.771,446
861,2003-03-10,2003-03-17,8,10.453,50.898,50.011,448
861,2003-07-16,2003-07-25,10,25.114,46.62,44.479,464
861,2006-01-19,2006-01-24,6,1.819,56.555,56.216,490
861,2006-02-13,2006-02-18,6,2.764,56.108,55.661,494
861,2006-02-20,2006-02-24,5,1.855,55.106,55.013,496
861,2006-03-07,2006-03-11,5,5.357,52.053,51.405,498
861,2006-03-18,2006-04-01,15,55.16,46.494,44.559,500
861,2006-07-26,2006-08-14,20,19.362,48.163,47.045,508
861,2006-08-20,2006-09-06,18,24.564,47.815,46.724,510
861,2007-01-17,2007-01-23,7,3.201,56.401,56.216,512
861,2007-02-06,2007-02-11,6,1.355,56.632,56.586,516
861,2010-03-07,2010-03-15,9,22.715,50.055,47.366,538
861,2010-11-23,2010-11-30,8,9.856,55.626,54.921,540
861,2011-02-08,2011-02-18,11,7.167,56.022,55.753,544
861,2011-03-09,2011-03-20,12,20.824,50.263,48.488,546
861,2016-11-20,2016-11-29,10,30.577,53.8,52.211,560
861,2019-03-11,2019-03-19,9,20.46,49.623,47.168,584
870,2004-07-25,2004-10-04,72,16874.2,12706.18,12460.615,2
870,2005-01-29,2005-02-03,6,111.53,13217.56,13211.804,4
870,2005-03-12,2005-05-27,77,29218.043,13172.269,12894.8,14
870,2005-08-28,2005-09-16,20,2003.03,12788.967,12697.443,16
870,2005-09-25,2005-10-13,19,1404.723,12711.725,12662.906,20
870,2006-07-13,2007-04-11,273,113575.426,12651.831,12085.637,24
872,1981-06-04,1982-12-01,546,10235.782,63.389,51.257,2
872,1983-04-09,1984-05-04,392,4205.093,71.154,61.68,6
872,1985-07-01,1986-05-10,314,2177.579,73.311,68.074,8
872,1986-07-17,1986-10-02,78,371.934,80.355,76.879,10
872,1988-06-27,1993-08-19,1880,61331.451,49.139,22.916,12
872,2006-06-28,2008-05-23,696,4925.618,74.08,66.303,14
882,1989-05-31,1991-06-06,737,6748.163,32.544,29.569,2
882,2006-07-22,2006-09-23,64,88.448,41.325,39.663,4
882,2006-12-19,2007-03-11,83,15.713,39.507,39.381,8
882,2007-04-16,2008-06-04,416,1876.071,37.448,34.478,12
884,1984-12-02,1984-12-06,5,208.078,1968.141,1952.599,2
884,1985-03-26,1985-04-03,9,558.532,1957.122,1929.163,4
884,1986-10-08,1986-10-17,10,737.537,1920.528,1878.59,6
884,1996-10-13,1996-10-30,18,3089.871,1825.071,1747.841,12
884,1997-03-03,1997-03-07,5,75.066,2007.365,2000.705,14
884,1997-04-09,1997-04-15,7,250.628,1980.793,1966.167,22
884,2002-05-17,2002-06-01,16,971.569,1943.964,1899.559,32
884,2005-12-26,2005-12-30,5,83.824,1998.731,1985.903,50
884,2006-02-28,2006-03-04,5,124.453,1997.744,1971.101,58
884,2006-12-18,2006-12-23,6,98.929,1997.209,1984.669,92
884,2007-01-30,2007-02-03,5,37.594,2014.273,2004.405,102
884,2008-01-28,2008-02-01,5,56.498,2010.325,1999.471,134
884,2008-03-25,2008-03-29,5,76.609,2004.158,1992.07,144
884,2009-12-12,2009-12-17,6,56.011,2002.76,1992.07,200
884,2010-01-25,2010-01-29,5,45.363,2012.053,1995.771,210
884,2010-03-02,2010-03-06,5,95.228,2003.418,1994.537,216
884,2010-03-16,2010-03-21,6,33.416,2015.506,2009.339,218
884,2010-12-06,2010-12-10,5,182.961,1973.568,1966.167,252
884,2011-05-03,2011-05-07,5,100.464,1990.59,1978.502,284
884,2011-05-24,2011-06-20,28,894.683,1968.854,1941.498,290
884,2011-07-16,2011-09-17,64,1453.16,1965.801,1947.665,294
884,2011-09-28,2011-10-06,9,161.499,1973.842,1960,296
884,2012-08-07,2012-08-17,11,251.531,1964.934,1951.365,350
885,1982-05-25,1984-05-10,717,5276.552,7.876,0.712,2
885,2006-02-18,2007-03-20,396,148.084,14.819,14.354,4
885,2007-07-25,2007-11-11,110,16.573,15.51,15.109,6
885,2007-11-13,2007-11-18,6,0.139,15.075,15.063,8
885,2008-03-01,2008-05-22,83,18.571,14.775,14.545,12
893,2006-06-22,2007-10-07,473,3003.244,61.113,53.379,2
893,2008-01-29,2008-05-14,107,196.843,70.418,65.377,6
895,1992-09-22,1992-09-26,5,81.915,409.515,402.114,12
895,1997-03-26,1997-04-03,9,243.264,381.556,350.308,20
895,1999-01-04,1999-01-09,6,96.232,395.947,383.612,26
895,2001-08-08,2001-08-13,6,17.067,414.449,411.982,30
895,2002-06-27,2002-07-04,8,39.437,403.656,399.648,32
895,2002-08-17,2002-08-21,5,28.71,413.709,411.982,36
895,2009-12-27,2010-01-09,14,296.614,391.894,377.445,46
895,2010-08-16,2010-08-25,10,74.311,412.352,407.048,54
895,2011-04-29,2011-05-05,7,86.002,396.3,384.846,62
895,2011-07-21,2011-07-27,7,53.313,404.934,400.881,66
895,2011-08-14,2011-08-24,11,93.022,411.085,400.881,70
895,2011-09-07,2011-09-17,11,68.953,417.925,415.683,72
895,2012-01-19,2012-01-26,8,135.678,391.63,381.145,74
895,2013-07-31,2013-08-15,16,122.312,408.976,399.648,78
895,2013-08-19,2013-09-06,19,129.276,414.709,410.749,80
895,2014-03-01,2014-03-05,5,47.158,399.154,392.247,84
895,2014-03-19,2014-03-30,12,51.753,404.273,400.881,86
895,2014-04-10,2014-04-14,5,3.987,407.788,407.048,88
895,2014-04-20,2014-04-27,8,9.831,407.357,405.815,90
895,2014-05-02,2014-05-09,8,85.073,397.952,392.247,92
895,2014-07-08,2014-07-12,5,17.02,405.568,404.581,98
895,2014-07-16,2014-07-26,11,55.191,406.824,402.114,100
895,2014-07-31,2014-08-05,6,16.235,412.393,410.749,102
895,2014-08-11,2014-08-27,17,87.416,414.304,408.282,104
895,2014-09-03,2014-10-11,39,592.628,410.085,397.181,106
895,2014-10-29,2014-11-06,9,23.818,423.084,421.85,108
895,2015-03-11,2015-03-19,9,27.408,405.54,404.581,112
895,2015-06-19,2015-06-26,8,9.832,407.357,405.815,120
895,2015-07-16,2015-07-27,12,21.798,410.132,409.515,122
895,2015-07-31,2015-08-17,18,140.855,409.035,405.815,124
895,2015-08-21,2015-09-08,19,188.416,411.982,403.348,126
895,2016-01-18,2016-01-22,5,33.63,401.868,395.947,130
895,2016-01-28,2016-02-03,7,24.332,405.11,403.348,132
895,2016-03-21,2016-03-30,10,67.179,401.868,399.648,134
895,2016-04-13,2016-04-17,5,22.49,404.088,402.114,136
895,2016-05-20,2016-05-24,5,11.387,406.308,403.348,138
895,2016-06-09,2016-06-17,9,48.377,403.211,399.648,140
895,2016-07-05,2016-07-12,8,14.715,407.048,407.048,144
895,2016-07-15,2016-09-05,53,342.379,410.819,403.348,146
895,2017-05-10,2017-05-16,7,32.964,403.877,400.881,154
895,2017-05-29,2017-06-03,6,64.73,397.797,389.78,156
895,2017-08-06,2017-08-15,10,50.566,412.476,408.282,164
895,2017-12-27,2018-01-08,13,408.976,381.809,360.176,166
895,2018-02-06,2018-02-15,10,57.311,402.855,400.881,170
895,2018-02-21,2018-02-25,5,18.788,404.828,403.348,172
895,2018-05-18,2018-05-22,5,21.257,404.334,402.114,178
895,2018-05-29,2018-06-02,5,37.29,401.128,397.181,180
895,2018-07-08,2018-07-12,5,47.855,399.401,394.714,182
895,2018-12-30,2019-01-05,7,151.808,391.542,377.445,186
895,2019-01-21,2019-03-12,51,906.078,390.82,357.709,188
895,2019-03-28,2019-04-06,10,172.025,391.383,379.912,190
895,2019-04-09,2019-04-17,9,177.891,388.82,376.211,192
895,2019-06-12,2019-06-17,6,20.325,405.198,403.348,200
895,2019-07-01,2019-07-05,5,17.555,405.075,400.881,202
895,2019-07-20,2019-07-28,9,88.116,402.663,397.181,206
895,2019-08-05,2019-08-10,6,25.714,412.393,410.749,208
895,2019-08-16,2019-08-31,16,227.615,406.278,392.247,210
895,2019-09-08,2019-09-15,8,95.996,412.136,389.78,212
895,2019-09-26,2019-10-23,28,320.459,415.066,407.048,214
895,2019-10-31,2019-11-29,30,320.761,413.38,409.515,216
895,2019-12-04,2019-12-08,5,58.968,408.282,402.114,218
895,2020-01-12,2020-01-28,17,984.597,351.034,300.969,220
898,1980-08-08,1980-10-06,60,2898.509,141.562,83.402,2
898,1981-08-02,1981-10-08,68,3809.733,141.671,86.932,4
898,1982-08-16,1982-10-07,53,2636.438,131.689,85.421,6
898,1983-09-21,1983-09-29,9,95.847,141.247,135.677,8
898,1984-09-01,1984-10-18,48,2271.517,107.26,72.664,10
898,1985-07-28,1985-10-04,69,3713.9,154.159,89.622,14
898,1987-08-22,1987-10-02,42,1113.189,152.21,115.878,18
898,1988-08-02,1988-10-07,67,3471.514,144.61,96.743,20
898,1989-07-28,1989-10-07,72,5609.501,127.198,77.738,22
898,1990-02-12,1990-05-14,92,2096.277,411.011,350.268,24
898,1990-07-17,1990-10-21,97,6206.817,142.742,81.687,28
898,1991-01-22,1991-05-13,112,4916.722,367.084,277.08,32
898,1991-08-16,1991-10-08,54,2324.606,137.471,97.572,34
898,1992-02-19,1992-05-27,99,2364.342,418.712,361.062,38
898,1992-08-15,1992-10-18,65,4016.178,110.202,77.275,40
898,1993-01-29,1993-04-23,85,2274.592,380.263,300.738,44
898,1993-09-08,1993-09-29,22,295.584,149.784,140.824,46
898,1994-05-29,1994-06-03,6,27.055,438.83,436.954,50
898,1994-07-04,1994-07-08,5,54.018,353.793,351.348,54
898,1994-07-11,1994-07-22,12,114.824,323.465,308.966,56
898,1994-07-24,1994-10-07,76,3172.635,168.556,121.915,58
898,1995-02-12,1995-05-08,86,1230.372,417.236,348.211,60
898,1995-08-30,1995-10-14,46,1710.523,123.597,100.437,62
898,1996-08-31,1996-10-06,37,1035.476,135.838,113.158,64
898,1998-08-21,1998-09-29,40,1566.95,143.401,109.96,68
898,1999-08-28,1999-09-23,27,578.432,158.998,141.858,72
898,2000-08-28,2000-10-05,39,902.804,144.468,112.448,76
898,2001-08-09,2001-09-30,53,2528.41,148.889,100.039,78
898,2002-07-03,2002-09-30,90,6925.269,169.584,86.032,82
898,2003-01-22,2003-04-25,94,4060.963,356.662,286.409,84
898,2003-08-14,2003-09-16,34,1592.857,158.292,131.95,88
898,2004-02-19,2004-02-23,5,21.685,369.139,366.082,90
898,2004-02-26,2004-04-17,52,610.637,423.33,376.764,92
898,2004-08-03,2004-09-24,53,3277.192,146.317,103.078,94
898,2005-02-12,2005-02-17,6,23.617,350.272,346.943,96
898,2005-02-19,2005-04-30,71,1729.132,410.553,356.382,98
898,2005-08-24,2005-09-21,29,791.898,159.809,138.718,100
898,2006-02-12,2006-04-12,60,1305.609,393.542,347.431,102
898,2006-08-10,2006-09-16,38,1444.395,172.625,135.096,104
898,2007-02-26,2007-03-30,33,376.451,408.815,381.195,108
898,2007-07-27,2007-09-30,66,3589.862,159.227,100.349,112
898,2008-02-05,2008-04-20,76,2090.99,386.472,324.677,114
898,2008-08-21,2008-09-29,40,1499.435,143.217,110.379,118
898,2009-02-12,2009-04-11,59,1575.795,387.762,340.449,122
898,2009-08-31,2009-09-25,26,730.504,147.022,126.562,124
898,2010-03-19,2010-03-23,5,21.4,432.748,429.134,132
898,2012-08-14,2012-09-17,35,1143.236,168.805,131.431,138
898,2013-02-05,2013-02-10,6,31.509,328.874,324.699,140
898,2013-02-12,2013-04-21,69,1971.748,393.51,335.901,142
898,2013-08-15,2013-09-23,40,1117.182,168.289,144.27,146
898,2014-08-25,2014-10-14,51,1806.582,130.392,105.037,148
898,2015-01-08,2015-01-13,6,32.483,246.163,242.243,150
898,2015-01-15,2015-04-22,98,4938.527,338.165,253.099,152
898,2015-09-11,2015-09-23,13,115.631,156.739,151.28,156
898,2017-09-01,2017-10-01,31,1096.875,133.255,103.737,162
898,2018-02-12,2018-04-10,58,920.311,397.743,345.101,164
898,2018-09-01,2018-09-11,11,127.529,176.734,169.438,166
913,2004-02-26,2004-03-01,5,15.24,763.104,759.7,4
913,2004-07-03,2004-07-07,5,30.35,668.522,663.366,12
913,2004-07-10,2004-07-14,5,26.919,650.217,643.507,14
913,2004-07-16,2004-10-28,105,6013.137,481.844,421.11,16
913,2004-12-16,2004-12-21,6,24.007,586.807,582.079,18
913,2004-12-23,2005-05-05,134,6557.31,691.181,591.454,20
913,2006-07-18,2006-10-25,100,5993.068,479.852,439.736,30
913,2007-01-01,2007-04-22,112,4325.311,704.748,616.247,34
919,2002-04-02,2002-04-28,27,4.581,20.963,20.837,8
919,2002-07-11,2002-08-22,43,21.61,20.469,19.741,16
919,2003-04-10,2003-05-03,24,4.657,21.021,20.893,24
919,2003-08-07,2003-09-10,35,9.032,20.342,19.898,28
919,2003-09-28,2003-10-10,13,1.296,19.804,19.722,32
919,2003-10-29,2003-11-02,5,0.196,19.716,19.688,36
919,2003-11-16,2004-02-29,106,18.379,19.701,19.494,38
919,2004-04-08,2004-05-29,52,14.265,21.049,20.819,44
919,2004-06-07,2004-06-20,14,2.532,21.275,21.096,50
919,2004-06-25,2004-07-01,7,0.286,21.334,21.3,52
919,2004-08-09,2004-08-13,5,0.258,20.76,20.69,56
919,2004-08-31,2005-02-03,157,44.989,19.573,19.318,62
919,2005-03-05,2005-04-23,50,18.953,20.502,20.339,66
919,2005-04-25,2005-05-10,16,3.346,21.123,20.948,68
919,2006-07-24,2006-08-16,24,4.96,20.718,20.426,76
919,2006-08-30,2006-09-09,11,0.896,20.335,20.216,80
920,1980-04-01,1980-04-07,7,8.205,4.989,4.593,1
920,1980-04-20,1980-04-24,5,0.549,6.123,5.997,5
920,1980-09-25,1980-09-29,5,1.608,4.782,4.653,13
920,1980-10-01,1980-10-15,15,7.281,4.551,4.008,15
920,1981-03-04,1981-03-22,19,25.114,4.671,3.773,23
920,1981-10-03,1981-11-06,35,18.826,4.465,3.493,31
920,1982-03-17,1982-04-16,31,40.653,4.819,3.715,41
920,1982-09-30,1982-10-23,24,16.156,4.355,3.95,45
920,1983-07-11,1983-08-06,27,94.356,2.245,0,57
920,1983-10-09,1983-10-29,21,19.075,4.092,3.438,59
920,1983-12-17,1984-01-07,22,74.263,1.85,0,63
920,1984-01-14,1984-01-27,14,11.707,4.619,3.89,65
920,1984-03-28,1984-04-09,13,7.454,5.58,5.072,71
920,1984-04-23,1984-04-29,7,2.076,5.944,5.812,75
920,1984-10-11,1984-10-28,18,10.614,4.406,3.549,77
920,1984-12-31,1985-01-05,6,9.215,3.741,2.133,87
920,1985-01-11,1985-01-25,15,16.867,4.305,3.049,89
920,1985-01-31,1985-02-15,16,22.942,4.218,3.16,91
920,1985-03-15,1985-03-19,5,1.233,5.775,5.627,95
920,1985-03-23,1985-03-28,6,1.744,5.802,5.442,97
920,1985-10-21,1985-10-28,8,6.813,4.132,3.715,111
920,1986-02-23,1986-02-28,6,0.624,5.74,5.627,125
920,1986-04-18,1986-04-28,11,2.176,6.034,5.38,131
920,1986-10-02,1986-10-24,23,17.906,4.243,3.438,137
920,1987-03-21,1987-03-31,11,3.409,5.785,4.711,153
920,1987-10-02,1987-10-07,6,2.209,4.693,4.242,163
920,1987-10-09,1987-10-25,17,10.148,4.408,3.773,165
920,1988-02-07,1988-02-16,10,4.524,5.243,4.359,169
920,1988-03-06,1988-03-14,9,7.177,5.178,4.476,171
920,1988-03-21,1988-04-10,21,11.07,5.607,5.195,173
920,1988-10-06,1988-10-23,18,10.72,4.415,3.216,177
920,1989-02-10,1989-02-16,7,4.106,5.125,4.949,185
920,1989-03-03,1989-03-09,7,6.036,5.066,4.653,187
920,1989-04-01,1989-04-05,5,1.206,5.911,5.812,191
920,1989-04-07,1989-04-11,5,1.046,5.973,5.936,193
920,1989-04-28,1989-05-03,6,1.734,5.956,5.689,197
920,1989-10-06,1989-10-16,11,5.646,4.514,4.125,201
920,1989-10-18,1989-10-27,10,2.66,4.723,4.476,203
920,1990-03-01,1990-03-05,5,0.467,5.8,5.689,209
920,1990-04-01,1990-04-21,21,6.039,5.9,5.565,219
920,1990-10-05,1990-10-22,18,26.872,3.526,2.291,225
920,1990-12-20,1990-12-24,5,1.068,4.963,4.711,227
920,1991-04-06,1991-04-11,6,1.086,5.997,5.75,235
920,1992-10-07,1992-10-18,12,7.047,4.428,4.125,243
920,1993-09-25,1993-10-04,10,4.589,4.628,3.105,255
920,1993-10-08,1993-10-17,10,6.351,4.383,3.773,257
920,1994-10-07,1994-10-20,14,9.555,4.335,2.661,263
920,1996-04-03,1996-04-08,6,5.609,5.232,4.536,279
920,1997-03-30,1997-04-07,9,8.082,5.248,4.242,289
920,1997-04-11,1997-04-29,19,15.37,5.413,5.134,291
920,1997-10-08,1997-10-20,13,12.785,4.03,3.832,293
920,1998-04-01,1998-04-15,15,18.2,4.961,4.008,295
920,1998-10-06,1998-10-11,6,3.007,4.536,4.008,299
920,1999-02-27,1999-03-10,12,10.987,4.998,4.008,301
920,1999-09-14,1999-09-19,6,4.155,4.49,3.438,303
920,2000-03-10,2000-03-19,10,6.083,5.407,4.536,305
920,2000-10-28,2000-11-01,5,0.96,4.781,4.653,309
920,2000-11-03,2000-11-12,10,4.35,4.541,4.242,311
920,2001-10-01,2001-10-23,23,19.75,4.166,3.66,315
920,2002-09-17,2002-10-08,22,28.62,3.802,2.827,319
920,2002-10-11,2002-11-04,25,31.808,3.719,3.271,321
920,2003-05-05,2003-05-14,10,7.094,5.537,4.593,335
920,2003-09-06,2003-09-18,13,7.749,4.626,4.008,339
920,2004-08-19,2004-08-23,5,2.85,4.844,4.476,363
920,2004-08-31,2004-09-06,7,2.851,4.886,4.359,365
920,2005-02-07,2005-02-11,5,1.445,5.368,5.134,371
920,2005-02-24,2005-03-08,13,4.83,5.518,5.195,377
920,2005-03-12,2005-03-21,10,2.895,5.738,5.565,379
920,2005-04-02,2005-04-16,15,3.493,5.948,5.689,381
920,2005-05-06,2005-05-10,5,0.555,6.136,5.997,383
920,2005-05-21,2005-05-26,6,2.927,5.73,5.319,387
920,2006-04-12,2006-04-24,13,6.544,5.713,5.072,395
920,2006-04-30,2006-05-18,19,6.983,5.877,5.442,397
920,2006-08-21,2006-08-28,8,9.04,4.266,3.66,399
920,2006-10-02,2006-10-13,12,14.378,3.845,3.049,401
920,2007-03-21,2007-05-01,42,80.013,4.271,3.773,405
920,2007-08-25,2007-08-30,6,1.27,5.154,4.949,419
920,2008-08-25,2008-08-29,5,3.738,4.609,4.008,425
920,2009-03-15,2009-03-24,10,2.077,5.837,5.689,431
920,2011-09-30,2011-10-07,8,4.472,4.507,4.008,461
920,2011-10-10,2011-10-31,22,19.28,4.12,3.832,463
920,2014-10-16,2014-10-27,12,11.317,4.048,3.66,489
920,2016-09-13,2016-10-09,27,34.854,3.818,3.382,497
920,2017-09-11,2017-11-06,57,117.963,2.989,2.605,501
924,1983-07-09,1983-11-27,142,3964.144,213.985,205.152,2
924,1984-02-27,1984-04-22,56,951.732,212.082,193.931,4
924,1984-08-11,1985-02-24,198,3793.306,214.675,192.972,8
924,1985-03-19,1985-08-01,136,3098.197,216.984,210.203,10
924,1988-05-27,1990-04-29,703,19294.328,208.224,192.175,14
924,1993-11-28,1995-04-17,506,21246.255,191.219,177.347,16
924,1997-09-30,1997-10-07,8,4.626,243.574,242.947,22
924,2000-04-07,2000-06-27,82,1026.81,227.761,224.527,26
924,2000-09-09,2000-09-24,16,29.27,242.886,241.02,28
924,2006-06-29,2006-12-31,186,1489.531,231.405,223.299,34
929,1983-07-12,1983-08-12,32,99.46,40.99,39.743,8
929,1983-12-30,1984-01-11,13,38.493,43.49,40.248,10
929,1984-01-28,1984-02-03,7,4.231,45.937,45.386,12
929,1985-03-13,1985-03-23,11,6.572,45.944,45.115,18
929,1985-05-04,1985-05-20,17,45.38,43.872,42.13,20
929,1987-01-21,1987-01-25,5,3.604,45.82,45.657,22
929,1988-03-23,1988-04-02,11,4.962,46.09,45.657,26
929,1991-03-29,1991-04-17,20,22.739,45.404,44.572,36
929,1993-02-03,1993-02-07,5,4.418,45.657,45.115,38
929,1994-05-16,1994-05-24,9,5.692,45.909,45.386,40
929,1997-01-13,1997-01-18,6,4.182,45.844,45.657,46
929,1999-03-12,1999-03-16,5,4.4,45.661,45.115,54
929,2001-10-26,2001-11-02,8,9.69,35.914,34.568,60
929,2002-04-07,2002-04-20,14,37.863,43.837,41.858,64
929,2002-06-27,2002-07-12,16,38.705,44.122,41.858,66
929,2002-10-11,2002-10-19,9,29.16,33.131,30.664,68
929,2003-02-25,2003-03-17,21,51.917,44.069,41.587,76
929,2003-08-25,2003-09-27,34,86.306,35.065,32.249,78
929,2004-05-07,2004-05-15,9,4.877,45.999,45.386,86
929,2004-08-20,2004-09-27,39,349.044,28.828,21.728,92
929,2005-03-07,2005-03-15,9,3.718,46.128,45.386,96
929,2006-03-27,2006-04-02,7,11.033,44.965,43.215,118
929,2006-08-25,2006-09-10,17,35.252,36.296,35.037,124
929,2006-12-28,2007-01-01,5,1.781,45.719,44.843,126
929,2008-04-10,2008-04-16,7,20.839,43.564,41.587,148
929,2008-11-20,2008-12-13,24,144.421,35.428,30.664,152
929,2009-03-10,2009-03-15,6,4.144,45.85,44.843,162
929,2009-03-19,2009-03-25,7,9.407,45.197,44.3,164
929,2010-01-30,2010-03-01,31,71.322,44.24,42.672,170
929,2010-10-16,2010-10-25,10,13.653,35.228,34.568,180
929,2011-02-02,2011-02-06,5,7.945,44.952,44.029,186
929,2011-02-25,2011-03-01,5,2.446,46.052,45.386,190
929,2011-03-06,2011-03-14,9,7.284,45.732,44.3,192
929,2013-08-18,2013-09-13,27,110.851,34.535,31.337,210
929,2014-01-08,2014-01-16,9,4.589,46.031,45.657,216
929,2014-10-15,2014-11-05,22,149.068,30.134,25.749,238
929,2015-12-30,2016-01-12,14,8.62,45.842,44.843,256
929,2016-03-21,2016-03-29,9,16.057,44.757,44.029,258
929,2016-12-11,2016-12-21,11,28.386,41.396,39.996,260
929,2016-12-31,2017-01-04,5,2.715,45.882,45.386,264
929,2017-01-06,2017-01-10,5,4.961,45.549,45.386,266
929,2017-02-05,2017-02-10,6,5.284,45.66,45.115,274
929,2017-02-12,2017-02-26,15,20.276,45.189,44.3,276
929,2017-10-06,2017-10-12,7,19.906,33.422,30.448,286
929,2017-12-24,2018-01-27,35,262.624,38.904,34.1,290
929,2018-02-05,2018-02-18,14,17.203,45.312,44.029,292
929,2018-03-20,2018-03-25,6,5.537,45.618,44.843,296
929,2018-09-23,2018-10-04,12,71.435,30.436,26.156,298
931,2006-07-13,2006-12-29,170,356.32,6.427,4.618,2
931,2007-03-10,2007-06-04,87,86.703,5.291,4.828,4
931,2008-02-14,2008-02-18,5,0.188,6.311,6.261,10
931,2008-02-20,2008-05-25,96,71.791,5.461,4.899,12
931,2009-05-07,2009-09-30,147,241.954,6.319,5.11,14
936,2014-05-23,2014-08-12,82,24.347,11.148,10.99,18
936,2014-11-19,2015-02-24,98,10.068,11.377,10.945,22
936,2015-02-26,2015-03-02,5,0.184,11.963,11.949,24
936,2017-04-10,2017-06-03,55,30.336,11.428,11.037,28
936,2017-06-19,2017-08-13,56,6.735,11.169,10.906,34
936,2017-08-22,2018-05-20,272,140.707,10.925,10.376,38
938,1980-08-07,1980-11-16,102,269.807,16.562,13.809,2
938,1986-08-24,1986-09-10,18,11.941,19.477,18.941,12
938,1990-08-01,1990-08-19,19,25.18,21,19.552,20
938,1990-08-21,1990-10-12,53,89.566,17.541,16.493,22
938,1991-08-15,1991-10-27,74,160.168,17.004,16.291,24
938,1995-08-26,1995-10-07,43,83.133,17.235,16.045,28
938,1998-08-31,1998-09-09,10,4.125,19.502,19.23,30
938,2002-08-01,2002-11-07,99,283.196,16.678,14.924,38
938,2002-12-24,2002-12-28,5,0.755,21.97,21.835,42
938,2003-01-01,2003-01-05,5,1.083,22.664,22.484,44
938,2003-01-08,2003-03-31,83,66.675,26.797,23.118,46
938,2003-08-21,2003-09-02,13,7.549,20.035,19.839,52
938,2004-08-23,2004-09-27,36,56.207,17.934,16.964,54
938,2012-08-08,2012-10-14,68,146.247,17.488,16.007,62
938,2013-04-13,2013-06-03,52,101.979,28.753,27.071,64
938,2013-07-18,2013-10-03,78,105.47,19.663,16.587,68
938,2014-01-29,2014-06-22,145,565.563,25.681,25.156,70
938,2017-09-04,2017-09-16,13,8.468,18.815,18.507,74
939,2010-02-16,2010-03-05,18,1.625,7.278,7.207,10
939,2010-03-20,2010-03-27,8,1.959,7.169,7.081,12
939,2010-03-31,2010-04-13,14,3.391,7.18,7.033,14
939,2010-05-06,2010-05-19,14,1.222,7.308,7.243,16
939,2010-06-06,2010-06-12,7,0.553,7.255,7.186,18
939,2010-10-06,2010-10-11,6,0.134,7.03,6.998,24
939,2010-12-13,2010-12-24,12,0.586,7.122,7.081,26
939,2011-03-10,2011-04-27,49,19.646,7.015,6.697,28
939,2011-09-08,2011-10-02,25,3.146,6.938,6.792,32
939,2011-10-04,2011-10-29,26,3.944,6.903,6.764,34
939,2012-01-17,2012-12-14,333,164.033,6.747,6.063,36
939,2013-05-09,2013-05-26,18,2.701,7.237,7.11,38
948,2004-01-22,2005-04-10,445,3821.499,138.813,131.959,2
948,2006-07-06,2006-09-09,66,216.755,148.609,144.962,4
953,1980-04-01,1987-07-09,2656,12902.277,5.737,3.719,1
953,1988-06-26,1988-07-19,24,23.568,9.948,9.308,5
953,1988-08-05,1992-08-07,1464,NA,NA,NA,7
953,2005-01-15,2005-04-06,82,19.493,10.565,10.255,19
953,2005-05-16,2005-05-29,14,0.822,11.246,11.173,21
953,2005-07-17,2005-08-21,36,4.554,10.478,10.255,27
953,2006-02-05,2006-09-26,234,78.438,10.544,9.611,37
953,2006-09-28,2007-02-19,145,43.989,9.782,9.444,39
957,1980-04-01,1980-05-03,33,29.726,13.312,12.866,1
957,1981-10-02,1983-03-06,521,225.492,13.456,13.103,3
957,2006-06-26,2006-07-02,7,0.499,13.959,13.912,5
957,2006-09-01,2006-10-05,35,3.599,13.617,13.51,7
957,2006-10-07,2006-10-13,7,0.125,13.702,13.687,9
957,2011-03-12,2011-05-11,61,10.029,14.031,13.932,11
957,2012-10-09,2013-09-11,338,247.209,13.207,11.835,13
957,2018-10-15,2018-11-29,46,8.013,13.546,13.435,17
957,2018-12-09,2019-01-06,29,2.377,13.654,13.565,19
957,2019-01-15,2019-03-13,58,12.086,13.784,13.677,23
965,2002-07-09,2002-08-28,51,772.374,292.284,281.076,2
965,2002-09-05,2002-10-05,31,181.713,270.555,260.491,6
965,2006-07-23,2006-08-19,28,507.727,289.015,280.185,8
965,2006-10-24,2006-10-28,5,7.942,247.689,246.982,10
965,2012-07-23,2013-04-28,280,13745.844,209.047,172.663,14
965,2014-04-23,2014-04-27,5,8.585,290.772,290.525,20
965,2014-05-07,2014-05-11,5,5.515,300.611,300.359,22
967,1989-04-30,1989-08-27,120,1009.064,215.783,209.067,2
967,1991-10-26,1991-11-04,10,16.598,194.223,193.413,4
967,2002-07-13,2003-09-02,417,4052.855,198.127,176.041,6
967,2006-07-28,2006-08-25,29,144.451,218.485,215.949,10
967,2012-08-01,2012-10-13,74,528.996,207.727,199.605,12
967,2013-01-05,2013-05-03,119,1263.245,185.513,179.864,20
967,2018-08-01,2018-08-09,9,41.64,220.259,214.959,28
967,2018-08-19,2018-08-23,5,35.441,213.796,213.311,30
968,1987-10-17,1987-10-29,13,119.902,358.977,355.997,2
968,1988-06-10,1988-07-03,24,100.101,420.878,419.003,8
968,1989-06-04,1989-06-27,24,168.405,416.531,413.259,12
968,1992-04-28,1992-06-18,52,581.31,402.867,396.864,16
968,2002-07-18,2002-10-28,103,1478.799,385.488,361.058,20
968,2002-12-01,2003-02-20,82,310.598,352.112,349.198,24
968,2003-03-05,2003-06-25,113,1619.381,382.97,358.053,26
968,2012-07-31,2012-11-03,96,1397.604,378.976,357.48,28
968,2012-11-06,2012-11-10,5,4.867,356.039,355.334,30
968,2012-11-14,2013-06-06,205,2921.65,358.195,345.166,32
972,2014-08-31,2015-09-30,396,5076.79,208.835,196.247,6
972,2015-11-09,2015-11-25,17,361.124,199.755,191.947,10
972,2016-01-21,2016-02-06,17,396.828,199.472,192.573,14
972,2016-04-04,2016-04-19,16,404.424,197.922,190.859,18
972,2016-06-16,2016-06-28,13,78.363,215.606,213.467,20
972,2016-08-30,2016-09-04,6,15.909,217.608,216.75,22
972,2019-06-30,2019-07-11,12,316.351,194.943,191.884,26
975,1989-07-21,1989-08-28,39,72.908,129.498,127.46,2
975,2012-08-20,2012-12-08,111,194.681,123.151,117.987,4
975,2012-12-11,2012-12-15,5,1.631,117.452,117.258,6
975,2013-01-24,2013-01-29,6,0.847,115.694,115.602,14
975,2013-01-31,2013-05-31,121,638.791,115.816,114.349,16
975,2013-06-25,2014-06-10,351,2825.367,115.475,109.412,18
980,2012-08-12,2013-05-31,293,1301.362,54.617,50.532,2
980,2015-04-06,2015-05-07,32,19.811,58.415,57.961,6
980,2018-06-10,2018-10-08,121,569.313,57.895,55.552,12
981,1982-12-01,1984-04-04,491,4116.456,37.115,30.578,2
981,1988-08-10,1989-07-16,341,4927.422,31.498,28.064,4
981,2006-05-07,2007-03-08,306,1754.339,40.251,35.821,6
981,2012-08-16,2013-07-26,345,1234.907,42.443,38.65,8
982,1989-04-30,1989-08-28,121,682.118,159.798,155.296,2
982,1991-07-09,1992-03-18,254,2587.43,149.256,140.558,4
982,2000-08-09,2001-02-25,201,915.494,154.2,143.746,6
982,2001-03-01,2001-03-16,16,97.905,147.098,145.593,8
982,2003-01-22,2003-04-20,89,318.528,150.162,148.945,10
982,2012-10-08,2012-10-13,6,3.429,162.47,162.051,18
982,2013-02-17,2013-02-21,5,2.358,151.719,151.215,24
982,2013-02-28,2013-03-10,11,6.868,152.312,151.965,28
982,2013-03-12,2013-05-03,53,107.271,154.35,152.852,30
982,2013-06-18,2013-08-12,56,269.169,162.524,159.804,34
982,2014-04-30,2014-05-24,25,53.025,158.885,158.323,40
982,2018-07-16,2018-08-26,42,133.328,164.71,163.025,42
987,1980-04-01,1980-06-13,74,1618.23,119.43,112.865,1
987,1980-08-03,1982-11-19,839,32788.206,78.75,37.189,5
987,1991-09-06,1991-11-18,74,260.431,95.724,93.41,7
987,2002-08-17,2002-11-24,100,231.801,96.925,95.35,9
987,2002-11-26,2002-11-30,5,5.622,100.145,99.345,11
987,2002-12-03,2004-05-05,520,6780.484,112.453,79.684,13
987,2004-05-08,2004-06-30,54,335.758,123.343,115.359,15
989,1989-04-14,1989-05-07,24,1012.693,1415.661,1382.181,14
989,1996-03-07,1996-03-23,17,299.207,1426.531,1418.615,16
989,1996-03-25,1996-03-29,5,59.142,1439.607,1435.974,18
989,1996-04-18,1996-04-22,5,7.813,1456.272,1452.866,20
989,1997-07-24,1997-08-18,26,543.053,1375.598,1356.317,28
989,1998-05-14,1998-05-21,8,141.595,1437.336,1428.605,30
989,1998-07-08,1998-07-15,8,160.117,1399.68,1392.315,32
989,2000-12-19,2001-01-29,42,789.096,1369.875,1357.959,40
989,2001-05-03,2001-05-12,10,209.901,1436.505,1425.654,42
989,2002-03-29,2002-04-14,17,338.622,1434.423,1417.002,46
989,2003-02-28,2003-03-19,20,585.435,1410.579,1400.364,50
989,2006-02-24,2006-03-08,13,44.849,1431.131,1426.985,56
989,2006-08-01,2006-08-26,26,223.985,1380.867,1371.297,58
989,2006-09-29,2006-11-28,61,336.307,1347.902,1340.177,60
989,2011-07-04,2011-11-07,127,2228.263,1359.687,1331.92,64
989,2012-06-29,2012-09-13,77,1394.375,1377.629,1347.798,70
989,2012-11-28,2013-01-26,60,1225.167,1359.303,1342.717,74
989,2014-03-24,2014-04-03,11,373.409,1417.364,1389.715,76
989,2015-03-22,2015-04-05,15,326.679,1429.474,1407.684,78
989,2016-03-29,2016-04-27,30,1565.291,1403.909,1354.149,82
989,2017-03-15,2017-03-29,15,134.182,1438.808,1432.308,88
989,2018-05-08,2018-05-19,12,200.983,1439.475,1422.659,98
989,2018-08-07,2018-08-14,8,66.926,1383.297,1377.299,102
1000,1980-05-27,1980-10-15,142,552.419,286.92,270.183,6
1000,1981-01-22,1981-05-14,113,656.604,279.026,268.464,8
1000,1982-05-17,1982-05-24,8,10.096,298.685,298.32,12
1000,1983-06-13,1983-07-08,26,36.901,299.092,298.029,16
1000,1983-07-11,1983-07-15,5,1.409,298.378,298.126,18
1000,1984-06-05,1984-06-20,16,20.029,299.874,298.807,32
1000,1989-05-01,1989-05-21,21,106.104,293.527,292.098,34
1000,1992-06-29,1992-07-05,7,6.443,298.967,298.284,36
1000,1992-07-14,1992-08-04,22,39.117,294.257,292.387,38
1000,1994-06-27,1994-08-05,40,115.951,294.716,291.619,40
1000,1994-08-07,1994-08-12,6,1.807,292.228,292.003,42
1000,1996-03-25,1996-03-30,6,13.532,285.992,285.725,46
1000,1996-04-10,1996-04-21,12,40.164,289.994,288.467,48
1000,1997-07-01,1997-08-18,49,151.231,292.711,288.468,52
1000,1999-07-20,1999-08-26,38,78.671,290.717,287.368,54
1000,2005-07-05,2005-08-15,42,79.446,293.891,289.17,64
1000,2006-02-26,2006-04-30,64,447.463,281.146,277.926,66
1000,2009-06-30,2009-07-21,22,60.265,296.066,294.72,70
1000,2010-09-23,2011-02-16,147,1888.593,256.352,246.69,72
1000,2011-06-12,2011-08-08,58,244.723,294.002,288.98,74
1000,2014-06-29,2014-08-12,45,109.101,294.274,290.877,86
1000,2015-02-09,2015-04-02,53,618.072,269.768,264.058,94
1000,2016-06-17,2016-06-25,9,22.286,298.355,296.571,98
1000,2018-08-01,2018-08-05,5,3.37,293.66,293.066,106
1000,2018-08-08,2018-08-12,5,2.956,291.938,291.447,108
1000,2019-04-22,2019-04-30,9,38.456,291.47,290.6,110
1000,2019-09-27,2019-10-10,14,29.528,273.657,270.926,114
1000,2020-03-07,2020-03-11,5,23.276,277.491,275.067,118
1006,1980-07-18,1980-12-07,143,2514.175,893.281,860.579,2
1006,1980-12-23,1981-06-19,179,9493.56,880.036,858.461,4
1006,1984-10-01,1984-10-24,24,474.372,871.359,861.643,6
1006,1998-08-08,1998-10-04,58,2282.235,890.99,866.702,8
1006,2005-08-03,2006-09-30,424,16368.149,888.4,843.139,14
1006,2012-08-03,2012-08-25,23,159.529,946.284,938.031,16
1006,2013-01-29,2013-03-08,39,543.436,888.197,872.286,20
1006,2017-03-02,2017-04-06,36,470.866,921.03,911.141,24
1017,1980-04-14,1980-05-05,22,67.067,25.091,24.213,5
1017,1980-07-08,1980-08-07,31,54.203,31.804,30.057,11
1017,1980-08-30,1980-09-03,5,1.662,30.393,30.057,13
1017,1980-10-21,1980-10-27,7,2.051,24.668,24.583,15
1017,1980-11-03,1980-11-17,15,5.664,24.583,24.398,17
1017,1980-11-20,1980-12-09,20,5.036,24.709,24.472,19
1017,1980-12-17,1981-01-31,46,15.039,24.634,24.435,21
1017,1981-02-14,1981-03-07,22,8.455,24.576,24.398,25
1017,1981-03-10,1981-03-22,13,6.019,24.498,24.25,27
1017,1981-03-24,1981-03-28,5,1.703,24.62,24.361,29
1017,1981-04-12,1981-04-21,10,16.679,25.271,24.546,31
1017,1981-04-23,1981-05-10,18,53.661,25.983,24.361,33
1017,1981-08-21,1981-08-26,6,4.533,30.966,30.519,43
1017,1981-09-25,1981-10-07,13,26.966,25.084,24.361,51
1017,1981-10-10,1981-10-19,10,4.869,24.886,24.546,53
1017,1981-10-28,1981-11-01,5,1.111,24.738,24.546,55
1017,1981-12-13,1981-12-22,10,4.849,24.476,24.25,67
1017,1981-12-25,1982-01-03,10,2.962,24.664,24.324,69
1017,1982-01-09,1982-01-20,12,3.236,24.691,24.25,71
1017,1982-04-10,1982-04-19,10,15.36,25.216,24.361,90
1017,1982-07-20,1982-08-05,17,6.854,33.085,32.7,106
1017,1983-03-14,1983-03-20,7,3.272,24.493,24.25,125
1017,1983-09-09,1983-09-16,8,15.993,27.547,25.064,135
1017,1983-09-18,1983-09-27,10,21.724,26.034,24.509,137
1017,1983-11-13,1983-11-19,7,3.087,24.52,24.324,143
1017,1984-01-12,1984-01-17,6,2.155,24.602,24.361,147
1017,1984-02-08,1984-02-12,5,1.37,24.687,24.472,155
1017,1984-07-06,1984-07-10,5,6.028,32.664,32.162,175
1017,1984-09-04,1984-09-08,5,1.468,29.974,29.848,183
1017,1984-10-02,1984-10-09,8,8.561,25.305,24.768,185
1017,1985-10-27,1985-10-31,5,1.925,24.576,24.287,203
1017,1986-03-30,1986-04-05,7,4.613,24.572,24.361,220
1017,1986-08-03,1986-08-07,5,3.843,32.331,31.903,236
1017,1986-08-15,1986-08-26,12,6.529,31.431,31.232,240
1017,1986-10-17,1986-10-24,8,4.39,24.412,24.287,242
1017,1986-10-30,1986-11-07,9,3.398,24.583,24.25,244
1017,1986-11-13,1986-11-18,6,3.561,24.367,24.25,246
1017,1986-12-15,1987-01-16,33,13.164,24.562,24.213,250
1017,1987-01-29,1987-02-06,9,2.103,24.727,24.435,254
1017,1987-02-08,1987-02-15,8,3.28,24.551,24.213,256
1017,1987-03-11,1987-03-17,7,2.384,24.62,24.361,260
1017,1987-07-11,1987-07-30,20,21.039,32.659,32.481,278
1017,1987-09-06,1987-09-12,7,4.827,29.225,28.757,286
1017,1987-10-24,1987-10-28,5,1.777,24.605,24.361,290
1017,1987-11-11,1987-11-15,5,0.297,24.901,24.842,294
1017,1987-11-21,1987-11-25,5,1.703,24.62,24.509,296
1017,1988-03-16,1988-03-24,9,3.768,24.542,24.361,313
1017,1988-04-22,1988-05-07,16,32.163,26.829,24.25,323
1017,1988-07-03,1988-07-08,6,5.812,32.892,32.253,327
1017,1988-07-25,1988-08-03,10,16.574,31.735,31.19,331
1017,1988-08-08,1988-08-25,18,21.944,30.989,29.554,335
1017,1988-08-28,1988-09-02,6,4.78,30.107,29.806,337
1017,1988-10-19,1988-11-05,18,8.647,24.48,24.25,348
1017,1988-11-09,1988-11-14,6,2.599,24.528,24.287,350
1017,1988-12-14,1988-12-23,10,5.885,24.372,24.25,357
1017,1989-01-14,1989-01-23,10,4.257,24.535,24.287,359
1017,1989-04-23,1989-04-30,8,12.256,26.813,24.324,377
1017,1989-07-03,1989-07-11,9,7.335,33.049,32.196,384
1017,1989-07-16,1989-07-21,6,4.839,32.979,32.406,386
1017,1989-07-24,1989-08-06,14,11.187,32.572,32.207,388
1017,1989-08-23,1989-09-04,13,13.05,30.122,28.338,395
1017,1989-09-23,1989-09-30,8,4.654,27.192,26.544,401
1017,1989-11-06,1989-11-18,13,3.873,24.663,24.213,413
1017,1989-11-24,1989-12-05,12,2.977,24.712,24.287,415
1017,1989-12-20,1989-12-31,12,7.565,24.33,24.213,424
1017,1990-01-09,1990-01-17,9,4.064,24.509,24.25,426
1017,1990-04-25,1990-05-02,8,28.098,25.055,24.287,443
1017,1990-08-08,1990-08-16,9,10.838,31.414,30.938,454
1017,1990-08-20,1990-09-08,20,24.793,29.804,28.799,456
1017,1990-09-12,1990-09-16,5,3.387,28.766,28.338,458
1017,1990-10-02,1990-10-07,6,8.466,25.317,24.805,462
1017,1990-10-24,1990-11-04,12,6.27,24.438,24.287,467
1017,1991-02-16,1991-03-02,15,5.368,24.603,24.287,475
1017,1991-06-26,1991-07-01,6,3.117,33.203,32.783,489
1017,1991-07-04,1991-09-15,74,91.263,31.13,28.841,491
1017,1991-10-13,1991-10-26,14,5.79,24.665,24.25,502
1017,1991-11-12,1991-11-18,7,2.791,24.562,24.324,504
1017,1991-12-30,1992-01-10,12,5.715,24.484,24.25,508
1017,1992-01-18,1992-02-14,28,11.165,24.562,24.361,510
1017,1992-04-01,1992-04-12,12,13.154,24.731,24.213,523
1017,1992-04-15,1992-04-19,5,12.028,24.909,24.546,525
1017,1992-07-01,1992-07-05,5,2.978,33.261,32.741,533
1017,1992-07-20,1992-08-04,16,4.722,33.174,32.658,535
1017,1992-08-23,1992-08-27,5,3.163,30.812,30.435,542
1017,1992-08-30,1992-09-05,7,8.876,29.326,28.59,544
1017,1992-10-06,1992-10-13,8,6.162,25.133,24.287,548
1017,1992-10-16,1992-10-29,14,3.436,24.715,24.361,550
1017,1993-02-03,1993-02-09,7,3.716,24.43,24.25,562
1017,1993-04-08,1993-04-14,7,9.949,24.821,24.287,577
1017,1993-07-13,1993-07-17,5,6.42,32.557,31.903,589
1017,1993-07-21,1993-07-29,9,11.319,32.369,31.274,591
1017,1993-09-11,1993-09-16,6,1.681,29.163,28.883,599
1017,1994-07-20,1994-07-24,5,2.462,33.211,32.983,627
1017,1994-07-30,1994-08-05,7,5.042,32.546,32.253,631
1017,1994-08-08,1994-08-12,5,1.056,32.637,32.573,633
1017,1994-10-26,1994-11-03,9,2.547,24.678,24.472,647
1017,1995-03-31,1995-04-25,26,33.099,25.208,24.213,667
1017,1995-07-13,1995-07-23,11,9.126,32.963,32.664,671
1017,1995-07-25,1995-08-08,15,6.572,32.85,32.436,673
1017,1995-10-05,1995-10-15,11,7.722,25.266,24.546,675
1017,1995-11-17,1995-11-23,7,1.533,24.742,24.472,683
1017,1995-11-29,1995-12-08,10,2.481,24.712,24.25,685
1017,1996-02-17,1996-03-05,18,5.28,24.667,24.472,695
1017,1996-03-09,1996-03-15,7,1.496,24.747,24.324,699
1017,1996-04-07,1996-04-13,7,10.689,24.715,24.324,703
1017,1996-07-12,1996-07-29,18,11.128,33.074,32.664,713
1017,1996-10-17,1996-10-23,7,2.717,24.572,24.213,721
1017,1996-12-29,1997-01-07,10,4.701,24.491,24.25,731
1017,1997-01-12,1997-01-22,11,3.525,24.64,24.398,735
1017,1997-02-17,1997-02-21,5,2.036,24.553,24.435,745
1017,1997-11-19,1997-11-30,12,2.385,24.762,24.657,759
1017,1997-12-06,1997-12-10,5,0.445,24.872,24.805,761
1017,1997-12-16,1997-12-23,8,1.578,24.763,24.62,763
1017,1997-12-31,1998-01-04,5,0.704,24.82,24.62,765
1017,1998-01-22,1998-02-11,21,6.265,24.662,24.287,767
1017,1999-05-08,1999-05-19,12,38.942,27.115,24.879,805
1017,1999-12-21,1999-12-25,5,0.704,24.82,24.731,817
1017,2000-04-01,2000-04-19,19,22.96,25.068,24.509,829
1017,2000-10-27,2000-11-06,11,0.454,24.919,24.842,833
1017,2001-03-09,2001-03-14,6,2.525,24.54,24.361,841
1017,2001-04-13,2001-04-25,13,25.574,25.343,24.213,849
1017,2001-04-27,2001-05-08,12,29.11,26.615,24.324,851
1017,2001-05-12,2001-05-16,5,4.421,29.554,28.548,853
1017,2003-10-27,2003-11-05,10,1.667,24.794,24.583,893
1017,2004-04-14,2004-04-18,5,8.057,25.515,24.694,905
1017,2004-06-24,2004-06-30,7,5.539,32.931,32.481,913
1017,2004-08-14,2004-08-18,5,1.969,31.936,31.777,920
1017,2004-10-05,2004-10-09,5,1.387,25.885,25.397,924
1017,2005-04-14,2005-04-22,9,11.235,25.858,25.212,944
1017,2005-07-31,2005-08-12,13,3.979,32.735,32.574,950
1017,2005-10-09,2005-10-14,6,2.815,25.317,25.101,958
1017,2006-04-12,2006-05-01,20,24.53,26.403,25.323,968
1017,2006-06-11,2006-06-16,6,2.934,32.633,32.299,974
1017,2006-07-25,2006-08-12,19,5.388,32.912,32.532,979
1017,2006-10-05,2006-10-09,5,2.958,25.76,25.656,987
1017,2007-01-08,2007-01-13,6,3.117,24.441,24.287,997
1017,2007-03-16,2007-03-20,5,0.889,24.783,24.731,1009
1017,2007-04-05,2007-04-14,10,7.324,25.267,24.879,1013
1017,2007-04-25,2007-05-02,8,17.068,26.434,24.916,1015
1017,2007-06-11,2007-06-22,12,7.773,32.622,32.116,1017
1017,2007-06-27,2007-07-02,6,7.489,32.496,32.162,1020
1017,2007-07-22,2007-07-27,6,0.754,33.489,33.371,1022
1017,2007-10-04,2007-10-14,11,6.085,25.575,25.101,1028
1017,2008-07-04,2008-07-11,8,8.169,32.846,32.344,1050
1017,2008-10-08,2008-10-13,6,3.74,25.163,24.805,1055
1017,2008-10-23,2008-10-31,9,0.845,24.867,24.731,1057
1017,2010-04-14,2010-04-26,13,16.29,26.2,25.397,1086
1017,2010-06-18,2010-06-30,13,12.814,32.604,32.116,1090
1017,2010-07-10,2010-07-14,5,6.985,32.481,32.207,1094
1017,2010-10-06,2010-10-10,5,1.794,25.804,25.545,1100
1017,2011-04-07,2011-04-12,6,4.956,25.237,24.842,1104
1017,2012-04-12,2012-04-16,5,4.849,25.782,25.175,1128
1017,2012-06-19,2012-06-27,9,5.693,32.953,32.162,1136
1017,2012-07-17,2012-07-22,6,9.309,32.2,32.162,1139
1017,2013-06-25,2013-07-09,15,11.134,33.053,32.299,1147
1017,2014-07-05,2014-07-16,12,12.113,32.854,32.207,1165
1017,2015-04-15,2015-04-26,12,9.72,26.733,25.545,1173
1017,2015-10-09,2015-10-14,6,4.295,25.07,24.805,1190
1017,2018-06-21,2018-06-26,6,1.532,33.303,33.029,1247
1017,2018-07-06,2018-07-13,8,9.651,32.664,32.299,1249
1017,2019-07-01,2019-07-07,7,5.16,33.101,32.846,1268
1019,1980-12-21,1981-02-07,49,462.36,38.035,37.085,2
1019,1981-09-27,1982-01-04,100,3637.451,40.325,37.909,6
1019,1982-01-13,1982-01-22,10,55.939,39.607,37.599,8
1019,1982-03-06,1982-03-14,9,59.551,39.5,38.011,10
1019,1982-03-26,1982-04-05,11,167.564,41.659,37.909,12
1019,1983-03-22,1983-03-29,8,89.679,42.103,37.805,16
1019,1984-02-01,1984-02-12,12,45.073,37.273,36.569,18
1019,1984-02-28,1984-03-05,7,36.126,38.51,37.909,20
1019,1984-03-13,1984-03-17,5,42.385,39.489,37.909,22
1019,1985-03-20,1985-03-29,10,141.145,38.805,36.879,26
1019,1986-01-21,1986-01-28,8,31.789,39.108,37.703,28
1019,1986-03-05,1986-03-12,8,49.031,39.41,37.909,30
1019,1986-03-27,1986-03-31,5,21.184,51.043,47.093,32
1019,1987-01-07,1987-01-18,12,55.572,42.304,39.91,38
1019,1987-01-27,1987-02-01,6,8.466,40.509,39.91,40
1019,1987-03-29,1987-04-05,8,47.315,51.582,43.501,46
1019,1988-03-18,1988-03-28,11,78.681,45.624,39.91,54
1019,1989-03-26,1989-03-30,5,44.528,46.375,41.706,56
1019,1991-02-24,1991-03-22,27,217.125,37.964,36.775,60
1019,1992-01-04,1992-01-28,25,147.864,40.093,37.805,62
1019,1992-02-03,1992-02-14,12,23.182,38.995,38.011,64
1019,1992-02-29,1992-03-19,20,143.475,39.179,37.703,66
1019,1992-03-24,1992-04-03,11,122.872,44.961,38.011,68
1019,1993-02-07,1993-02-21,15,44.603,38.014,37.703,70
1019,1993-03-18,1993-04-06,20,288.566,40.217,37.497,74
1019,1994-03-19,1994-03-27,9,78.467,43.501,39.91,78
1019,1995-01-05,1995-01-14,10,70.417,41.505,38.011,80
1019,1995-02-04,1995-02-14,11,25.526,38.557,37.909,82
1019,1995-03-22,1995-04-04,14,67.291,50.299,41.706,88
1019,1996-02-12,1996-02-20,9,18.971,38.913,38.115,90
1019,1996-02-23,1996-03-17,24,148.726,38.735,36.775,92
1019,1998-01-25,1998-02-11,18,37.798,39.411,38.115,98
1019,1999-02-26,1999-03-02,5,17.659,39.53,38.011,102
1019,1999-03-25,1999-04-03,10,144.265,41.347,38.115,106
1019,2000-03-14,2000-03-20,7,28.824,45.297,43.501,108
1019,2001-03-13,2001-04-03,22,121.156,46.93,39.91,110
1019,2002-01-19,2002-01-23,5,6.339,42.783,41.706,112
1019,2002-03-01,2002-03-06,6,34.418,38.036,37.393,114
1019,2003-01-21,2003-01-26,6,14.154,40.808,39.91,116
1019,2003-03-11,2003-04-04,25,143.521,46.518,38.115,118
1019,2004-02-26,2004-03-03,7,20.269,40.167,38.115,124
1019,2004-03-22,2004-03-28,7,61.669,44.784,41.706,126
1019,2004-12-30,2005-01-03,5,3.205,51.762,50.684,128
1019,2005-03-05,2005-03-24,20,108.113,42.603,39.91,130
1019,2005-12-27,2006-01-10,15,130.527,42.783,39.91,132
1019,2006-02-11,2006-02-15,5,8.359,39.171,38.011,134
1019,2006-02-24,2006-03-08,13,42.999,40.186,39.91,136
1019,2007-03-07,2007-03-22,16,117.785,40.583,37.085,140
1019,2008-01-25,2008-01-31,7,25.31,38.628,38.115,142
1019,2009-01-10,2009-01-19,10,41.47,42.065,39.91,144
1019,2009-03-05,2009-03-26,22,147.484,41.787,39.91,148
1019,2010-03-03,2010-03-09,7,29.122,40.423,39.91,150
1019,2010-12-27,2011-01-21,26,100.642,45.228,41.706,156
1019,2011-03-30,2011-04-12,14,161.297,48.632,41.706,160
1019,2012-01-02,2012-01-13,12,84.629,42.155,39.91,164
1019,2012-02-23,2012-03-09,16,66.71,39.419,37.291,170
1019,2013-04-04,2013-04-11,8,43.728,56.072,54.276,178
1019,2014-02-09,2014-02-15,7,6.455,39.91,39.91,180
1019,2015-01-25,2015-02-03,10,24.592,39.551,38.115,186
1019,2015-02-26,2015-03-02,5,22.073,38.648,37.703,190
1019,2015-10-01,2015-11-17,48,401.592,78.44,77.213,192
1019,2016-02-09,2016-02-14,6,7.12,39.642,38.166,200
1019,2016-02-19,2016-02-24,6,6.199,40.576,40.394,202
1019,2016-03-11,2016-03-30,20,96.861,46.5,38.9,206
1019,2016-07-16,2016-08-13,29,149.09,81.768,77.606,212
1019,2016-10-06,2016-11-24,50,309.543,79.673,77.899,216
1019,2016-12-27,2017-01-17,22,179.798,41.696,38.02,218
1019,2017-02-14,2017-02-25,12,26.096,39.119,38.216,224
1019,2017-03-04,2017-03-08,5,19.54,40.858,38.485,226
1019,2017-03-18,2017-03-28,11,92.75,43.68,39.439,228
1019,2017-04-09,2017-04-20,12,47.075,62.834,60.901,232
1019,2017-07-01,2017-11-18,141,892.514,80.539,76.235,236
1019,2017-12-30,2018-02-20,53,207.12,40.569,38.216,238
1019,2018-03-19,2018-03-28,10,81.081,44.418,40.229,240
1019,2018-05-27,2018-09-09,106,647.84,80.797,78.389,244
1019,2018-09-13,2018-11-03,52,398.5,79.245,76.476,246
1019,2019-07-04,2019-07-16,13,84.268,80.427,75.98,258
1019,2019-08-06,2019-11-11,98,747.501,79.281,76.277,260
1019,2019-11-14,2019-11-18,5,6.944,84.704,82.871,262
1019,2019-12-23,2019-12-31,9,61.711,48.349,41.307,264
1026,1980-06-06,1981-08-17,438,155992.625,2616.746,2338.308,2
1026,1984-08-15,1984-09-15,32,1114.746,3011.275,2977.374,6
1026,1986-07-28,1986-10-01,66,9051.512,2909.59,2785.081,8
1026,1986-12-14,1986-12-31,18,188.026,2781.049,2772.925,10
1026,1987-06-14,1987-07-15,32,545.973,3136.164,3113.501,12
1026,1987-07-24,1987-10-14,83,6086.343,2954.84,2867.989,16
1026,1987-12-11,1987-12-19,9,170.286,2772.574,2762.119,20
1026,1988-06-24,1988-07-03,10,144.387,3141.822,3132.213,22
1026,1988-07-16,1988-07-21,6,30.992,3145.109,3140.81,26
1026,1988-07-31,1988-11-21,114,9419.801,2863.805,2726.102,30
1026,1994-08-09,1994-10-14,67,3195.907,2955.883,2858.146,38
1026,1998-08-15,1998-10-14,61,3234.29,2940.269,2856.74,44
1026,1999-09-05,1999-09-23,19,359.43,2978.464,2960.512,46
1026,1999-12-29,2000-06-21,176,23173.911,2788.705,2602.396,50
1026,2005-08-01,2005-10-07,68,2636.313,2991.099,2903.748,52
1026,2005-12-10,2006-05-04,146,7929.465,2787.613,2738.258,54
1026,2012-07-17,2012-09-15,61,2168.673,3049.89,2982.801,58
1033,1980-04-03,1980-04-16,14,538.231,1825.766,1810.477,3
1033,1980-04-20,1980-05-23,34,1899.075,1856.686,1839.316,5
1033,1980-05-25,1980-06-09,16,371.838,1913.818,1905.011,7
1033,1980-06-19,1980-07-03,15,297.094,1912.616,1905.011,13
1033,1980-07-06,1980-07-21,16,741.057,1867.82,1839.316,15
1033,1980-07-24,1980-08-01,9,599.588,1822.901,1807.283,17
1033,1980-08-03,1980-08-10,8,653.665,1789.312,1775.335,19
1033,1980-08-17,1980-09-01,16,2000.922,1704.183,1682.417,23
1033,1980-09-03,1980-09-20,18,2173.337,1662.02,1652.074,25
1033,1980-09-23,1980-11-11,50,3375.827,1633.586,1622.396,27
1033,1980-11-13,1980-12-02,20,977.319,1600.341,1595.753,29
1033,1980-12-04,1981-01-12,40,2281.145,1592.802,1586.946,31
1033,1981-02-04,1981-02-09,6,750.631,1586.946,1586.946,37
1033,1981-02-11,1981-03-01,19,2676.824,1601.985,1592.793,39
1033,1981-03-03,1981-03-17,15,2244.274,1637.395,1622.396,41
1033,1981-03-21,1981-04-18,29,4700.624,1686.917,1652.074,43
1033,1981-04-20,1981-04-29,10,1630.601,1728.763,1712.847,45
1033,1981-05-01,1981-05-15,15,2281.206,1762.778,1744.054,47
1033,1981-05-17,1981-05-22,6,447.986,1853.534,1839.316,49
1033,1981-05-24,1981-06-02,10,499.615,1884.997,1872.127,51
1033,1983-08-28,1983-09-03,7,132.761,1795.873,1775.335,166
1033,1983-09-05,1983-09-13,9,444.115,1742.321,1712.847,168
1033,1983-09-16,1983-10-13,28,1781.613,1677.432,1652.074,170
1033,1983-10-18,1983-12-03,47,2211.36,1618.113,1607.594,172
1033,1983-12-20,1984-02-02,45,3689.317,1585.665,1572.514,177
1033,1984-02-12,1984-02-17,6,736.587,1607.595,1595.753,181
1033,1984-02-19,1984-03-08,19,1820.144,1666.943,1622.396,183
1033,1984-03-10,1984-03-15,6,73.277,1784.919,1775.335,185
1033,1984-09-01,1984-09-15,15,185.004,1780.12,1744.054,214
1033,1984-09-17,1984-10-06,20,419.164,1725.018,1719.089,216
1033,1998-07-24,1998-07-31,8,68.15,1883.61,1872.127,800
1033,1998-08-02,1998-08-19,18,176.742,1854.627,1842.597,802
1033,1998-08-22,1998-08-29,8,55.799,1821.259,1807.283,805
1033,1998-08-31,1998-09-16,17,332.757,1775.811,1759.658,807
1033,2000-03-18,2000-04-18,32,932.583,1818.963,1807.283,871
1033,2000-04-24,2000-05-17,24,1478.644,1850.389,1839.316,873
1033,2001-08-29,2001-09-02,5,18.519,1813.672,1810.477,942
1033,2003-08-23,2003-09-09,18,277.009,1798.941,1788.114,1030
1033,2005-06-29,2005-07-24,26,477.301,1898.695,1842.597,1086
1033,2005-07-26,2005-08-10,16,1202.153,1805.685,1778.53,1088
1033,2005-08-12,2005-08-18,7,696.087,1754.308,1744.054,1090
1033,2005-08-20,2005-08-27,8,845.5,1726.89,1712.847,1092
1033,2005-08-30,2005-09-19,21,2069.481,1693.399,1682.417,1094
1033,2005-09-21,2005-10-05,15,1192.477,1665.02,1652.074,1096
1033,2005-10-07,2005-11-09,34,2008.057,1631.103,1622.396,1098
1033,2005-11-18,2006-03-14,117,12431.31,1583.251,1569.628,1100
1033,2006-03-17,2006-04-02,17,3742.061,1604.808,1592.793,1102
1033,2006-04-05,2006-04-25,21,4986.414,1636.211,1622.396,1104
1033,2006-04-27,2006-05-02,6,1382.767,1671.292,1652.074,1106
1033,2006-05-06,2006-05-13,8,848.506,1810.477,1781.725,1110
1033,2006-05-15,2006-05-29,15,1337.462,1841.285,1839.316,1112
1033,2006-06-10,2006-07-06,27,3057.293,1820.89,1807.283,1116
1033,2006-07-09,2006-07-24,16,1888.448,1792.307,1775.335,1118
1033,2006-07-27,2006-08-07,12,1535.906,1754.977,1744.054,1120
1033,2006-08-09,2006-09-30,53,4155.137,1726.096,1712.847,1122
1033,2011-02-11,2011-02-17,7,88.007,1715.522,1712.847,1282
1033,2011-02-19,2011-02-25,7,102.412,1732.463,1728.451,1284
1033,2011-03-26,2011-04-01,7,39.056,1829.646,1826.451,1295
1033,2011-04-03,2011-04-12,10,107.495,1847.518,1839.316,1297
1033,2012-06-18,2012-06-27,10,160.784,1918.767,1905.011,1347
1033,2012-06-29,2012-07-06,8,321.439,1887.302,1875.408,1349
1033,2012-07-10,2012-07-25,16,865.782,1853.465,1839.316,1351
1033,2012-07-29,2012-08-08,11,623.18,1820.061,1807.283,1355
1033,2012-08-11,2012-09-03,24,1109.04,1786.783,1775.335,1357
1033,2012-09-05,2012-09-23,19,387.71,1756.701,1744.054,1359
1033,2013-01-15,2013-02-01,18,366.133,1664.38,1658.142,1369
1033,2017-02-19,2017-03-09,19,539.152,1734.364,1728.451,1540
1033,2017-03-11,2017-03-17,7,277.786,1757.875,1744.054,1542
1033,2017-03-20,2017-03-27,8,259.953,1789.711,1775.335,1544
1036,1980-06-03,1980-06-22,20,739.287,3531.789,3509.855,4
1036,1980-07-16,1980-07-21,6,68.344,3525.148,3519.933,6
1036,1980-07-24,1980-08-01,9,93.033,3502.311,3485.987,8
1036,1981-01-13,1981-01-20,8,599.974,3128.273,3085.032,16
1036,1981-01-22,1981-02-25,35,6265.151,3039.181,2988.426,18
1036,1981-02-27,1981-09-04,190,91519.138,2994.675,2881.872,20
1036,1981-09-06,1981-11-19,75,16051.758,3046.517,3014.206,22
1036,1981-11-21,1981-12-16,26,1122.855,3160.083,3133.267,24
1036,1986-09-13,1986-09-30,18,799.955,3278.91,3238.859,68
1036,1987-06-13,1987-08-27,76,4052.413,3466.681,3396.19,74
1036,1996-03-08,1996-03-12,5,190.311,3277.092,3271.226,146
1036,1996-03-14,1996-04-22,40,2026.021,3354.753,3271.732,148
1036,1997-10-28,1997-12-16,50,1655.993,3170.15,3154.218,156
1036,1999-10-23,1999-11-03,12,392.761,3170.54,3141.063,189
1036,1999-11-05,1999-11-17,13,1254.015,3106.807,3092.828,191
1036,1999-11-19,1999-12-12,24,3351.574,3063.621,3026.861,193
1036,1999-12-14,2000-01-23,41,1987.748,3154.788,3092.828,195
1036,2000-01-25,2000-04-04,71,9357.079,3153.916,3097.7,197
1036,2000-04-06,2000-04-19,14,2922.52,3234.353,3227.302,199
1036,2000-04-21,2000-11-10,204,32439.281,3276.009,3152.269,201
1036,2006-02-23,2006-03-14,20,914.736,3245.434,3231.779,245
1036,2006-03-26,2006-03-31,6,97.672,3369.769,3364.588,249
1036,2006-04-02,2006-04-30,29,997.437,3416.948,3383.756,251
1042,1980-07-31,1980-12-08,131,7153.246,1282.872,1244.759,2
1042,1981-03-19,1981-03-29,11,102.685,1363.469,1359.806,6
1042,1981-06-14,1981-07-15,32,211.859,1457.268,1450.645,18
1042,1981-07-24,1981-07-29,6,29.918,1440.592,1437.498,22
1042,1981-08-01,1981-08-12,12,61.01,1426.777,1417.647,24
1042,1981-08-29,1981-10-25,58,1784.777,1315.861,1284.217,30
1042,1982-10-05,1982-10-14,10,79.59,1316.574,1311.832,38
1042,1983-08-29,1983-10-23,56,1336.975,1324.446,1295.644,44
1042,1984-08-29,1984-10-06,39,721.612,1342.958,1315.983,48
1042,2000-04-07,2000-06-17,72,1828.083,1417.381,1379.381,50
1042,2001-08-29,2001-10-07,40,642.914,1346.223,1326.292,56
1042,2003-08-24,2003-09-02,10,93.422,1389.02,1380.136,58
1042,2005-07-12,2005-11-15,127,4878.941,1330.369,1259.368,60
1042,2005-12-02,2006-05-07,157,9342.155,1267.291,1203.657,62
1042,2006-08-08,2006-08-12,5,21.95,1423.577,1419.452,66
1042,2006-08-16,2006-09-16,32,281.292,1383.404,1363.78,68
1042,2011-02-03,2011-03-08,34,867.316,1290.472,1266.362,70
1042,2012-07-09,2012-09-22,76,1920.091,1387.907,1354.188,72
1042,2013-01-02,2013-02-07,37,640.423,1259.386,1245.223,74
1055,2011-10-08,2012-03-21,166,351.557,28.739,18.092,66
1055,2012-03-23,2012-04-14,23,75.488,28.205,27.62,68
1055,2012-07-18,2013-09-22,432,2459.978,24.804,20.045,70
1067,1980-06-16,1981-03-09,267,18098.278,2028.3,1943.619,3
1067,1981-03-12,1981-03-23,12,131.467,2172.991,2162.784,5
1067,1981-12-29,1982-01-03,6,29.408,2018.162,2015.802,9
1067,1982-01-14,1982-01-20,7,14.552,2020.985,2019.601,11
1067,1982-05-04,1982-09-09,129,3798.601,2206.213,2083.557,17
1067,1982-10-17,1982-11-23,38,177.803,2018.385,2013.039,23
1067,1983-07-28,1983-12-04,130,13963.085,1966.38,1887.323,25
1067,1983-12-26,1984-02-13,50,560.881,2027.967,2006.132,27
1067,1984-08-15,1984-10-14,61,2180.018,2043.382,1985.064,39
1067,1985-10-06,1985-11-27,53,574.584,2012.284,2004.06,41
1067,1988-06-22,1988-09-22,93,3584.234,2140.711,2047.071,45
1067,1995-12-10,1995-12-18,9,202.464,2000.568,1994.389,55
1067,1995-12-26,1996-01-04,10,73.278,2015.736,2011.312,57
1067,1996-03-11,1996-03-29,19,269.731,2178.832,2169.815,59
1067,1997-07-13,1997-09-09,59,926.988,2159.085,2086.061,63
1067,1997-09-12,1997-09-16,5,18.125,2076.475,2073.184,65
1067,1997-10-28,1997-12-12,46,466.978,2012.912,2007.859,69
1067,2004-09-18,2004-10-08,21,165.562,2030.969,2011.312,73
1067,2005-07-19,2005-09-16,60,1385.254,2133.723,2066.745,83
1067,2005-10-28,2006-05-04,189,9925.956,2049.171,1986.1,87
1067,2011-02-19,2011-02-24,6,81.82,2100.555,2097.286,93
1067,2012-05-27,2012-08-25,91,3196.989,2204.392,2124.299,95
1067,2012-08-28,2012-09-01,5,20.008,2116.972,2114.308,97
1084,1980-06-04,1980-06-17,14,9.579,40.681,40.151,14
1084,1981-02-19,1981-03-01,11,15.776,31.453,31.186,18
1084,1981-03-12,1981-03-19,8,32.858,32.281,31.299,20
1084,1981-03-21,1981-05-10,51,319.387,34.034,31.072,22
1084,1982-03-04,1982-03-14,11,40.581,31.543,30.846,34
1084,1982-03-23,1982-05-14,53,411.363,32.794,30.657,36
1084,1983-02-17,1983-02-22,6,5.637,31.022,30.695,48
1084,1983-03-14,1983-04-14,32,204.082,32.061,30.506,52
1084,1984-02-23,1984-02-27,5,6.826,31.57,30.506,64
1084,1984-04-20,1984-05-02,13,15.371,40.425,38.286,68
1084,1985-04-17,1985-04-22,6,23.934,37.004,35.682,73
1084,1986-03-05,1986-04-08,35,185.78,32.005,30.506,88
1084,1986-04-14,1986-04-19,6,17.371,37.86,35.569,90
1084,1987-03-12,1987-03-18,7,27.779,32.275,31.488,98
1084,1988-03-13,1988-03-23,11,30.508,34.102,31.299,116
1084,1988-06-02,1988-06-23,22,212.377,31.529,21.578,119
1084,1988-06-25,1988-06-30,6,132.288,17.663,15.7,121
1084,1988-07-02,1988-07-25,24,583.857,12.957,10.873,123
1084,1988-07-27,1988-08-16,21,500.105,9.373,7.095,125
1084,1988-08-18,1988-11-17,92,1885.594,3.519,2.523,127
1084,1988-11-19,1988-11-26,8,45.375,14.636,3.461,129
1084,1991-02-19,1991-03-22,32,66.287,32.658,30.431,139
1084,1992-02-19,1992-03-09,20,32.402,32.031,30.808,145
1084,1995-02-18,1995-03-07,18,30.13,31.607,30.77,163
1084,1996-02-12,1996-03-19,37,30.182,33.077,30.695,171
1084,1997-05-17,1997-06-17,32,13.635,41.464,40.565,195
1084,1999-02-14,1999-03-09,24,43.602,31.24,30.224,205
1084,2000-02-19,2000-02-26,8,6.715,31.733,31.563,221
1084,2000-05-16,2000-05-27,12,2.055,42.133,41.974,225
1084,2004-02-19,2004-03-05,16,22.077,31.931,31.676,267
1084,2005-02-18,2005-02-24,7,5.742,31.396,30.997,279
1084,2005-02-26,2005-03-07,10,8.442,33.269,32.431,281
1084,2006-02-20,2006-03-04,13,33.992,30.504,30.325,296
1084,2006-03-09,2006-03-13,5,11.212,33.263,30.921,300
1084,2009-02-19,2009-02-27,9,7.823,31.832,31.412,332
1084,2011-02-19,2011-03-03,13,9.123,32.315,31.223,358
1084,2011-03-12,2011-03-16,5,2.2,35.803,35.455,362
1084,2011-03-19,2011-04-12,25,23.305,37.798,36.591,364
1084,2012-02-26,2012-03-08,12,16.928,32.853,31.903,380
1084,2012-05-23,2012-07-04,43,23.684,40.399,38.203,382
1084,2012-07-06,2012-08-20,46,547.42,22.78,15.157,384
1084,2012-08-22,2012-09-14,24,356.598,13.188,8.996,386
1084,2012-09-16,2012-10-08,23,428.836,5.317,3.585,388
1084,2012-10-12,2013-01-15,96,1524.678,5.748,3.536,392
1084,2014-02-19,2014-03-02,12,6.921,32.381,32.129,420
1084,2016-02-19,2016-02-23,5,0.938,32.22,32.054,436
1084,2017-02-05,2017-02-16,12,6.48,29.752,29.514,454
1086,1980-04-01,1980-05-10,40,214.23,1.619,0,1
1086,1980-07-15,1981-08-10,392,1299.172,2.56,0,3
1086,1984-05-13,1984-05-19,7,11.705,5.126,3.429,5
1086,1984-08-08,1984-08-21,14,13.472,4.201,3.232,7
1086,1991-05-12,1991-05-21,10,30.112,3.793,2.563,9
1086,1996-06-28,1996-07-09,12,11.957,4.977,4.439,11
1086,2000-08-24,2000-10-23,61,51.635,4.195,3.46,13
1086,2001-07-18,2001-08-08,22,17.47,4.696,4.132,15
1086,2002-03-09,2002-07-24,138,223.97,4.967,4.022,17
1086,2003-06-25,2003-09-05,73,125.366,3.765,3.659,19
1086,2003-09-13,2003-10-06,24,10.44,4.606,4.581,21
1086,2004-02-09,2004-04-03,55,228.366,2.628,1.987,23
1086,2013-01-15,2013-07-03,170,387.417,4.358,3.185,25
1092,1980-04-02,1980-04-08,7,22.197,36.765,35.958,2
1092,1981-03-11,1981-03-22,12,26.422,37.327,36.528,10
1092,1981-04-02,1981-04-22,21,57.103,36.968,35.739,14
1092,1982-02-24,1982-03-02,7,9.672,36.534,35.696,16
1092,1982-03-25,1982-04-02,9,30.788,36.547,35.915,22
1092,1982-04-11,1982-04-18,8,17.599,37.398,36.396,24
1092,1983-02-12,1983-02-21,10,5.354,36.002,35.477,26
1092,1983-02-26,1983-03-05,8,10.777,36.916,35.915,28
1092,1983-03-14,1983-04-13,31,105.233,36.426,35.389,30
1092,1986-02-24,1986-03-09,14,16.077,37.156,36.177,34
1092,1991-02-12,1991-03-01,18,15.311,36.214,35.827,46
1092,1992-02-29,1992-03-05,6,9.663,36.805,35.915,50
1092,1993-07-06,1993-10-20,107,632.407,10.995,9.466,54
1092,1993-10-26,1993-11-15,21,118.996,10.231,9.56,56
1092,1993-11-26,1993-12-03,8,48.202,14.049,11.78,58
1092,1993-12-28,1994-01-16,20,106.879,22.846,20.874,60
1092,1995-02-19,1995-03-05,15,13.246,36.919,36.265,68
1092,1996-02-12,1996-03-16,34,32.961,36.993,35.871,70
1092,1999-02-19,1999-03-02,12,7.628,37.013,36.528,74
1092,1999-06-24,1999-12-05,165,1006.345,11.612,9.289,78
1092,2000-03-07,2000-04-12,37,97.942,37.054,35.739,84
1092,2000-04-18,2000-05-04,17,17.934,37.563,36.747,86
1092,2001-04-10,2001-04-16,7,11.6,38.035,37.579,88
1092,2001-04-19,2001-05-12,24,38.786,36.582,36.09,90
1092,2004-02-24,2004-03-07,13,16.418,36.996,36.484,94
1092,2006-02-26,2006-03-09,12,8.408,37.776,37.666,102
1092,2010-06-20,2010-07-26,37,130.37,21.467,20.222,110
1092,2010-11-26,2011-02-03,70,176.082,24.195,18.775,114
1092,2012-02-25,2012-03-02,7,6.061,37.178,36.703,116
1092,2014-02-23,2014-03-02,8,5.165,37.19,36.703,118
1092,2016-06-07,2016-08-04,59,232.651,21.335,18.314,120
1092,2016-11-25,2017-02-17,85,427.8,23.108,18.775,124
1101,1980-12-25,1981-02-10,48,255.491,40.593,38.411,2
1101,1981-05-14,1981-05-19,6,10.292,62.876,61.653,6
1101,1981-05-21,1981-05-26,6,18.032,67.24,65.812,8
1101,1982-02-13,1982-02-17,5,5.227,44.87,44.283,16
1101,1982-03-01,1982-03-07,7,11.428,44.283,43.549,18
1101,1983-04-03,1983-04-11,9,14.693,44.283,42.815,20
1101,1984-01-17,1984-01-23,7,15.832,43.654,43.549,22
1101,1984-04-11,1984-04-19,9,11.757,44.609,43.549,28
1101,1985-01-02,1985-01-09,8,7.189,45.017,44.283,30
1101,1986-01-11,1986-02-06,27,37.474,44.528,43.549,46
1101,1987-02-10,1987-02-15,6,6.126,44.895,44.283,50
1101,1987-12-10,1987-12-23,14,28.728,43.864,42.326,52
1101,1988-06-17,1988-07-13,27,179.929,90.043,88.321,58
1101,1989-11-30,1989-12-20,21,27.625,45.064,42.815,60
1101,1989-12-22,1989-12-28,7,1.152,45.751,45.751,62
1101,1990-11-20,1990-11-28,9,25.753,49.992,46.241,68
1101,1992-01-19,1992-01-24,6,6.86,44.772,43.549,80
1101,1992-03-03,1992-03-08,6,3.19,45.384,45.017,82
1101,1992-05-27,1992-06-03,8,35.461,72.021,70.461,86
1101,1992-12-30,1993-01-04,6,16.646,43.141,42.326,90
1101,1993-01-12,1993-01-16,5,10.12,43.892,42.326,92
1101,1993-02-01,1993-02-11,11,25.542,43.594,41.592,94
1101,1993-03-08,1993-03-18,11,53.68,41.036,37.677,98
1101,1994-01-03,1994-01-08,6,8.086,44.568,44.283,102
1101,1994-01-10,1994-01-16,7,19.502,43.13,41.836,104
1101,1994-12-05,1994-12-09,5,6.94,44.528,43.304,110
1101,1995-01-01,1995-01-05,5,2.291,45.457,45.017,112
1101,1995-02-02,1995-02-08,7,5.556,45.122,44.283,116
1101,1996-02-13,1996-02-19,7,7.268,44.877,44.283,122
1101,1997-11-16,1997-12-22,37,138.989,45.605,39.634,126
1101,1998-02-02,1998-02-10,9,28.148,42.788,40.858,128
1101,1999-02-22,1999-03-03,10,44.218,41.494,39.634,134
1101,1999-11-22,1999-12-06,15,69.861,45.115,40.368,136
1101,2000-01-08,2000-01-22,15,40.391,43.223,40.858,138
1101,2001-01-02,2001-01-17,16,26.861,44.237,42.326,142
1101,2003-09-28,2003-10-10,13,148.763,80.53,75.599,144
1101,2003-12-14,2003-12-22,9,11.758,44.609,43.304,148
1101,2004-01-12,2004-01-19,8,13.551,44.222,43.549,150
1101,2005-01-24,2005-02-13,21,143.404,39.087,31.561,154
1101,2005-11-20,2005-12-15,26,67.716,46.212,43.06,156
1101,2005-12-19,2005-12-26,8,9.391,44.742,44.283,158
1101,2006-01-05,2006-01-10,6,3.434,45.343,45.017,162
1101,2006-12-07,2006-12-12,6,10.286,44.201,43.06,174
1101,2007-02-01,2007-02-14,14,27.018,43.986,43.06,178
1101,2007-03-13,2007-03-30,18,16.171,45.017,44.283,182
1101,2007-04-08,2007-04-13,6,6.126,44.895,44.527,184
1101,2007-05-21,2007-07-13,54,772.342,72.776,68.993,186
1101,2007-12-06,2007-12-13,8,12.82,44.313,43.549,188
1101,2008-01-06,2008-01-10,5,5.961,44.723,44.038,192
1101,2009-01-16,2009-01-29,14,15.515,44.807,44.283,198
1101,2009-02-07,2009-02-27,21,42.365,43.898,43.06,200
1101,2010-03-02,2010-03-10,9,12.738,44.5,43.549,204
1101,2010-12-15,2011-01-03,20,61.521,42.84,42.081,214
1101,2011-01-14,2011-01-26,13,21.958,44.227,43.06,216
1101,2011-02-14,2011-02-23,10,10.21,44.895,44.283,218
1101,2012-01-27,2012-02-03,8,17.221,43.763,42.57,220
1101,2012-02-14,2012-02-20,7,18.033,43.339,42.081,222
1101,2012-02-24,2012-03-08,14,38.76,43.147,42.57,224
1101,2012-04-14,2012-04-21,8,24.56,42.846,41.347,226
1101,2012-04-29,2012-06-24,57,1930.748,39.158,31.316,228
1101,2012-07-07,2012-10-06,92,4145.335,59.186,33.029,230
1101,2012-12-04,2012-12-08,5,5.471,44.821,43.793,232
1101,2012-12-21,2012-12-26,6,12.489,43.834,43.06,234
1101,2013-11-28,2013-12-06,9,24.312,45.017,43.793,242
1101,2014-01-01,2014-01-06,6,5.638,44.976,43.793,244
1101,2014-12-19,2014-12-24,6,5.637,44.976,44.038,246
1101,2015-01-17,2015-02-02,17,39.99,43.563,41.836,248
1101,2015-11-13,2015-11-17,5,31.909,53.971,51.868,254
1101,2016-11-22,2016-11-29,8,26.522,47.922,44.527,262
1101,2016-12-14,2016-12-18,5,8.408,44.234,43.304,264
1101,2017-02-05,2017-02-10,6,2.946,45.425,45.261,268
1101,2018-10-19,2018-10-28,10,40.348,74.718,71.439,272
1109,1980-07-29,1980-08-14,17,11.081,2.546,2.072,2
1109,1981-06-16,1981-06-29,14,5.226,2.825,2.664,6
1109,1990-12-01,1990-12-31,31,NA,NA,NA,8
1109,1993-01-01,1993-01-31,31,NA,NA,NA,10
1109,2001-12-17,2001-12-21,5,1.483,11.263,11.022,14
1109,2001-12-24,2002-01-13,21,8.732,12.879,11.758,16
1109,2002-03-13,2002-09-13,185,472.538,1.446,0,20
1109,2002-12-17,2002-12-21,5,1.351,11.29,11.052,24
1109,2002-12-24,2002-12-29,6,2.443,12.18,11.887,26
1109,2003-01-01,2003-01-06,6,2.16,13.072,12.789,28
1109,2003-01-08,2003-01-12,5,1.5,13.78,13.578,30
1109,2003-07-30,2003-09-21,54,32.181,2.602,1.997,34
1109,2004-03-08,2004-04-07,31,145.201,4.067,3.238,36
1109,2004-07-07,2004-07-24,18,5.801,2.876,2.529,40
1109,2011-09-09,2011-09-15,7,0.845,3.077,2.967,44
1109,2011-09-28,2011-11-06,40,19.435,2.712,2.423,46
1109,2011-11-12,2012-01-29,79,126.64,9.205,3.638,48
1109,2012-03-22,2012-04-07,17,22.169,6.07,5.783,50
1109,2012-05-25,2012-05-30,6,3.624,2.594,2.112,54
1109,2012-06-24,2012-06-28,5,2.096,2.779,2.408,56
1109,2012-07-27,2012-08-20,25,13.716,2.649,2.213,58
1109,2012-12-02,2013-01-29,59,65.704,11.465,7.881,62
1109,2013-03-17,2013-04-01,16,20.907,7.445,7.136,64
1112,1980-04-01,1980-04-25,25,938.19,2407.831,2369.259,1
1112,1984-06-14,1984-07-28,45,1616.099,2422.834,2396.71,3
1112,1985-08-09,1985-09-09,32,798.634,2283.452,2249.304,11
1112,1985-10-18,1985-11-20,34,1045.054,2154.138,2116.871,13
1112,1987-05-14,1987-06-17,35,175.21,2500.574,2494.132,17
1112,2005-05-25,2005-09-23,122,5638.19,2347.968,2199.134,23
1112,2005-10-17,2005-11-13,28,311.873,2173.736,2166.712,25
1112,2005-12-26,2006-01-22,28,313.581,2173.675,2163.732,29
1112,2006-02-12,2006-02-16,5,21.999,2243.26,2240.107,31
1112,2006-02-18,2006-03-20,31,1878.205,2253.575,2226.693,33
1112,2010-12-13,2010-12-31,19,156.076,2176.66,2172.673,51
1112,2011-02-12,2011-04-25,73,4615.212,2300.512,2235.304,57
1112,2012-06-07,2012-07-28,52,800.231,2449.362,2395.337,59
1112,2012-07-31,2012-08-04,5,27.093,2382.802,2378.41,61
1112,2017-03-19,2017-03-24,6,58.365,2365.583,2363.857,69
1112,2017-11-17,2017-12-22,36,491.231,2171.23,2162.029,77
1112,2018-01-18,2018-01-27,10,80.308,2176.844,2170.969,79
1112,2018-01-29,2018-02-21,24,690.83,2200.485,2186.721,81
1121,1998-05-12,1998-09-02,114,2769.041,687.602,655.437,4
1121,2006-01-15,2006-01-25,11,71.626,619.596,615.9,26
1121,2006-02-05,2006-03-20,44,721.387,653.935,645.536,30
1121,2007-09-05,2007-10-22,48,410.891,618.97,607.049,44
1121,2007-10-26,2007-12-15,51,544.158,603.884,595.921,46
1121,2010-11-19,2011-04-25,158,5740.384,618.936,594.884,50
1121,2018-08-29,2018-09-09,12,44.108,650.521,645.814,60
1121,2018-09-12,2018-09-16,5,14.832,639.106,636.969,62
1121,2019-08-05,2019-08-09,5,5.339,686.154,685.548,66
1122,1980-04-04,1980-04-11,8,1.355,40.843,40.575,2
1122,1981-01-17,1981-02-02,17,13.246,39.921,39.826,12
1122,1982-08-11,1982-11-26,108,1125.484,21.131,19.111,38
1122,1983-02-16,1983-02-21,6,0.768,40.885,40.793,42
1122,1983-04-18,1983-04-22,5,4.717,40.069,39.443,54
1122,1983-07-25,1983-11-23,122,1240.839,21.807,18.555,58
1122,1984-04-13,1984-04-19,7,4.087,40.429,39.909,68
1122,1984-06-05,1984-06-16,12,2.151,40.833,40.742,70
1122,1985-02-01,1985-02-08,8,3.211,40.611,40.042,76
1122,1985-04-16,1985-04-21,6,1.8,40.713,40.592,80
1122,1986-03-08,1986-03-12,5,0.514,40.91,40.862,84
1122,1986-05-01,1986-05-09,9,2.086,40.781,40.659,88
1122,1987-02-11,1987-02-15,5,0.394,40.934,40.879,90
1122,1987-04-07,1987-05-07,31,6.468,40.804,40.675,92
1122,1988-01-26,1988-02-05,11,24.723,38.749,37.872,96
1122,1988-05-15,1988-07-12,59,194.757,36.897,34.806,100
1122,1988-10-12,1988-11-19,39,181.441,26.738,25.977,102
1122,1988-12-07,1989-01-27,52,475.84,28.758,26.271,104
1122,1989-02-10,1989-02-15,6,42.309,33.961,29.377,106
1122,1989-03-15,1989-03-22,8,2.308,40.724,40.309,108
1122,1991-06-04,1991-06-24,21,8.982,40.404,40.092,132
1122,1992-05-06,1992-05-12,7,0.816,40.896,40.793,142
1122,1992-10-04,1992-11-21,49,242.47,26.355,26.002,150
1122,1992-11-30,1992-12-14,15,78.201,29.507,26.245,152
1122,1992-12-31,1993-01-04,5,22.22,33.5,30.399,154
1122,1993-01-15,1993-03-16,61,755.237,28.513,26.04,156
1122,1993-06-04,1993-06-11,8,0.899,40.9,40.862,166
1122,1994-03-31,1994-04-05,6,0.717,40.893,40.776,172
1122,1994-04-19,1994-04-23,5,0.753,40.862,40.759,176
1122,1994-05-17,1994-05-26,10,1.781,40.835,40.793,180
1122,1995-02-15,1995-02-19,5,0.667,40.879,40.845,188
1122,1995-03-22,1995-03-26,5,1.196,40.773,40.675,192
1122,1995-04-25,1995-04-30,6,0.991,40.847,40.793,196
1122,1996-02-12,1996-02-19,8,0.915,40.898,40.81,202
1122,1996-02-26,1996-03-05,9,0.963,40.906,40.828,204
1122,1996-03-07,1996-03-17,11,2.034,40.828,40.725,206
1122,1997-06-05,1997-06-17,13,6.471,40.515,40.259,218
1122,1998-03-03,1998-03-07,5,0.497,40.913,40.845,220
1122,1998-04-09,1998-04-16,8,0.658,40.93,40.879,222
1122,1998-05-11,1998-05-28,18,4.471,40.764,40.642,228
1122,1998-06-20,1998-06-24,5,1.421,40.186,39.926,236
1122,1998-06-27,1998-07-01,5,1.82,39.171,38.881,238
1122,1999-02-23,1999-03-06,12,1.638,40.876,40.776,244
1122,2000-04-28,2000-05-04,7,0.695,40.913,40.828,258
1122,2006-05-15,2006-05-19,5,2.215,40.57,40.192,280
1122,2006-06-10,2006-06-24,15,4.76,40.442,40.092,282
1122,2010-12-24,2010-12-29,6,4.67,36.404,36.391,292
1122,2011-10-03,2011-11-16,45,48.949,29.988,29.567,302
1122,2012-05-30,2012-06-23,25,22.468,39.962,39.028,304
1122,2012-06-25,2012-06-30,6,2.423,39.131,38.751,306
1122,2012-07-02,2012-07-14,13,5.623,37.637,36.991,308
1122,2012-07-17,2012-07-21,5,1.752,36.334,36.027,310
1122,2012-07-23,2012-07-28,6,1.725,35.477,35.207,312
1122,2012-08-28,2013-01-04,130,387.358,29.684,28.379,320
1122,2018-06-04,2018-06-24,21,11.066,40.305,39.61,330
1125,1998-05-16,1998-09-02,110,2163.213,685.905,655.437,2
1125,2006-01-08,2006-01-29,22,128.356,621.922,615.9,14
1125,2006-02-05,2006-03-20,44,665.061,653.935,645.536,16
1125,2007-09-05,2007-10-22,48,511.561,618.97,607.049,28
1125,2007-10-28,2007-12-15,49,507.416,603.471,595.921,32
1125,2010-11-28,2011-04-25,149,5532.205,619.265,594.884,36
1125,2018-08-29,2018-09-09,12,49.754,650.521,645.814,44
1125,2018-09-11,2018-09-23,13,42.136,636.614,631.901,46
1139,2013-09-01,2014-10-25,420,7005.345,69.756,54.932,36
1139,2014-10-27,2015-05-08,194,5368.488,55.419,53.302,38
1164,1980-04-01,1981-05-26,421,43212.674,342.667,247.535,1
1164,1984-08-23,1984-12-17,117,2315.437,390.465,367.345,3
1164,1988-08-21,1988-09-02,13,42.193,412.987,408.484,7
1164,1988-09-10,1989-02-16,160,4259.361,395.351,381.008,11
1164,1999-11-12,2000-11-05,360,12908.395,405.437,372.121,13
1164,2006-02-17,2006-02-24,8,38.465,457.464,456.618,17
1164,2006-03-05,2006-03-18,14,77.783,465.242,462.331,19
1164,2006-06-13,2006-12-29,200,2977.917,406.831,386.464,23
1170,2006-06-08,2007-01-14,221,7259.017,208.017,170.764,6
1170,2014-01-22,2014-08-02,193,6182.127,252.613,242.624,10
1170,2015-01-15,2015-02-28,45,320.263,252.42,243.135,12
1171,1981-01-29,1981-03-08,39,176.253,122.798,121.066,2
1171,1981-03-23,1981-03-29,7,7.196,133.833,133.709,4
1171,1981-04-02,1981-05-09,38,92.156,136.559,134.573,6
1171,2000-09-10,2000-10-22,43,53.977,122.182,118.869,14
1171,2006-08-23,2006-09-16,25,23.535,127.958,125.722,26
1171,2006-09-19,2007-01-12,116,381.801,116.534,111.259,28
1171,2007-02-05,2007-03-30,54,398.02,122.908,120.687,30
1171,2014-03-05,2015-04-13,405,2683.144,123.634,113.135,34
1176,1987-06-28,1987-07-21,24,43.691,468.881,467.377,4
1176,1988-04-29,1988-06-07,40,263.758,455.705,451.979,8
1176,1988-06-10,1988-07-08,29,106.429,466.585,463.954,10
1176,2013-06-03,2013-06-20,18,47.928,465.936,464.241,18
1176,2013-07-03,2013-07-21,19,93.298,465.771,461.371,20
1176,2013-11-24,2015-05-09,532,16650.414,417.374,393.314,22
1181,2006-03-12,2006-03-19,8,39.755,733.159,728.947,4
1181,2006-08-01,2007-01-03,156,2338.006,659.88,605.096,8
1181,2014-02-12,2015-03-09,391,20473.965,663.398,603.299,12
1186,2006-01-13,2006-03-20,67,785.977,223.43,212.868,4
1186,2006-05-17,2007-01-12,241,2204.632,219.648,192.501,10
1186,2012-01-04,2012-01-10,7,6.826,214.644,212.69,20
1186,2012-01-15,2012-02-03,20,57.968,221.124,216.423,22
1186,2012-02-11,2012-02-17,7,16.767,232.315,230.942,26
1186,2012-06-06,2012-06-10,5,5.231,260.773,260.076,32
1186,2013-01-29,2013-06-12,135,1082.603,245.041,224.53,38
1186,2013-06-19,2013-09-19,93,417.264,233.593,210.925,42
1188,1980-04-01,1980-04-13,13,5.984,27.133,26.865,1
1188,1980-07-04,1980-09-30,89,209.242,21.733,18.613,5
1188,1980-10-24,1980-12-09,47,40.541,22.765,22.301,11
1188,1980-12-19,1981-03-29,101,159.015,24.719,24.201,15
1188,1982-10-02,1982-10-07,6,0.701,22.986,22.881,17
1188,1983-04-15,1983-05-17,33,11.125,27.087,26.544,19
1188,1984-05-12,1984-05-19,8,1.097,27.041,26.804,25
1188,1984-06-20,1984-10-20,123,263.083,21.985,19.44,27
1188,1985-04-23,1985-04-28,6,10.711,25.73,25.175,29
1188,1985-09-21,1985-10-18,28,11.936,22.699,22.474,31
1188,1987-10-28,1987-11-15,19,9.349,22.869,22.647,33
1188,1990-03-16,1990-03-20,5,2.243,26.965,26.797,39
1188,1990-03-29,1990-04-04,7,7.681,26.469,25.285,41
1188,1990-04-15,1990-05-06,22,25.301,26.359,24.531,45
1188,1990-05-17,1990-05-21,5,3.344,26.456,26.318,47
1188,1991-03-28,1991-04-11,15,6.466,27.146,26.947,65
1188,1991-04-26,1991-05-01,6,2.05,27.144,26.977,71
1188,1991-05-04,1991-05-11,8,9.641,26.147,25.497,73
1188,1992-04-18,1992-04-28,11,4.056,27.168,26.977,91
1188,1993-05-01,1993-05-06,6,5.826,26.456,25.712,113
1188,1993-05-09,1993-05-22,14,5.165,26.819,26.137,115
1188,1993-08-30,1993-09-25,27,6.976,23.1,22.748,119
1188,1994-04-16,1994-04-25,10,1.577,27.398,27.331,131
1188,1994-04-27,1994-05-02,6,3.029,26.966,26.678,133
1188,1995-02-11,1995-03-15,33,49.734,25.497,24.741,141
1188,1995-03-23,1995-03-31,9,11.736,26.22,25.316,143
1188,1996-05-09,1996-07-13,66,33.122,25.86,24.381,171
1188,1996-07-31,1996-08-10,11,3.86,23.999,23.662,175
1188,1998-01-27,1998-02-12,17,7.634,25.858,25.619,181
1188,1998-03-14,1998-03-19,6,2.119,27.036,26.858,187
1188,1998-07-27,1998-10-05,71,100.684,22.282,20.657,191
1188,1999-02-11,1999-03-08,26,16.858,26.273,25.834,193
1188,1999-03-20,1999-04-01,13,3.687,27.231,27.096,195
1188,2000-09-07,2000-10-29,53,49.637,22.246,21.194,199
1188,2005-11-25,2006-02-24,92,108.996,24.183,23.275,225
1188,2011-08-16,2011-10-12,58,74.581,22.112,20.714,243
1188,2016-02-03,2016-02-08,6,8.644,24.931,23.691,249
1188,2016-02-11,2016-03-31,50,82.587,25.517,24.14,251
1192,1984-05-17,1984-05-26,10,9.883,171.207,171.207,18
1192,1984-05-29,1984-06-02,5,1.197,168.247,168.247,20
1192,1988-05-11,1988-06-02,23,107.66,166.702,165.286,24
1192,1988-06-12,1988-06-16,5,9.661,159.366,159.366,28
1192,1998-05-10,1998-06-04,26,104.974,167.256,163.51,42
1192,1998-06-27,1998-07-01,5,8.877,151.61,150.781,46
1192,1998-08-30,1998-09-13,15,62.85,121.256,108.448,58
1192,2005-05-16,2005-05-28,13,17.485,170.752,167.951,64
1192,2005-11-23,2005-11-27,5,14.938,124.256,122.361,72
1192,2005-11-30,2006-02-25,88,1322.819,137.96,124.137,74
1192,2006-04-18,2006-05-04,17,33.275,171.451,166.47,78
1192,2006-05-19,2006-06-06,19,57.674,166.595,162.622,80
1192,2008-08-01,2008-08-06,6,7.09,131.119,128.578,98
1192,2011-04-18,2011-05-17,30,49.305,171.765,169.135,108
1192,2011-07-25,2011-07-29,5,9.257,135.387,134.499,124
1192,2011-08-19,2011-11-21,95,839.676,116.637,101.047,132
1192,2011-11-30,2011-12-05,6,18.639,127.789,126.21,136
1192,2012-12-10,2012-12-24,15,79.663,133.907,129.17,168
1192,2013-03-05,2013-03-09,5,62.514,160.905,160.55,184
1192,2013-03-22,2013-03-28,7,66.918,163.848,160.254,190
1192,2013-04-25,2013-05-01,7,8.387,172.21,171.207,194
1192,2013-05-06,2013-05-17,12,44.767,169.678,165.582,198
1192,2013-05-19,2013-05-25,7,35.755,167.063,158.478,200
1192,2013-05-31,2013-06-04,5,18.148,164.162,160.846,204
1192,2013-06-07,2013-06-11,5,8.23,162.622,160.846,206
1194,2005-11-24,2006-03-19,116,730.697,58.786,53.413,30
1194,2006-08-21,2006-09-16,27,50.116,62.262,59.975,38
1194,2009-04-23,2009-04-27,5,1.214,86.363,86.292,54
1194,2011-08-02,2011-12-04,125,1222.591,51.658,41.993,64
1194,2014-04-09,2014-04-14,6,1.993,84.389,84.128,70
1194,2014-04-16,2014-06-21,67,126.742,84.699,82.731,72
1194,2015-03-12,2015-04-27,47,165.052,79.391,76.682,78
1194,2017-03-29,2017-06-05,69,292.183,81.868,79.675,86
1194,2018-07-10,2018-08-12,34,79.668,73.191,68.569,90
1220,1996-05-30,1996-08-07,70,58.418,47.025,44.916,2
1220,1996-08-23,1996-08-29,7,1.885,44.426,44.328,4
1220,2006-01-08,2006-03-19,71,131.362,43.31,42.488,14
1220,2009-02-06,2009-02-10,5,0.53,44.77,44.742,22
1220,2009-02-12,2009-03-13,30,54.322,44.303,43.437,24
1220,2011-08-21,2012-01-24,157,275.458,40.854,38.439,58
1220,2013-03-26,2013-04-03,9,5.971,47.343,47.107,62
1220,2013-04-25,2013-05-03,9,2.292,48.815,48.698,68
1220,2013-05-07,2013-06-15,40,60.371,47.641,47.322,70
1220,2013-06-18,2013-11-05,141,396.39,42.041,38.915,72
1220,2014-02-26,2014-05-12,76,181.621,45.656,44.638,76
1236,2000-02-15,2000-11-06,266,1876.213,17.262,7.313,2
1236,2001-01-19,2001-01-27,9,3.153,23.295,23.262,6
1236,2014-11-14,2014-11-21,8,1.366,20.3,20.227,14
1236,2014-11-26,2015-05-09,165,727.294,20.312,19.826,16
1237,1996-05-23,1996-07-14,53,54.402,44.511,41.905,4
1237,1996-07-17,1996-07-21,5,1.412,41.984,41.756,6
1237,2006-03-26,2007-01-14,295,2971.278,29.143,21.345,16
1237,2007-01-16,2007-03-29,73,784.377,25.333,23.356,18
1243,2011-06-30,2012-09-30,459,3012.609,2.716,1.206,4
1243,2014-09-10,2014-09-25,16,11.012,8.303,7.976,6
1247,2000-05-23,2000-06-03,12,27.825,434.715,432.951,4
1247,2009-08-14,2009-08-26,13,23.236,405.747,403.395,24
1247,2009-08-29,2009-09-12,15,73.255,397.859,393.301,26
1247,2011-06-01,2012-01-25,239,10825.343,366.652,339.753,32
1247,2014-02-12,2014-06-22,131,2694.998,415.718,400.369,38
1249,1980-05-01,1980-05-05,5,0.096,2.741,2.741,2
1249,1984-01-01,1985-10-17,656,303.578,2.259,1.728,4
1249,1985-12-03,1986-06-04,184,34.864,2.628,2.423,6
1249,2003-04-11,2003-05-01,21,0.412,2.77,2.733,10
1249,2003-05-10,2003-06-04,26,0.887,2.675,2.631,14
1249,2003-08-01,2003-10-08,69,13.417,2.391,2.266,16
1249,2004-02-14,2004-02-23,10,0.144,2.864,2.853,18
1249,2011-08-25,2012-02-18,178,36.028,2.533,2.352,20
1249,2012-07-03,2012-07-09,7,0.125,2.586,2.573,22
1249,2012-07-18,2012-09-28,73,12.497,2.409,2.296,26
1249,2014-01-15,2014-05-25,131,15.306,2.71,2.479,28
1254,1980-11-07,1980-12-11,35,60.138,146.418,144.07,6
1254,1980-12-13,1981-06-03,173,1010.676,148.946,142.22,8
1254,1983-09-27,1984-11-17,418,7921.957,135.527,106.523,10
1254,1996-04-19,1996-06-08,51,198.046,157.514,153.222,14
1254,1996-07-02,1996-08-29,59,217.941,155.929,151.587,16
1254,1998-07-02,1998-10-17,108,696.293,150.487,141.454,20
1254,1999-09-21,2000-06-13,267,3275.187,141.311,129.557,22
1254,2006-11-21,2007-01-19,60,205.232,144.742,142.353,26
1254,2007-02-26,2007-03-11,14,21.22,152.55,152.077,28
1258,2011-07-30,2011-08-12,14,0.331,0.773,0.773,2
1258,2012-05-31,2012-09-28,121,60.596,0.267,0.264,4
1258,2012-12-15,2013-01-09,26,14.626,0.379,0.263,6
1258,2013-01-19,2013-05-24,126,38.566,0.274,0.263,10
1258,2013-07-01,2013-10-14,106,63.084,0.275,0.263,12
1258,2014-01-24,2014-05-24,121,51.765,0.142,0.141,14
1258,2014-10-27,2014-11-03,8,0.298,1.045,1.02,16
1258,2014-11-24,2015-01-01,39,1.056,0.971,0.903,18
1263,2000-10-01,2000-10-23,23,23.392,4.66,4.284,2
1263,2001-07-25,2001-08-28,35,32.755,4.753,3.546,4
1263,2002-09-21,2002-09-30,10,1.027,5.386,5.299,6
1263,2003-03-05,2003-05-09,66,32.777,7.804,7.413,8
1263,2003-10-01,2003-10-12,12,1.354,5.479,5.393,10
1263,2003-10-15,2004-06-23,253,361.777,6.079,5.35,12
1263,2004-09-10,2004-09-27,18,1.334,5.393,5.264,18
1263,2004-09-29,2004-10-04,6,0.263,5.505,5.496,20
1263,2012-02-12,2012-02-17,6,0.392,8.281,8.245,36
1263,2012-05-02,2012-05-06,5,1.165,7.698,7.486,40
1263,2012-07-17,2012-08-06,21,7.578,5.541,5.401,43
1263,2013-03-10,2013-03-30,21,11.646,7.931,7.366,47
1263,2013-05-15,2013-05-25,11,6.509,6.983,6.698,49
1263,2013-08-11,2013-08-24,14,4.333,5.282,4.761,51
1263,2013-08-26,2013-09-17,23,46.136,3.458,2.616,53
1263,2013-09-20,2013-10-02,13,35.005,2.805,2.61,55
1263,2013-10-18,2013-11-09,23,80.263,2.448,1.96,57
1273,2011-09-11,2012-01-27,139,743.465,379.554,371.432,20
1273,2013-05-06,2013-05-16,11,16.998,425.512,423.772,22
1273,2013-07-11,2013-07-16,6,19.694,422.929,420.27,26
1273,2013-07-27,2013-09-23,59,1329.81,388.056,359.501,28
1273,2013-09-26,2013-10-27,32,739.537,367.237,360.683,30
1273,2014-03-19,2015-05-17,425,7299.375,389.098,365.078,34
1275,1981-01-01,1981-06-10,161,25390.197,2278.912,2204.229,2
1275,1988-11-06,1989-01-29,85,14696.215,2087.674,1990.694,4
1275,1996-03-10,1996-12-12,278,59806.401,2138.478,1955.824,6
1275,2000-01-25,2000-04-12,79,10081.102,2304.488,2229.276,8
1275,2011-04-30,2011-05-24,25,338.747,2486.916,2474.985,14
1275,2011-06-19,2011-06-24,6,60.71,2437.242,2432.751,18
1275,2011-07-04,2012-02-03,215,31157.522,2128.263,1967.618,22
1277,2011-07-24,2012-03-19,240,3873.828,179.958,170.448,14
1277,2014-03-26,2014-10-07,196,903.799,207.241,196.66,16
1277,2014-12-27,2015-05-23,148,1940.615,186.969,182.017,20
1279,1982-09-26,1982-10-31,36,524.076,21.186,0.056,4
1279,2005-10-12,2005-10-21,10,7.099,34.879,33.905,16
1279,2005-10-24,2005-10-31,8,8.601,33.76,33.468,18
1279,2006-05-18,2006-08-02,77,1619.465,18.025,4.322,22
1279,2006-08-05,2006-10-16,73,2729.608,0.284,0.091,24
1279,2006-10-23,2006-10-28,6,117.03,15.495,5.616,26
1279,2006-11-01,2006-11-05,5,134.823,7.51,0.844,28
1279,2006-12-09,2007-06-16,190,6356.205,1.089,0.019,30
1279,2009-08-07,2009-08-19,13,64.71,34.071,32.394,34
1279,2019-07-30,2019-09-01,34,1090.097,6.854,0.635,38
1280,1984-09-25,1984-10-07,13,59.88,403.972,401.873,2
1280,2011-10-02,2011-10-09,8,35.214,402.35,398.709,6
1280,2013-05-03,2013-10-24,175,4956.07,405.799,362.224,12
1280,2014-03-05,2015-05-27,449,10387.607,401.662,374.894,14
1283,1981-11-28,1981-12-14,17,81.619,9.523,9.011,2
1283,1983-12-05,1983-12-13,9,43.67,9.332,8.687,6
1283,1986-01-10,1986-01-20,11,36.771,9.859,9.314,12
1283,1986-12-02,1986-12-18,17,74.681,9.755,8.875,16
1283,1991-02-05,1991-02-18,14,51.675,9.591,9.138,20
1283,1992-11-13,1992-11-23,11,59.408,9.767,8.875,24
1283,1996-02-07,1996-02-17,11,44.847,9.21,8.822,28
1283,1998-02-07,1998-02-24,18,73.962,9.253,8.898,30
1283,1998-09-10,1998-10-10,31,13.72,15.554,15.414,32
1283,2000-01-29,2000-02-26,29,105.926,9.667,8.945,34
1283,2000-04-15,2000-10-16,185,67.487,15.632,15.439,38
1283,2003-01-07,2003-01-28,22,65.761,10.201,9.838,46
1283,2006-01-10,2006-02-17,39,114.034,10.282,9.93,48
1283,2011-01-05,2011-02-10,37,105.803,10.339,9.832,50
1283,2018-01-04,2018-02-11,39,118.678,10.161,9.89,58
1283,2020-01-06,2020-02-26,52,157.143,10.244,9.89,60
1287,1981-01-01,1981-03-05,64,1569.996,1963.719,1919.295,2
1287,1988-08-16,1989-01-30,168,21385.26,1730.169,1659.031,4
1287,1996-07-05,1996-09-05,63,3248.808,1810.886,1721.938,6
1287,1998-08-29,1998-09-12,15,319.469,1794.253,1767.742,12
1287,2005-09-27,2006-07-15,292,47915.725,1786.425,1709.603,14
1287,2006-07-17,2006-07-29,13,70.733,1881.721,1869.956,16
1287,2006-08-16,2006-09-23,39,742.92,1799.458,1774.978,22
1287,2006-09-26,2006-10-15,20,200.11,1791.815,1777.445,24
1287,2011-09-30,2011-12-20,82,4691.257,1778.391,1729.605,26
1291,1980-09-10,1980-09-17,8,46.756,154.736,151.872,12
1291,1980-09-28,1980-10-02,5,20.543,154.959,151.585,14
1291,1981-12-12,1981-12-25,14,177.551,132.662,129.045,26
1291,1987-05-27,1987-05-31,5,6.055,159.369,158.595,66
1291,1987-06-18,1987-06-22,5,2.558,160.068,159.337,74
1291,1987-06-24,1987-06-29,6,5.878,159.6,158.151,76
1291,1988-10-24,1988-11-23,31,417.954,137.528,135.516,94
1291,1992-11-16,1992-11-24,9,59.276,142.291,140.128,140
1291,1995-10-31,1995-11-21,22,355.313,134.518,128.657,164
1291,1996-05-19,1996-05-23,5,5.02,159.576,159.263,170
1291,1997-04-22,1997-04-28,7,65.51,150.364,142.126,178
1291,1997-06-09,1997-06-15,7,16.186,158.268,157.338,186
1291,1997-06-23,1997-06-29,7,27.124,156.705,150.937,190
1291,1997-10-17,1997-11-19,34,755.512,130.052,127.43,208
1291,1999-09-16,1999-09-23,8,3.448,160.149,160.008,248
1291,2002-01-04,2002-01-31,28,23.231,143.747,141.711,258
1291,2002-07-06,2002-07-12,7,7.791,159.467,157.781,262
1291,2003-08-21,2003-09-01,12,3.119,160.32,160.084,274
1291,2004-06-10,2004-06-14,5,4.633,159.653,157.559,278
1291,2005-01-20,2005-02-25,37,511.533,132.052,130.153,290
1291,2007-06-18,2007-06-22,5,1.362,160.308,160.233,304
1291,2007-06-25,2007-06-30,6,10.336,158.857,157.485,306
1291,2007-07-02,2007-07-11,10,11.807,159.399,157.633,308
1291,2008-01-05,2008-02-27,54,830.488,130.191,128.203,322
1291,2008-06-11,2008-06-17,7,2.13,160.276,160.084,326
1291,2008-09-11,2008-09-17,7,3.999,160.009,159.71,334
1291,2011-04-30,2011-05-10,11,3.593,160.253,160.008,360
1291,2011-07-19,2011-07-26,8,6.285,159.794,159.114,364
1291,2012-04-29,2012-05-03,5,0.542,160.472,160.382,368
1291,2015-05-21,2015-05-30,10,10.623,159.518,157.633,390
1291,2017-01-05,2017-02-11,38,426,133.657,131.66,414
1291,2019-01-06,2019-02-25,51,531.584,135.051,133.447,426
1291,2019-05-06,2019-05-10,5,9.832,158.614,157.117,432
1291,2020-01-04,2020-02-26,54,709.463,132.356,130.348,444
1292,1982-08-19,1982-08-24,6,0.915,8.224,8.18,14
1292,1983-10-01,1983-10-12,12,64.152,2.633,1.501,20
1292,1984-10-01,1984-10-12,12,63.959,2.639,1.501,22
1292,1986-12-03,1986-12-15,13,32.521,4.498,3.872,34
1292,1987-07-20,1987-07-27,8,36.394,3.827,2.795,44
1292,1991-10-01,1991-10-08,8,32.844,3.908,3.243,70
1292,1997-09-12,1997-10-15,34,110.994,4.851,4.648,88
1292,2004-02-17,2004-03-03,16,35.42,4.763,4.46,139
1292,2005-09-06,2005-10-21,46,12.756,7.829,7.667,157
1292,2009-01-06,2009-02-15,41,86.335,4.702,4.415,197
1292,2011-07-21,2011-07-25,5,0.546,8.267,8.2,213
1292,2017-08-27,2017-09-01,6,0.444,8.302,8.226,337
1292,2019-01-02,2019-03-20,78,155.782,4.923,4.439,355
1294,2012-02-12,2012-02-16,5,12.006,509.993,509.71,2
1294,2013-04-19,2013-11-04,200,8587.147,486.828,423.512,4
1294,2014-02-24,2015-05-15,446,10198.204,500.067,456.156,6
1296,1981-02-26,1981-05-20,84,547.241,140.088,137.41,2
1296,2000-03-13,2000-03-19,7,10.622,143.641,142.135,8
1296,2006-04-13,2006-04-20,8,3.431,148.392,148.069,24
1296,2009-02-26,2009-03-27,30,131.402,139.627,138.441,26
1296,2009-03-30,2009-04-17,19,161.517,139.808,138.441,28
1296,2011-04-15,2011-09-14,153,2117.81,118.064,77.048,32
1296,2011-09-16,2012-02-20,158,6166.133,75.875,68.94,34
1296,2013-07-06,2013-07-29,24,71.395,124.376,119.909,40
1296,2013-08-09,2013-10-15,68,376.258,103.884,97.99,42
1297,1982-01-06,1982-02-02,28,221.953,11.404,10.604,32
1297,1984-01-18,1984-02-22,36,312.398,11.08,9.349,42
1297,1986-01-21,1986-03-01,40,367.513,10.948,6.736,54
1297,1987-06-02,1987-06-09,8,4.451,28.055,27.92,60
1297,1987-06-12,1987-06-23,12,5.474,28.155,27.715,62
1297,1988-01-13,1988-03-01,49,459.063,10.665,10.181,66
1297,1991-01-17,1991-02-27,42,364.866,11.266,10.391,72
1297,1993-01-20,1993-03-04,44,377.703,11.664,10.503,80
1297,1995-01-05,1995-02-09,36,277.614,11.692,10.514,84
1297,1997-02-03,1997-02-21,19,109.492,14.368,11.602,94
1297,1998-07-24,1998-07-28,5,0.573,28.497,28.406,120
1297,1998-07-31,1998-08-16,17,1.867,28.502,28.444,122
1297,1998-12-30,1999-02-10,43,347.762,11.426,10.28,142
1297,2000-04-03,2000-04-07,5,0.817,28.448,28.369,208
1297,2000-05-23,2000-06-01,10,3.75,28.236,27.549,224
1297,2000-06-06,2000-06-13,8,1.151,28.468,28.369,228
1297,2000-10-20,2000-10-26,7,1.339,28.42,28.294,270
1297,2001-01-05,2001-02-13,40,327.703,11.274,10.536,278
1297,2001-04-02,2001-04-07,6,0.42,28.541,28.481,280
1297,2001-05-01,2001-05-06,6,0.326,28.557,28.463,292
1297,2002-01-05,2002-02-14,41,331.163,11.41,10.481,328
1297,2002-07-06,2002-07-19,14,17.766,27.342,26.594,338
1297,2003-01-05,2003-02-15,42,346.979,11.246,10.525,352
1297,2004-01-14,2004-02-14,32,220.358,12.568,10.536,354
1297,2005-01-05,2005-02-13,40,296.888,12.044,10.604,370
1297,2007-02-07,2007-02-13,7,5.856,19.066,18.265,376
1297,2008-01-13,2008-02-11,30,200.294,12.69,10.258,384
1297,2011-01-14,2011-02-11,29,174.186,13.358,10.435,394
1297,2017-01-08,2017-02-10,34,191.117,13.747,12.617,452
1302,2009-01-11,2009-01-25,15,31.414,361.866,360.925,12
1302,2009-01-28,2009-10-29,275,5138.096,345.414,320.509,14
1302,2013-09-22,2013-09-28,7,7.656,355.446,354.468,22
1302,2013-10-07,2013-10-12,6,5.5,355.355,354.72,24
1302,2014-10-29,2014-11-05,8,9.002,355.62,354.72,26
1302,2014-11-12,2015-04-24,164,999.45,358.817,352.191,28
1317,2001-08-08,2001-08-31,24,163.961,67.717,63.095,4
1317,2012-06-26,2013-07-01,371,10553.267,55.377,47.167,10
1586,1980-08-26,1980-08-30,5,0.151,15.508,15.508,8
1586,1980-09-01,1980-09-10,10,0.416,15.497,15.394,10
1586,1980-09-14,1980-09-22,9,4.83,14.921,14.41,12
1586,1980-09-25,1980-09-29,5,3.074,13.545,13.15,14
1586,1980-11-30,1980-12-07,8,0.692,5.2,5.114,18
1586,1980-12-12,1981-01-25,45,7.178,5.127,4.771,20
1586,1981-02-03,1981-02-08,6,0.71,5.168,5.088,24
1586,1981-03-01,1981-03-06,6,0.645,5.179,5.127,30
1586,1981-03-14,1981-03-24,11,0.742,5.219,5.127,34
1586,1981-08-16,1981-08-28,13,0.659,15.488,15.462,44
1586,1981-09-18,1981-10-14,27,52.04,11.454,11.082,48
1586,1981-11-30,1981-12-20,21,2.558,5.165,5.095,50
1586,1982-08-27,1982-09-02,7,0.386,15.483,15.439,74
1586,1982-09-07,1982-11-03,58,160.705,9.373,5.774,76
1586,1983-01-10,1983-01-14,5,0.346,5.217,5.184,80
1586,1983-02-21,1983-03-01,9,0.939,5.182,5.058,94
1586,1983-03-05,1983-03-19,15,0.88,5.228,5.158,96
1586,1983-07-07,1983-07-17,11,0.655,15.479,15.439,102
1586,1983-07-19,1983-07-23,5,0.153,15.508,15.485,104
1586,1983-08-13,1983-08-18,6,0.97,15.376,15.317,108
1586,1983-09-06,1983-10-14,39,64.776,12.382,10.55,110
1586,1984-01-10,1984-01-27,18,2.333,5.157,5.07,120
1586,1984-04-09,1984-04-17,9,14.674,5.786,4.968,138
1586,1984-07-16,1984-07-27,12,3.807,15.221,14.989,146
1586,1984-08-13,1984-09-15,34,4.899,15.394,15.175,150
1586,1984-09-17,1984-09-22,6,3.872,14.789,14.388,152
1586,1984-09-25,1984-09-29,5,2.058,13.748,13.366,154
1586,1985-01-07,1985-01-11,5,0.524,5.182,5.114,164
1586,1985-01-27,1985-02-01,6,0.525,5.199,5.158,172
1586,1985-02-05,1985-02-09,5,0.532,5.18,5.152,174
1586,1985-03-17,1985-03-23,7,0.942,5.152,5.101,178
1586,1985-06-22,1985-06-26,5,0.682,15.402,15.295,188
1586,1985-07-18,1985-07-30,13,0.874,15.471,15.451,194
1586,1985-08-20,1985-08-25,6,0.423,15.468,15.428,198
1586,1985-09-01,1985-09-08,8,0.278,15.504,15.462,202
1586,1985-09-14,1985-09-23,10,7.349,14.731,14.28,204
1586,1985-09-25,1985-09-30,6,3.315,13.608,13.271,206
1586,1985-12-24,1985-12-29,6,0.5,5.203,5.114,212
1586,1986-01-02,1986-01-16,15,1.319,5.198,5.088,214
1586,1986-01-28,1986-02-01,5,0.545,5.177,5.101,218
1586,1986-09-03,1986-09-07,5,0.323,15.474,15.417,240
1586,1986-09-12,1986-09-30,19,15.175,14.194,12.607,242
1586,1986-12-16,1986-12-23,8,0.731,5.195,5.146,252
1586,1986-12-27,1987-01-01,6,0.27,5.241,5.197,254
1586,1987-01-04,1987-01-08,5,0.423,5.202,5.101,256
1586,1987-02-17,1987-02-28,12,2.887,5.046,4.723,262
1586,1987-03-25,1987-03-29,5,0.442,5.198,5.152,270
1586,1987-04-04,1987-04-14,11,9.809,5.411,5.203,272
1586,1987-08-16,1987-08-24,9,0.504,15.482,15.439,288
1586,1987-09-16,1987-11-10,56,191.386,7.399,4.298,290
1586,1987-11-21,1987-11-27,7,7.92,4.155,3.406,294
1586,1988-01-04,1988-01-08,5,0.779,5.131,5.07,302
1586,1988-01-11,1988-01-15,5,0.588,5.169,5.082,304
1586,1988-02-06,1988-02-10,5,0.486,5.189,5.095,308
1586,1989-01-15,1989-01-19,5,0.244,5.238,5.178,322
1586,1989-01-21,1989-01-25,5,0.747,5.137,5.064,324
1586,1989-02-07,1989-02-14,8,0.736,5.194,5.165,328
1586,1989-02-27,1989-03-04,6,0.971,5.125,5.082,330
1586,1989-04-11,1989-04-19,9,11.673,6.279,5.324,336
1586,1989-09-16,1989-09-30,15,13.278,13.961,13.576,356
1586,1989-11-29,1989-12-18,20,2.333,5.17,4.956,358
1586,1990-03-21,1990-03-28,8,1.276,5.127,5.046,372
1586,1990-04-05,1990-04-10,6,3.573,5.41,5.222,374
1586,1990-04-15,1990-04-19,5,5.79,6.927,6.064,376
1586,1990-06-20,1990-06-30,11,5.813,15.01,14.673,378
1586,1990-09-19,1990-09-30,12,8.374,13.993,13.355,388
1586,1991-01-25,1991-01-31,7,0.85,5.165,5.052,392
1586,1991-04-09,1991-04-13,5,5.374,5.864,5.292,404
1586,1991-07-14,1991-07-19,6,0.388,15.473,15.417,416
1586,1991-09-16,1991-09-30,15,10.799,14.127,12.979,418
1586,1991-10-02,1991-10-07,6,2.529,12.391,12.063,420
1586,1991-12-17,1992-01-05,20,1.496,5.212,5.101,428
1586,1992-01-09,1992-01-13,5,0.18,5.25,5.171,430
1586,1992-03-02,1992-03-06,5,0.429,5.201,5.152,444
1586,1992-04-07,1992-04-16,10,14.876,5.598,5.197,450
1586,1992-06-11,1992-06-16,6,0.444,15.464,15.372,454
1586,1992-06-23,1992-06-27,5,1.128,15.313,14.935,456
1586,1993-04-20,1993-04-24,5,4.131,8.123,7.689,476
1586,1993-09-16,1993-09-30,15,13.088,13.974,13.303,496
1586,1993-10-03,1993-10-07,5,1.746,12.464,12.15,498
1586,1994-03-27,1994-04-05,10,1.617,5.226,5.146,514
1586,1994-06-09,1994-06-16,8,0.823,15.435,15.383,518
1586,1994-07-11,1994-07-18,8,1.084,15.403,15.142,520
1586,1994-08-22,1994-08-29,8,0.506,15.475,15.428,522
1586,1994-09-11,1994-09-23,13,6.579,14.976,14.367,524
1586,1994-09-25,1994-09-30,6,3.269,13.615,13.15,526
1586,1994-10-03,1994-10-07,5,2.369,12.339,12.005,528
1586,1994-12-02,1994-12-06,5,0.18,5.25,5.235,532
1586,1995-01-01,1995-01-11,11,0.876,5.207,5.146,538
1586,1995-03-27,1995-04-08,13,1.746,5.288,5.209,550
1586,1995-06-18,1995-06-22,5,0.221,15.494,15.474,556
1586,1995-09-25,1995-09-30,6,2.286,13.779,13.46,560
1586,1995-11-30,1995-12-10,11,1.225,5.175,4.962,564
1586,1996-03-30,1996-04-22,24,25.845,5.854,5.127,582
1586,1996-09-11,1996-09-29,19,19.63,13.959,12.909,586
1586,1997-04-07,1997-04-21,15,19.104,6.052,5.095,604
1586,1997-09-23,1997-09-30,8,8.389,13.271,12.868,618
1586,1997-10-02,1997-10-07,6,1.787,12.515,12.073,620
1586,1997-12-15,1997-12-21,7,0.692,5.188,5.12,628
1586,1998-02-01,1998-02-12,12,1.055,5.198,5.095,632
1586,1998-09-19,1998-09-23,5,2.257,14.983,14.509,648
1586,1998-09-25,1998-09-30,6,3.993,13.495,13.13,650
1586,1998-11-30,1998-12-06,7,0.398,5.23,5.19,656
1586,1998-12-09,1998-12-22,14,1.117,5.207,5.12,658
1586,1998-12-26,1999-01-16,22,2.089,5.191,5.114,660
1586,1999-04-02,1999-04-15,14,9.777,5.54,5.178,672
1586,1999-06-20,1999-06-24,5,0.209,15.496,15.474,680
1586,1999-08-31,1999-09-30,31,12.367,14.805,13.303,684
1586,1999-12-01,1999-12-10,10,1.157,5.171,5.095,688
1586,1999-12-17,2000-01-05,20,1.392,5.217,5.146,690
1586,2000-01-16,2000-02-11,27,3.046,5.174,5.107,694
1586,2000-02-28,2000-03-05,7,1.124,5.126,4.95,700
1586,2000-04-01,2000-04-08,8,2.928,5.348,5.152,706
1586,2000-04-15,2000-04-19,5,1.796,8.012,7.779,708
1586,2000-09-04,2000-09-08,5,0.414,15.455,15.428,722
1586,2000-09-15,2000-09-22,8,4.613,14.871,14.323,724
1586,2000-09-24,2000-09-29,6,1.119,13.973,13.807,726
1586,2000-10-15,2000-10-20,6,2.015,9.644,9.432,730
1586,2000-11-27,2000-12-10,14,7.809,4.729,3.956,732
1586,2000-12-25,2001-01-04,11,1.435,5.156,5.022,738
1586,2001-08-01,2001-08-06,6,0.205,15.504,15.485,762
1586,2001-09-14,2001-09-23,10,4.549,15.011,14.345,764
1586,2002-01-03,2002-01-07,5,0.283,5.23,5.19,774
1586,2002-03-18,2002-03-26,9,0.361,5.246,5.209,790
1586,2002-06-18,2002-06-22,5,0.141,15.51,15.485,792
1586,2002-08-02,2002-08-11,10,0.659,15.472,15.439,798
1586,2002-09-10,2002-09-30,21,9.744,14.58,13.292,800
1586,2002-11-30,2002-12-18,19,2.64,5.147,5.07,806
1586,2003-01-16,2003-01-22,7,0.348,5.237,5.158,812
1586,2003-02-16,2003-02-20,5,0.174,5.252,5.209,822
1586,2004-07-24,2004-07-29,6,0.298,15.488,15.417,864
1586,2004-09-16,2004-09-29,14,12.778,13.884,12.999,872
1586,2004-10-01,2004-10-06,6,1.634,12.54,12.306,874
1586,2005-04-05,2005-04-19,15,17.016,5.813,5.101,890
1586,2005-06-19,2005-06-24,6,0.422,15.468,15.439,892
1586,2005-08-07,2005-08-12,6,0.195,15.506,15.485,896
1586,2005-09-20,2005-09-24,5,4.157,14.348,14.059,900
1586,2005-09-26,2005-09-30,5,2.756,13.609,13.079,902
1586,2006-04-06,2006-04-14,9,9.136,5.457,5.004,926
1586,2006-09-16,2006-09-30,15,8.668,14.269,13.303,932
1586,2006-10-03,2006-10-07,5,0.816,12.65,12.497,934
1586,2007-02-08,2007-02-13,6,0.193,5.254,5.235,940
1586,2007-04-04,2007-04-10,7,4.358,5.316,5.216,944
1586,2007-09-12,2007-09-30,19,14.02,14.254,13.12,950
1586,2007-10-04,2007-10-11,8,3.79,11.639,11.332,952
1586,2008-04-14,2008-04-19,6,6.645,7.025,6.552,964
1586,2008-09-16,2008-09-29,14,10.402,14.054,13.471,968
1586,2008-11-30,2008-12-08,9,0.405,5.241,5.197,972
1586,2009-01-15,2009-01-21,7,0.361,5.235,5.165,980
1586,2009-01-29,2009-02-03,6,0.276,5.24,5.216,982
1586,2009-08-21,2009-08-25,5,0.76,15.386,15.263,990
1586,2009-09-16,2009-09-30,15,10.15,14.17,13.324,992
1586,2010-04-02,2010-04-06,5,1.282,5.282,5.197,1018
1586,2010-04-10,2010-04-19,10,10.546,6.457,5.439,1020
1586,2010-09-16,2010-09-30,15,14.912,13.853,13.19,1024
1586,2010-12-13,2010-12-18,6,0.231,5.248,5.222,1030
1586,2011-03-30,2011-04-05,7,0.984,5.29,5.222,1044
1586,2011-04-09,2011-04-18,10,14.811,5.888,5.184,1046
1586,2011-09-14,2011-09-23,10,6.279,14.838,14.356,1048
1586,2011-09-25,2011-09-30,6,3.844,13.519,13.069,1050
1586,2011-10-02,2011-10-07,6,1.293,12.597,12.477,1052
1586,2012-04-01,2012-05-02,32,54.993,6.396,5.133,1076
1586,2012-06-11,2012-06-30,20,1.098,15.483,15.439,1078
1586,2012-07-11,2012-07-21,11,1.52,15.4,15.306,1080
1586,2012-09-15,2012-09-22,8,3.139,15.055,14.716,1084
1586,2013-04-05,2013-04-10,6,3.525,5.418,5.209,1102
1586,2013-09-09,2013-09-23,15,5.98,15.091,14.238,1106
1586,2013-09-25,2013-09-30,6,3.343,13.603,13.16,1108
1586,2014-03-19,2014-03-24,6,0.968,5.125,4.902,1120
1586,2014-04-16,2014-04-21,6,2.522,7.951,7.757,1126
1586,2014-09-26,2014-09-30,5,2.5,13.66,13.334,1136
1586,2015-03-15,2015-03-20,6,9.702,3.669,1.069,1144
1586,2015-04-10,2015-04-19,10,11.883,6.324,5.541,1154
1586,2015-09-22,2015-09-30,9,5.281,13.856,13.418,1160
1586,2016-04-14,2016-04-19,6,7.861,6.822,6.354,1180
1586,2016-09-24,2016-09-28,5,1.65,13.83,13.649,1188
1586,2017-03-09,2017-03-14,6,0.454,5.211,5.158,1208
1586,2017-04-13,2017-04-19,7,8.615,6.527,5.915,1210
1586,2017-09-19,2017-09-30,12,8.513,13.982,13.292,1212
1586,2017-12-07,2017-12-11,5,0.143,5.258,5.241,1218
1586,2017-12-30,2018-01-04,6,0.199,5.253,5.216,1220
1586,2018-04-08,2018-04-19,12,14.383,6.101,3.212,1240
1586,2018-09-15,2018-09-25,11,6.537,14.627,13.986,1248
1586,2018-10-10,2018-10-21,12,12.862,9.505,8.782,1254
1586,2018-10-23,2018-10-28,6,2.892,8.053,7.825,1256
1586,2019-04-04,2019-04-14,11,8.549,5.525,5.152,1282
1586,2019-09-15,2019-09-23,9,6.101,14.78,14.259,1292
1586,2019-09-25,2019-09-30,6,2.701,13.71,13.15,1294
1587,1981-03-26,1981-04-12,18,42.063,18.12,16.414,12
1587,1984-12-08,1984-12-12,5,2.417,13.301,13.079,22
1587,1985-03-24,1985-03-30,7,16.579,14.525,14.002,24
1587,1985-10-16,1985-10-21,6,8.128,34.441,33.107,32
1587,1985-10-23,1985-11-11,20,45.073,26.312,22.492,34
1587,1987-02-18,1987-02-24,7,2.858,13.376,13.019,42
1587,1987-03-06,1987-04-16,42,193.594,13.282,8.034,44
1587,1987-05-07,1987-05-21,15,52.083,36.913,35.55,46
1587,1989-11-28,1989-12-02,5,4.978,14.527,13.991,56
1587,1994-11-27,1994-12-01,5,2.942,14.934,14.598,66
1587,1995-11-28,1995-12-02,5,5.57,14.409,14.145,81
1587,1999-03-22,1999-04-15,25,99.42,16.031,14.035,85
1587,2001-04-02,2001-04-09,8,14.429,19.573,18.767,89
1587,2002-03-19,2002-03-28,10,13.232,14.326,14.024,91
1587,2002-11-28,2002-12-02,5,4.776,14.568,14.156,95
1587,2006-03-19,2006-04-03,16,32.961,14.778,14.134,109
1587,2009-03-26,2009-04-03,9,12.74,17.047,14.873,113
1587,2009-11-27,2009-12-02,6,4.329,14.801,14.531,121
1587,2010-11-07,2010-11-11,5,7.168,23.799,22.524,129
1587,2010-11-13,2010-11-25,13,19.557,18.58,16.414,131
1587,2010-12-01,2010-12-31,31,70.735,11.615,10.401,133
1587,2012-03-18,2012-03-23,6,3.481,14.169,14.101,141
1587,2012-03-30,2012-10-03,188,3361.973,30.365,17.293,143
1587,2012-11-05,2012-11-10,6,10.733,23.444,22.443,149
1587,2012-11-12,2012-12-01,20,27.517,17.112,14.189,151
1587,2013-03-22,2013-03-28,7,8.352,14.842,14.322,153
1587,2013-11-02,2013-12-20,49,257.622,13.161,10.267,161
1587,2014-03-26,2014-03-30,5,8.468,16.057,15.203,163
1587,2014-11-13,2014-11-23,11,14.466,19.042,16.74,173
1587,2015-03-19,2015-03-24,6,2.378,14.353,14.134,175
1587,2015-11-20,2015-11-25,6,7.911,17.264,16.025,181
1587,2015-11-27,2015-12-02,6,4.848,14.715,14.289,183
1587,2016-03-22,2016-03-27,6,4.957,15.424,14.112,185
1587,2018-03-21,2018-03-27,7,8.354,14.413,14.267,203
1587,2018-11-20,2018-11-25,6,7.287,17.368,16.803,207
1587,2019-03-24,2019-03-29,6,13.312,14.531,14.377,213
1587,2019-11-14,2019-11-26,13,20.73,18.004,14.95,217
1592,1983-01-14,1983-02-02,20,161.508,20.552,16.928,2
1592,1984-12-05,1984-12-11,7,9.912,27.211,26.083,4
1592,1987-02-26,1987-03-11,14,104.448,21.167,14.482,12
1592,1994-03-19,1994-03-31,13,12.721,29.457,28.986,16
1592,2000-03-25,2000-04-08,15,42.332,29.559,28.808,32
1592,2000-04-27,2000-05-01,5,0.908,37.579,37.498,36
1592,2000-05-31,2000-06-05,6,1.094,37.578,37.459,46
1592,2000-07-11,2000-07-28,18,3.992,37.539,37.421,52
1592,2000-08-02,2000-08-08,7,1.239,37.584,37.459,54
1592,2000-08-12,2000-08-22,11,1.517,37.623,37.479,56
1592,2000-08-26,2000-09-02,8,1.333,37.575,37.479,58
1592,2000-09-20,2000-10-05,16,31.329,30.345,28.728,60
1592,2000-10-08,2000-10-13,6,1.745,28.924,28.808,62
1592,2001-04-23,2001-04-27,5,0.676,37.625,37.517,66
1592,2001-05-02,2001-05-06,5,0.579,37.645,37.595,68
1592,2001-07-09,2001-07-23,15,3.011,37.56,37.459,86
1592,2001-07-31,2001-08-06,7,1.007,37.617,37.517,90
1592,2001-08-25,2001-08-30,6,1.652,37.485,37.402,96
1592,2002-03-19,2002-03-28,10,8.347,29.326,28.857,98
1592,2002-06-10,2002-06-15,6,0.533,37.672,37.556,110
1592,2002-06-18,2002-06-25,8,1.735,37.544,37.459,112
1592,2002-07-01,2002-07-10,10,2.39,37.522,37.346,114
1592,2002-08-05,2002-08-12,8,2.626,37.432,37.178,118
1592,2002-08-26,2002-09-09,15,2.724,37.51,37.44,120
1592,2002-09-21,2002-10-14,24,39.229,29.71,28.744,122
1592,2003-03-31,2003-04-04,5,10.932,30.195,29.356,128
1592,2003-05-27,2003-05-31,5,0.675,37.626,37.537,134
1592,2003-06-23,2003-07-01,9,1.282,37.618,37.537,142
1592,2003-08-15,2003-08-21,7,1.819,37.501,37.402,146
1592,2003-08-24,2003-08-28,5,0.213,37.718,37.691,148
1592,2004-01-15,2004-02-09,26,181.486,21.647,17.479,150
1592,2004-04-02,2004-04-17,16,39.835,31.949,28.905,152
1592,2004-06-28,2004-07-02,5,0.579,37.645,37.575,162
1592,2004-07-25,2004-07-29,5,0.443,37.672,37.595,166
1592,2005-03-19,2005-04-03,16,13.124,30.002,29.018,170
1592,2012-03-18,2012-03-23,6,3.998,28.983,28.857,172
1645,1980-10-30,1980-12-22,54,248.71,22.716,20.033,2
1645,1981-03-26,1981-05-05,41,104.367,28.742,24.391,4
1645,1981-11-20,1981-12-20,31,86.01,21.689,20.102,10
1645,1982-10-31,1982-12-02,33,110.251,27.245,20.31,14
1645,1982-12-19,1982-12-23,5,1.468,20.116,20.019,16
1645,1983-11-21,1983-12-10,20,52.182,23.17,20.254,20
1645,1986-11-14,1986-12-23,40,118.549,22.086,19.937,22
1645,1987-04-02,1987-07-03,93,599.99,35.843,25.897,26
1645,1987-11-20,1987-12-15,26,84.814,21.915,20.033,30
1645,1989-11-22,1989-12-23,32,91.864,20.965,20.088,32
1645,1990-11-21,1990-11-26,6,6.723,26.918,25.786,36
1645,1991-07-16,1991-09-02,49,73.444,55.281,53.911,40
1645,1991-11-28,1991-12-23,26,60.644,20.621,19.842,42
1645,1994-04-02,1994-04-09,8,8.735,26.96,26.267,48
1645,1994-11-22,1994-12-31,40,140.087,19.354,16.062,50
1645,1995-11-16,1995-12-19,34,117.838,21.792,19.964,52
1645,1996-11-16,1996-12-15,30,109.429,21.91,20.033,54
1645,1996-12-18,1996-12-22,5,1.274,20.155,20.074,56
1645,1997-11-13,1998-01-13,62,262.872,18.566,15.571,60
1645,1998-11-04,1998-12-23,50,261.351,21.418,19.978,62
1645,1999-11-09,2000-02-27,111,454.052,16.98,13.944,64
1645,2000-03-25,2000-08-17,146,1020.384,39.152,24.437,70
1645,2000-11-17,2000-12-15,29,106.162,21.716,20.088,72
1645,2001-12-07,2001-12-14,8,13.131,21.201,20.434,76
1645,2002-11-23,2002-12-18,26,83.705,21.099,20.033,78
1645,2003-11-14,2003-11-18,5,8.154,29.167,28.055,80
1645,2003-12-07,2003-12-21,15,15.187,20.923,20.102,82
1645,2004-11-12,2004-12-07,26,105.645,23.284,20.061,86
1645,2005-11-23,2005-12-23,31,87.055,20.88,19.964,94
1645,2007-11-16,2007-12-09,24,60.873,24.242,22.124,96
1645,2008-11-13,2008-12-18,36,119.279,22.252,19.896,100
1645,2009-11-27,2009-12-09,13,52.6,20.972,19.842,104
1645,2010-11-21,2010-12-23,33,84.456,21.416,19.978,108
1645,2011-11-20,2011-11-29,10,36.254,23.885,21.056,112
1645,2012-06-03,2012-10-06,126,1112.882,44.851,43.226,116
1645,2012-11-21,2012-12-15,25,72.251,21.906,20.365,118
1645,2013-11-24,2013-12-16,23,62.182,21.777,20.628,120
1645,2014-11-17,2014-11-23,7,14.278,27.056,24.406,122
1645,2014-12-19,2014-12-23,5,0.914,20.227,20.13,126
1645,2015-11-24,2015-12-22,29,72.224,21.148,20.005,128
1645,2016-11-20,2016-12-22,33,61.834,22.101,20.102,130
1645,2017-11-30,2017-12-23,24,50.441,20.585,19.95,136
1645,2018-11-25,2018-12-02,8,35.015,22.059,20.074,138
1645,2018-12-08,2018-12-14,7,7.067,21.661,20.794,140
1645,2018-12-19,2018-12-23,5,1.067,20.196,20.005,142
1645,2019-11-15,2019-12-01,17,76.424,23.682,20.904,144
1645,2019-12-07,2019-12-23,17,19.648,20.6,20.019,146
1654,1980-04-30,1980-05-31,32,43.614,34.544,33.792,2
1654,1980-06-14,1980-07-21,38,31.092,35.972,35.191,4
1654,1980-07-30,1980-08-06,8,3.124,36.005,35.915,8
1654,1982-05-18,1982-05-29,12,11.171,35.233,34.579,16
1654,1982-06-19,1982-06-27,9,18.454,34.753,34.229,20
1654,1982-07-09,1982-07-19,11,21.611,34.811,34.299,26
1654,1982-07-21,1982-08-05,16,30.279,34.657,34.264,28
1654,1982-08-08,1982-09-01,25,37.866,34.344,34.124,30
1654,1982-09-04,1982-10-06,33,19.145,33.897,33.582,32
1654,1983-05-24,1983-12-11,202,912.019,30.515,23.913,36
1654,1983-12-20,1984-02-04,47,363.485,25.359,24.069,38
1654,1984-05-27,1984-10-21,148,314,33.532,31.784,44
1654,1985-05-30,1985-06-11,13,3.085,36.273,36.078,48
1654,1985-06-18,1985-07-09,22,14.052,36.182,35.987,52
1654,1985-07-12,1985-07-20,9,5.851,36.11,35.969,54
1654,1986-04-06,1986-04-19,14,6.08,33.979,33.53,64
1654,1986-06-18,1986-07-01,14,6.827,36.323,36.096,68
1654,1986-07-03,1986-07-10,8,2.504,36.519,36.295,70
1654,1986-07-12,1986-07-25,14,10.571,35.967,35.68,72
1654,1986-07-30,1986-08-19,21,6.798,35.913,35.734,74
1654,1987-04-01,1987-04-12,12,5.093,33.701,33.442,86
1654,1987-04-22,1987-05-25,34,47.113,34.211,33.442,88
1654,1987-06-05,1987-06-11,7,3.687,36.057,36.005,92
1654,1987-06-14,1987-06-19,6,3.384,36.163,36.024,94
1654,1987-06-22,1987-06-30,9,5.278,36.233,36.005,96
1654,1988-05-18,1988-07-31,75,79.82,35.554,34.701,98
1654,1988-10-18,1989-01-03,78,737.638,23.636,19.134,100
1654,1989-01-17,1989-03-19,62,157.378,30.558,29.732,102
1654,1989-06-17,1989-07-19,33,21.578,36.148,35.951,104
1654,1989-07-26,1989-08-05,11,4.225,36.119,35.987,106
1654,1990-07-04,1990-07-11,8,4.06,36.32,36.096,112
1654,1990-07-15,1990-07-20,6,3.49,36.157,36.078,114
1654,1990-08-07,1990-08-12,6,0.5,36.165,36.15,120
1654,1991-06-02,1991-07-09,38,25.672,36.053,35.915,126
1654,1991-07-17,1991-08-06,21,10.743,36.057,35.806,128
1654,1992-05-27,1992-06-06,11,3.087,36.177,36.096,142
1654,1992-06-09,1992-07-02,24,14.67,36.159,35.987,144
1654,1993-05-21,1993-06-01,12,3.003,36.025,35.589,148
1654,1993-06-21,1993-06-25,5,2.127,36.371,36.223,154
1654,1993-06-28,1993-07-02,5,1.928,36.451,36.114,156
1654,1993-07-06,1993-07-16,11,3.298,36.507,36.241,158
1654,1993-07-21,1993-08-01,12,6.121,36.075,35.987,160
1654,1993-08-04,1993-08-11,8,1.812,36.071,35.987,162
1654,1994-03-26,1994-04-05,11,2.637,33.573,33.391,164
1654,1994-05-27,1994-06-07,12,1.805,36.284,36.078,168
1654,1994-06-16,1994-06-26,11,6.43,36.195,35.987,170
1654,1994-07-05,1994-08-26,53,28.13,35.876,35.499,174
1654,1995-03-29,1995-04-11,14,4.833,33.667,33.46,176
1654,1995-06-12,1995-08-06,56,35.685,36.072,35.788,180
1654,1996-04-08,1996-04-19,12,8.036,33.865,33.547,182
1654,1996-08-03,1996-08-17,15,3.939,35.92,35.752,184
1654,1997-07-03,1997-08-17,46,27.588,35.942,35.607,190
1654,1999-04-05,1999-04-14,10,4.367,33.813,33.547,196
1654,1999-05-26,1999-05-31,6,1.42,36.09,36.06,198
1654,1999-06-11,1999-07-20,40,26.915,36.111,35.806,200
1654,1999-07-25,1999-10-07,75,28.851,34.939,33.374,202
1654,1999-10-24,2000-01-02,71,28.511,32.691,32.241,204
1654,2000-03-28,2000-04-04,8,1.04,33.731,33.53,206
1654,2001-03-26,2001-04-06,12,4.387,33.466,33.408,208
1654,2001-04-16,2001-05-17,32,47.463,33.826,33.425,212
1654,2003-04-09,2003-04-24,16,16.325,33.606,33.391,214
1654,2004-04-10,2004-05-13,34,30.175,34.23,33.6,218
1654,2005-03-31,2005-04-22,23,17.763,33.555,33.307,224
1654,2009-10-19,2009-10-23,5,11.519,30.789,30.039,230
1654,2009-11-05,2009-12-03,29,73.494,30.558,29.781,234
1654,2010-04-14,2010-04-25,12,12.334,33.734,33.374,236
1654,2012-04-06,2012-04-15,10,8.33,33.521,33.239,244
1654,2012-04-20,2012-05-01,12,17.806,33.609,33.273,246
1654,2017-04-15,2017-04-20,6,5.791,33.713,33.6,260
1655,1982-09-16,1982-12-28,104,1925.585,94.857,86.519,2
1655,1983-09-24,1983-10-07,14,9.1,121.22,120.742,4
1655,1983-10-09,1983-10-14,6,1.314,120.354,120.228,6
1655,1987-09-29,1987-10-07,9,4.355,121.386,121.016,12
1655,1987-10-10,1987-10-14,5,1.86,120.201,119.988,14
1655,1987-11-02,1987-12-31,60,328.226,102.129,100.003,20
1655,1988-01-03,1988-01-07,5,0.435,100.244,100.162,22
1655,1988-08-26,1988-09-15,21,8.186,121.48,121.016,24
1655,1988-09-28,1988-10-06,9,2.058,121.641,121.291,26
1655,1993-09-19,1993-10-08,20,13.058,121.152,120.571,38
1655,1996-12-21,1997-01-14,25,66.978,98.015,96.382,46
1655,1997-10-03,1997-10-07,5,1.353,121.599,121.428,48
1655,1998-09-27,1998-10-07,11,4.28,121.481,121.188,50
1655,1999-08-03,1999-11-04,94,273.427,117.813,114.779,52
1655,2001-09-03,2001-10-14,42,50.979,120.44,118.995,54
1655,2005-09-18,2005-10-14,27,26.878,120.538,119.337,60
1655,2007-08-18,2007-10-21,65,113.616,119.665,117.507,64
1655,2008-09-21,2008-10-13,23,18.771,120.659,119.714,66
1655,2010-10-03,2010-10-07,5,2.724,121.325,121.119,70
1655,2012-08-29,2012-09-02,5,1.181,121.633,121.53,74
1655,2012-09-09,2012-10-13,35,36.272,120.574,119.166,78
1655,2014-01-27,2014-02-20,25,262.633,86.588,84.31,82
1655,2014-02-26,2014-03-29,32,265.892,90.744,85.356,84
1655,2014-11-06,2015-03-14,129,1131.759,93.171,84.081,90
1655,2015-03-19,2015-06-20,94,1770.941,91.264,84.024,92
1655,2017-10-01,2017-10-07,7,2.135,121.565,121.393,96
1659,1980-10-27,1980-12-15,50,484.069,220.004,214.723,2
1659,1981-12-04,1981-12-22,19,68.917,215.347,211.338,8
1659,1982-11-07,1982-11-20,14,21.991,233.039,229.956,12
1659,1985-10-07,1985-11-04,29,19.574,236.231,235.881,16
1659,1987-10-02,1987-11-11,41,67.406,235.262,234.189,26
1659,1988-06-10,1988-11-25,169,2702.718,220.016,213.031,28
1659,1991-10-11,1991-10-29,19,13.553,236.193,235.035,30
1659,1991-11-01,1991-11-06,6,1.074,236.727,236.727,32
1659,1991-12-21,1991-12-30,10,87.768,203.891,196.951,36
1659,1992-01-01,1992-01-25,25,139.297,198.575,196.951,38
1659,1994-10-14,1994-11-05,23,13.423,236.322,235.035,44
1659,1994-12-15,1994-12-30,16,155.68,204.356,197.797,46
1659,1995-01-01,1995-01-14,14,111.534,198.583,197.797,48
1659,1995-04-09,1995-04-13,5,2.006,198.474,197.797,50
1659,1996-01-13,1996-01-18,6,9.246,201.464,199.489,54
1659,1996-12-26,1996-12-30,5,18.993,207.783,204.568,56
1659,1997-01-01,1997-01-21,21,117.495,199.449,198.643,58
1659,1999-01-01,1999-01-21,21,106.488,199.973,197.797,62
1659,1999-10-19,1999-11-11,24,42.366,235.141,234.189,66
1659,2000-01-17,2000-01-28,12,17.447,199.066,197.797,70
1659,2000-04-15,2000-06-01,48,189.559,206.965,199.489,74
1659,2002-11-23,2003-01-28,67,767.941,201.536,196.951,78
1659,2003-04-16,2003-05-09,24,65.951,202.381,200.336,80
1659,2005-08-25,2005-11-18,86,547.142,230.321,226.572,84
1659,2006-01-04,2006-01-21,18,71.202,200.571,197.797,88
1659,2011-01-12,2011-01-21,10,17.258,201.182,199.489,92
1659,2012-01-04,2012-01-21,18,61.893,201.088,199.489,94
1659,2012-07-13,2012-09-02,52,93.063,235.116,234.189,96
1659,2012-09-27,2012-10-18,22,24.242,235.804,234.189,102
1659,2016-03-08,2016-03-13,6,9.722,193.248,192.166,109
1659,2016-03-26,2016-04-01,7,19.581,192.446,190.241,111
1659,2017-02-16,2017-04-06,50,225.371,190.565,186.98,113
1659,2018-01-17,2018-02-20,35,164.65,192.67,189.903,117
1659,2018-05-14,2018-05-18,5,12.361,211.854,210.403,119
1659,2018-05-21,2018-06-10,21,82.393,217.951,214.27,121
1659,2019-03-02,2019-03-10,9,42.709,190.123,186.638,125
1683,1996-10-15,1996-11-24,41,57.756,89.733,88.828,2
1683,1997-01-08,1997-01-23,16,9.605,89.738,89.559,6
1683,1997-01-30,1997-02-03,5,7.61,90.091,89.767,8
1683,1997-02-08,1997-02-28,21,76.791,89.771,89.283,10
1683,1997-03-24,1997-05-12,50,427.042,91.992,89.26,12
1683,1997-05-14,1997-05-24,11,3.005,103.174,102.909,14
1683,1999-04-03,1999-04-20,18,19.583,98.883,98.332,16
1683,1999-05-30,2000-01-03,219,1047.897,91.948,82.189,18
1683,2007-08-15,2007-10-22,69,87.975,95.168,91.249,26
1683,2008-02-16,2008-03-03,17,50.241,91.128,88.919,28
1683,2008-10-30,2008-12-23,55,92.675,88.238,86.985,30
1683,2011-03-23,2011-04-04,13,105.984,90.16,89.536,32
1683,2012-03-26,2012-04-30,36,288.871,92.13,90.346,34
1684,1981-01-15,1981-02-17,34,216.349,205.756,202.978,2
1684,1983-12-28,1984-04-04,99,6446.812,150.696,123.19,6
1684,1984-06-06,1984-06-23,18,26.003,222.798,221.546,10
1684,1984-06-25,1984-06-30,6,3.331,220.2,219.592,12
1684,1987-12-10,1987-12-25,16,31.381,194.865,193.873,20
1684,1988-05-04,1989-02-20,293,4206.118,190.804,166.174,24
1684,1995-03-25,1995-03-30,6,1.875,224.849,224.541,28
1684,1999-11-26,2000-02-18,85,677.118,195.818,190.479,32
1684,2000-06-08,2000-06-13,6,2.123,224.695,224.411,38
1684,2001-03-30,2001-04-10,12,7.158,224.565,223.89,46
1684,2001-04-19,2001-05-19,31,32.118,224.126,222.978,48
1684,2004-04-12,2004-04-19,8,4.694,224.575,224.02,54
1684,2005-06-05,2005-06-11,7,8.731,223.89,223.239,58
1684,2005-10-07,2005-11-17,42,419.114,178.984,171.238,60
1684,2005-11-19,2005-12-01,13,14.372,190.227,189.509,62
1684,2005-12-03,2005-12-25,23,54.451,193.478,191.691,64
1684,2007-05-19,2008-01-08,235,1365.733,197.013,180.074,72
1684,2012-05-20,2012-08-11,84,304.399,214.39,203.732,74
1684,2015-06-01,2015-06-17,17,14.822,224.22,223.63,82
1703,1987-09-27,1988-01-18,114,474.408,176.705,173.151,2
1703,1988-10-05,1988-11-05,32,74.395,178.518,176.917,6
1703,1991-10-12,1991-12-02,52,127.473,178.389,176.724,12
1703,1997-02-23,1997-02-28,6,31.627,175.57,173.441,14
1703,1997-04-15,1997-05-02,18,167.201,174.899,171.992,18
1703,1997-12-21,1998-01-06,17,45.777,178.148,177.593,20
1703,1998-01-18,1998-02-10,24,68.251,177.997,177.014,22
1703,1998-03-02,1998-03-10,9,16.345,179.024,178.173,24
1703,1998-04-07,1998-04-15,9,23.927,180.418,178.269,26
1703,1999-03-26,1999-04-03,9,11.785,180.789,180.25,30
1703,2000-01-23,2000-02-12,21,33.975,179.223,178.849,32
1703,2001-01-18,2001-01-29,12,13.965,179.677,179.239,34
1703,2001-03-12,2001-10-15,218,1202.129,178.922,173.73,36
1703,2001-10-18,2001-10-22,5,0.428,180.755,180.755,38
1703,2002-02-21,2002-02-26,6,6.074,179.828,179.542,40
1703,2003-01-31,2003-02-14,15,13.514,179.94,179.441,42
1703,2004-02-23,2004-03-02,9,12.494,179.452,179.138,44
1703,2010-03-16,2010-03-21,6,5.08,180.233,179.946,48
1703,2011-01-23,2011-02-01,10,17.082,179.132,178.173,50
1703,2012-06-18,2012-12-09,175,956.663,177.861,173.537,52
1703,2017-01-05,2017-01-12,8,9.175,179.694,179.138,58
1703,2017-02-14,2017-02-28,15,15.841,179.785,179.441,60
1703,2017-03-23,2017-03-28,6,5.903,180.654,179.946,62
1703,2017-04-09,2017-04-21,13,20.335,181.928,180.957,64
1703,2017-04-23,2017-04-27,5,1.797,184.027,183.886,66
1703,2017-12-30,2018-01-10,12,13.055,179.753,179.441,70
1714,1980-12-03,1980-12-09,7,6.026,218.36,218.004,4
1714,1980-12-15,1981-01-31,48,71.447,217.732,216.992,6
1714,1981-03-09,1981-03-23,15,46.026,221.045,217.36,14
1714,1981-12-03,1981-12-22,20,73.887,215.526,214.278,16
1714,1981-12-27,1981-12-31,5,2.489,218.723,218.373,18
1714,1982-01-09,1982-01-14,6,5.365,218.326,217.912,20
1714,1982-04-09,1982-04-19,11,66.718,237.573,232.303,24
1714,1982-05-14,1982-05-22,9,12.14,263.997,263.052,26
1714,1983-01-11,1983-01-20,10,3.415,218.879,218.465,32
1714,1983-02-22,1983-03-02,9,6.802,218.465,218.096,40
1714,1983-12-16,1983-12-22,7,5.568,218.425,218.004,44
1714,1984-01-11,1984-01-24,14,23.008,217.577,216.624,46
1714,1984-02-09,1984-02-13,5,3.779,218.465,217.912,50
1714,1984-03-10,1984-03-19,10,28.146,221.126,218.649,58
1714,1984-12-04,1984-12-09,6,6.745,218.096,217.728,60
1714,1985-01-16,1985-01-30,15,9.958,218.557,217.912,64
1714,1985-03-16,1985-04-14,30,173.694,227.651,217.82,66
1714,1985-04-16,1985-04-21,6,10.06,245.01,243.15,68
1714,1985-04-23,1985-05-23,31,145.06,254.386,247.796,70
1714,1985-12-28,1986-01-18,22,35.686,217.598,216.9,72
1714,1986-03-20,1986-05-13,55,395.357,237.327,223.987,78
1714,1987-02-07,1987-02-13,7,5.289,218.465,218.096,84
1714,1988-07-05,1988-07-18,14,14.545,267.192,266.665,90
1714,1989-12-10,1989-12-20,11,5.918,218.682,218.281,92
1714,1990-03-12,1990-03-17,6,14.985,220.981,220.213,94
1714,1992-12-02,1992-12-06,5,1.753,218.87,218.557,110
1714,1993-02-01,1993-02-11,11,8.311,218.465,218.188,112
1714,1994-12-27,1995-01-05,10,6.267,218.594,218.281,120
1714,1995-03-21,1995-04-20,31,275.95,228.275,220.397,124
1714,1995-12-01,1995-12-16,16,17.615,218.12,217.452,126
1714,1996-04-08,1996-04-16,9,58.772,236.431,233.899,134
1714,1997-02-22,1997-02-26,5,1.385,218.943,218.741,138
1714,1998-03-15,1998-03-20,6,10.059,223.254,221.686,142
1714,1998-12-02,1998-12-06,5,1.845,218.851,218.465,144
1714,1999-03-21,1999-05-05,46,457.528,232.266,220.121,148
1714,1999-05-07,1999-09-23,140,1197.593,258.004,252.861,150
1714,2000-12-01,2000-12-14,14,9.478,218.543,218.096,152
1714,2001-03-12,2001-03-17,6,8.635,222.039,221.41,154
1714,2005-11-30,2005-12-10,11,7.668,218.523,218.096,164
1714,2006-12-14,2006-12-21,8,3.1,218.833,218.649,180
1714,2006-12-30,2007-01-03,5,2.121,218.796,218.465,182
1714,2007-01-31,2007-02-04,5,0.925,219.035,218.833,184
1714,2007-03-19,2007-03-30,12,24.368,227.707,225.368,192
1714,2008-01-03,2008-01-09,7,6.764,218.254,217.636,196
1714,2008-01-19,2008-01-28,10,8.019,218.419,217.636,198
1714,2008-12-30,2009-01-04,6,3.889,218.572,218.281,202
1714,2009-01-16,2009-01-26,11,7.76,218.515,218.096,204
1714,2009-02-17,2009-02-21,5,2.398,218.741,218.004,206
1714,2009-03-05,2009-03-09,5,1.34,219.127,219.017,210
1714,2009-11-22,2009-12-03,12,10.727,218.327,217.82,214
1714,2011-01-12,2011-01-17,6,2.785,218.756,218.373,222
1714,2013-01-06,2013-01-10,5,0.925,219.035,218.833,228
1714,2013-02-10,2013-02-25,16,14.211,218.332,218.096,230
1714,2013-03-12,2013-03-17,6,31.093,218.296,217.544,234
1714,2013-04-02,2013-04-07,6,16.419,234.375,232.866,236
1714,2013-10-10,2013-11-11,33,196.088,226.708,220.121,242
1714,2015-02-11,2015-02-20,10,5.624,218.658,218.096,256
1714,2015-12-08,2015-12-14,7,1.608,218.991,218.741,260
1714,2016-01-20,2016-01-25,6,1.037,219.048,218.925,262
1714,2017-03-13,2017-03-30,18,102.126,221.977,219.385,266
1714,2017-04-03,2017-04-14,12,36.32,236.477,232.96,268
1714,2017-10-26,2017-11-11,17,96.27,221.832,218.833,274
1732,1980-09-14,1980-12-08,86,1918.435,60.724,36.245,2
1732,1981-01-03,1981-02-01,30,68.853,35.655,34.603,4
1732,1981-10-12,1981-12-02,52,806.065,56.959,36.629,6
1732,1981-12-11,1981-12-20,10,5.918,37.45,37.351,10
1732,1982-01-13,1982-01-20,8,28.138,34.433,33.345,12
1732,1982-03-04,1982-04-01,29,182.186,42.206,29.47,14
1732,1983-02-15,1983-03-05,19,11.657,37.44,37.04,18
1732,1983-03-09,1983-04-07,30,374.425,40.899,36.814,20
1732,1984-01-08,1984-01-23,16,13.396,37.113,36.732,24
1732,1984-02-14,1984-02-28,15,51.108,34.543,33.217,30
1732,1984-03-09,1984-03-15,7,38.155,38.451,37.068,32
1732,1985-03-05,1985-03-30,26,84.435,44.886,37.972,34
1732,1986-01-01,1986-01-16,16,9.952,37.328,36.927,44
1732,1986-04-30,1986-05-14,15,112.121,92.987,91.817,46
1732,1987-01-15,1987-01-19,5,2.826,37.385,36.984,48
1732,1987-01-21,1987-01-29,9,6.382,37.241,36.871,50
1732,1987-02-06,1987-02-14,9,7.399,37.128,36.899,52
1732,1994-12-27,1995-01-05,10,9.716,36.978,36.732,66
1732,1995-01-19,1995-02-14,27,136.775,32.884,31.729,70
1732,1995-03-26,1995-04-27,33,277.396,63.779,53.613,74
1732,1995-11-22,1995-12-17,26,138.741,39.992,36.758,78
1732,1996-01-06,1996-01-11,6,1.646,37.676,37.379,80
1732,1996-02-09,1996-02-18,10,3.476,37.602,37.436,82
1732,1997-01-11,1997-01-15,5,3.786,37.193,36.814,88
1732,1997-11-21,1997-12-09,19,132.444,41.966,37.888,94
1732,1998-11-21,1998-12-09,19,132.146,41.982,37.407,100
1732,2000-11-21,2000-12-12,22,92.462,42.446,36.842,102
1732,2001-04-30,2001-09-30,154,2141.812,105.533,90.954,104
1732,2005-11-21,2005-11-25,5,6.811,54.582,53.158,110
1732,2007-09-15,2007-10-22,38,1596.133,66.134,50.572,112
1732,2012-05-13,2012-06-03,22,112.545,112.224,105.462,116
1732,2012-06-26,2012-08-05,41,32.661,121.84,120.79,118
1732,2013-02-12,2013-02-21,10,5.454,37.405,37.097,120
1732,2013-11-22,2013-12-09,18,146.538,40.406,37.125,126
1732,2014-01-22,2014-02-01,11,5.743,37.428,37.153,134
1732,2014-03-11,2014-03-30,20,140.114,43.592,37.718,136
1732,2014-11-21,2014-12-26,36,183.677,38.676,34.295,140
1732,2015-01-07,2015-01-17,11,7.663,37.253,36.899,144
1732,2015-01-19,2015-01-25,7,3.205,37.492,37.153,146
1732,2015-02-07,2015-02-20,14,7.287,37.429,37.097,150
1732,2016-11-21,2016-12-08,18,122.811,41.725,37.436,164
1732,2017-03-11,2017-03-27,17,86.783,44.121,39.187,174
1739,1980-09-21,1980-09-29,9,2.361,38.03,37.608,7
1739,1980-11-30,1981-01-31,63,23.183,12.886,12.538,9
1739,1981-09-11,1981-09-15,5,1.367,38.019,37.87,27
1739,1981-09-20,1981-09-30,11,4.119,37.918,37.782,29
1739,1981-11-30,1981-12-18,19,5.435,12.968,12.817,31
1739,1982-03-01,1982-03-06,6,0.761,13.127,13.096,39
1739,1982-03-26,1982-04-06,12,20.225,14.911,13.598,45
1739,1982-05-14,1982-05-18,5,3.077,37.677,37.608,51
1739,1982-12-09,1982-12-14,6,0.928,13.1,12.999,53
1739,1983-01-27,1983-02-01,6,0.726,13.133,13.019,59
1739,1983-02-15,1983-02-25,11,2.296,13.046,12.859,61
1739,1983-08-18,1983-11-04,79,256.575,30.946,19.88,65
1739,1983-11-28,1983-12-03,6,2.438,12.848,12.632,69
1739,1983-12-14,1983-12-28,15,3.436,13.025,12.824,75
1739,1984-01-17,1984-01-23,7,0.765,13.145,12.985,79
1739,1984-01-29,1984-02-03,6,0.754,13.129,13.054,83
1739,1984-09-18,1984-09-29,12,7.225,37.691,37.215,93
1739,1984-12-02,1984-12-06,5,0.896,13.075,12.936,95
1739,1984-12-13,1984-12-19,7,2.252,12.933,12.768,99
1739,1985-01-25,1985-01-30,6,1.117,13.068,12.957,111
1739,1985-03-15,1985-03-22,8,1.462,13.072,12.985,117
1739,1985-03-26,1985-03-31,6,10.53,13.508,13.005,119
1739,1985-09-17,1985-09-30,14,8.187,37.708,37.258,123
1739,1986-01-02,1986-01-10,9,1.062,13.136,13.068,131
1739,1986-03-05,1986-03-10,6,0.817,13.118,13.054,139
1739,1986-03-26,1986-03-30,5,5.708,14.122,13.562,145
1739,1986-04-02,1986-08-31,152,746.636,30.236,16.216,147
1739,1986-12-19,1986-12-23,5,1.098,13.035,12.929,157
1739,1986-12-30,1987-01-17,19,4.325,13.027,12.838,159
1739,1987-02-04,1987-02-17,14,3.554,13.001,12.866,163
1739,1987-03-09,1987-03-15,7,1.212,13.081,12.901,167
1739,1987-09-07,1987-09-12,6,1.056,38.117,37.986,175
1739,1987-09-18,1987-09-30,13,5.547,37.866,37.506,177
1739,1988-06-30,1988-10-06,99,319.213,34.892,31.775,179
1739,1988-10-09,1988-10-13,5,2.089,32.054,31.631,181
1739,1990-04-02,1990-04-06,5,6.862,17.09,16.7,185
1739,1991-04-03,1991-04-10,8,11.95,17.8,16.337,191
1739,1991-10-04,1991-11-18,46,303.324,18.425,12.81,193
1739,1992-02-04,1992-02-13,10,1.884,13.066,12.971,199
1739,1992-03-24,1992-04-01,9,15.358,13.689,13.18,207
1739,1992-09-25,1992-09-29,5,0.54,38.185,38.089,209
1739,1993-01-17,1993-01-23,7,1.832,12.993,12.915,217
1739,1993-02-07,1993-02-12,6,1.06,13.078,12.957,223
1739,1994-09-22,1994-09-30,9,4.44,37.799,37.316,237
1739,1995-07-30,1995-10-05,68,117.48,36.382,34.856,243
1739,1996-03-30,1996-04-06,8,20.912,15.049,13.845,249
1739,1997-04-02,1997-04-14,13,23.713,18.174,16.658,255
1739,1997-04-16,1997-04-21,6,10.426,23.454,22.306,257
1739,1997-09-18,1997-09-30,13,5.511,37.869,37.52,261
1739,1998-09-16,1998-09-30,15,16.301,37.206,36.121,263
1739,1998-10-03,1998-10-07,5,1.793,35.439,35.258,265
1739,1999-02-14,1999-02-25,12,1.969,13.09,12.957,269
1739,1999-04-02,1999-04-11,10,18.68,17.592,15.95,271
1739,1999-08-09,1999-10-14,67,177.187,34.779,31.645,273
1739,2000-11-29,2000-12-13,15,8.038,12.719,12.411,279
1739,2001-03-26,2001-04-03,9,11.425,14.705,13.946,281
1739,2001-05-14,2001-05-22,9,13.291,36.816,36.419,287
1739,2001-09-20,2001-11-11,53,222.596,25.419,16.208,289
1739,2003-04-02,2003-04-06,5,5.648,17.333,17.001,291
1739,2004-03-25,2004-03-30,6,10.817,13.46,13.208,307
1739,2005-09-20,2005-09-30,11,4.294,37.902,37.578,317
1739,2005-12-17,2005-12-24,8,0.714,13.165,13.061,323
1739,2006-02-27,2006-03-12,14,2.267,13.092,13.005,329
1739,2006-03-26,2006-04-03,9,14.37,14.378,13.642,331
1739,2006-11-29,2006-12-10,12,2.186,13.072,12.943,335
1739,2006-12-15,2006-12-21,7,1.137,13.092,13.033,337
1739,2007-03-26,2007-03-31,6,7.772,13.968,13.489,341
1739,2007-09-01,2007-09-30,30,33.414,37.179,36.036,345
1739,2007-10-03,2007-10-07,5,0.958,35.606,35.456,347
1739,2008-03-27,2008-04-03,8,12.254,14.931,14.247,353
1739,2008-09-18,2008-09-29,12,5.971,37.795,37.36,355
1739,2010-03-16,2010-03-23,8,2.577,12.932,12.803,387
1739,2010-04-01,2010-04-05,5,9.642,15.894,14.809,391
1739,2011-02-07,2011-02-24,18,9.253,12.74,11.525,409
1739,2012-01-03,2012-01-10,8,2.48,12.944,12.565,415
1739,2012-02-08,2012-02-12,5,1.257,13.003,12.693,417
1739,2012-11-29,2012-12-08,10,2.475,13.007,12.873,427
1739,2013-01-03,2013-01-07,5,1.217,13.011,12.754,433
1739,2013-02-15,2013-02-23,9,1.934,13.04,12.775,437
1739,2013-03-27,2013-04-05,10,17.553,14.788,12.95,445
1739,2013-12-01,2013-12-05,5,0.917,13.071,12.999,449
1739,2014-03-21,2014-03-28,8,6.754,13.164,12.964,457
1739,2014-12-13,2014-12-23,11,3.043,12.978,12.81,465
1739,2015-01-17,2015-01-23,7,2.084,12.957,12.852,471
1739,2015-01-26,2015-02-01,7,1.421,13.051,12.978,473
1739,2015-02-13,2015-02-17,5,1.175,13.019,12.908,477
1739,2016-01-10,2016-01-19,10,2.428,13.012,12.803,481
1739,2017-02-02,2017-02-22,21,3.928,13.067,12.859,489
1739,2017-03-18,2017-04-11,25,54.637,14.114,12.873,497
1739,2017-12-01,2017-12-06,6,1.074,13.075,12.838,499
1739,2017-12-14,2017-12-22,9,2.497,12.977,12.908,503
1739,2018-01-24,2018-01-28,5,1.475,12.959,12.782,511
1739,2019-03-31,2019-04-05,6,10.169,15.701,14.517,517
1740,1980-09-24,1980-09-29,6,11.375,203.544,202.029,2
1740,1980-11-20,1981-02-01,74,578.432,81.285,78.256,6
1740,1981-11-15,1981-12-21,37,336.988,86.588,79.073,12
1740,1982-01-09,1982-01-20,12,61.982,81.806,80.159,16
1740,1982-02-27,1982-03-14,16,96.556,80.937,79.109,18
1740,1982-09-21,1982-10-07,17,169.689,190.794,183.48,20
1740,1982-11-21,1982-12-14,24,150.632,87.263,79.181,26
1740,1983-01-03,1983-03-17,74,464.422,80.696,78.783,30
1740,1983-03-26,1983-03-30,5,16.777,98.801,96.028,34
1740,1983-04-02,1983-04-06,5,24.908,108.759,105.09,36
1740,1983-09-26,1983-09-30,5,4.717,204.496,203.847,38
1740,1983-11-07,1983-11-25,19,126.586,110.67,96.975,42
1740,1983-12-20,1984-02-12,55,344.724,80.704,78.046,48
1740,1984-02-22,1984-03-15,23,118.535,81.818,79.616,50
1740,1984-08-04,1984-10-20,78,1775.17,176.635,156.022,52
1740,1985-02-21,1985-08-15,176,2730.26,148.818,79.29,54
1740,1986-01-05,1986-02-03,30,158.807,81.678,79.109,56
1740,1986-09-04,1986-12-08,96,5375.635,101.826,53.747,58
1740,1986-12-18,1986-12-23,6,2.538,86.549,86.381,60
1740,1987-01-01,1987-02-02,33,24.402,86.232,85.736,64
1740,1987-02-07,1987-02-15,9,6.378,86.263,85.886,66
1740,1987-07-08,1987-10-07,92,1854.584,184.91,175.306,68
1740,1987-11-09,1987-11-18,10,55.692,116.578,108.874,70
1740,1987-11-20,1987-11-25,6,30.507,101.524,97.634,72
1740,1988-05-27,1988-06-12,17,23.468,204.66,203.282,78
1740,1989-09-26,1989-09-30,5,8.032,203.833,202.649,80
1740,1989-11-21,1989-12-30,40,276.297,84.005,80.702,90
1740,1990-01-07,1990-01-17,11,39.904,83.344,80.883,92
1740,1990-03-02,1990-03-15,14,65.172,82.317,79.942,96
1740,1990-04-16,1990-04-20,5,14.531,135.579,133.565,98
1740,1990-04-23,1990-05-17,25,209.123,159.718,141.826,100
1740,1990-09-26,1990-09-30,5,5.212,204.397,203.635,102
1740,1990-11-20,1990-12-03,14,131.581,90.234,81.101,108
1740,1990-12-08,1990-12-17,10,46.634,82.308,79.543,110
1740,1991-09-05,1991-09-23,19,32.136,204.35,202.236,114
1740,1991-11-14,1991-12-02,19,161.753,97.103,81.825,120
1740,1991-12-12,1992-01-03,23,138.294,80.959,79.254,122
1740,1992-01-10,1992-01-15,6,21.392,83.406,80.304,124
1740,1992-01-17,1992-02-12,27,136.044,81.933,79.724,126
1740,1992-11-13,1992-12-28,46,448.298,84.927,78.928,130
1740,1993-09-25,1993-09-30,6,13.338,203.217,201.891,140
1740,1993-11-08,1993-11-18,11,54.81,117.95,113.401,144
1740,1993-11-21,1993-12-04,14,124.301,89.352,79.29,146
1740,1993-12-11,1994-01-05,26,129.872,81.977,78.964,148
1740,1994-01-16,1994-01-24,9,57.427,80.591,79.616,150
1740,1994-11-13,1994-12-01,19,215.398,95.489,79.036,160
1740,1994-12-03,1994-12-09,7,33.398,82.201,79,162
1740,1994-12-24,1995-01-05,13,15.448,85.783,85.212,164
1740,1995-02-28,1995-03-05,6,3.698,86.355,86.188,168
1740,1996-02-09,1996-02-19,11,27.914,84.434,83.603,176
1740,1996-02-25,1996-03-03,8,16.769,84.876,83.079,178
1740,1996-11-19,1996-11-24,6,34.841,100.802,95.121,182
1740,1997-09-26,1997-09-30,5,6.129,204.214,203,188
1740,1997-11-09,1997-12-09,31,239.491,96.944,83.566,190
1740,1997-12-19,1997-12-23,5,4.245,86.123,85.736,192
1740,1998-01-30,1998-02-05,7,3.517,86.469,86.188,196
1740,1998-02-27,1998-03-07,9,3.808,86.549,86.381,198
1740,1998-11-14,1998-12-02,19,113.765,99.629,87.348,202
1740,1998-12-26,1999-01-01,7,1.661,86.734,86.497,206
1740,1999-05-21,1999-06-11,22,56.141,201.881,196.66,210
1740,2000-11-20,2000-11-24,5,23.05,101.998,97.634,218
1740,2000-11-26,2000-12-01,6,35.637,89.523,86.806,220
1740,2000-12-25,2000-12-29,5,6.978,85.576,84.277,222
1740,2001-04-30,2001-05-04,5,5.607,162.998,162.064,230
1740,2001-05-07,2001-06-19,44,583.157,184.645,165.29,232
1740,2001-11-14,2001-11-26,13,137.385,99.734,89.203,236
1740,2005-09-23,2005-09-30,8,23.188,202.616,199.62,260
1740,2006-05-14,2006-05-18,5,11.791,186.795,184.725,272
1740,2006-11-10,2006-11-15,6,33.651,116.95,110.587,278
1740,2006-11-24,2006-12-02,9,59.838,91.291,87.27,280
1740,2006-12-08,2006-12-14,7,1.853,86.707,86.574,282
1740,2008-11-27,2008-12-08,12,32.326,87.816,86.036,298
1740,2009-11-13,2009-12-02,20,277.164,92.399,87.695,308
1740,2010-01-04,2010-01-08,5,0.595,86.853,86.652,310
1740,2010-04-16,2010-04-20,5,5.045,137.476,136.54,314
1740,2010-04-23,2010-05-01,9,56.382,147.871,139.466,316
1740,2010-12-05,2010-12-15,11,2.127,86.778,86.536,322
1740,2012-01-06,2012-01-10,5,1.948,86.582,86.342,328
1740,2012-04-29,2012-07-31,94,981.338,188.668,155.271,330
1740,2013-11-28,2013-12-04,7,36.062,87.885,86.652,348
1740,2013-12-16,2013-12-20,5,2.103,86.551,86.226,350
1740,2014-01-20,2014-02-01,13,5.784,86.527,86.226,354
1740,2014-11-21,2014-12-02,12,67.082,94.516,87.154,366
1740,2015-01-07,2015-01-20,14,4.365,86.66,86.381,378
1740,2015-11-24,2015-11-30,7,39.213,93.045,88.546,392
1740,2016-11-26,2016-12-06,11,33.987,88.513,86.381,410
1740,2017-03-10,2017-03-15,6,1.533,86.716,86.304,422
1740,2017-11-20,2017-12-18,29,101.017,89.601,86.458,430
1740,2019-11-14,2019-11-18,5,22.264,113.989,110.542,442
1741,1980-08-09,1980-09-22,45,212.486,290.518,285.184,4
1741,1980-11-29,1980-12-09,11,25.224,201.865,200.508,6
1741,1980-12-14,1980-12-25,12,8.129,202.097,201.337,8
1741,1981-01-12,1981-01-28,17,8.427,202.279,201.918,10
1741,1981-02-27,1981-03-06,8,33.553,205.053,201.337,14
1741,1981-03-19,1981-03-23,5,10.687,227.604,226.248,18
1741,1981-03-26,1981-03-31,6,22.346,234.466,231.971,20
1741,1981-09-15,1981-11-25,72,1850.636,227.873,199.94,24
1741,1982-03-04,1982-03-15,12,123.82,205.908,202.664,26
1741,1982-03-27,1982-03-31,5,30.085,232.174,229.594,28
1741,1982-04-05,1982-05-22,48,340.671,268.598,240.082,32
1741,1983-01-04,1983-01-11,8,6.356,201.98,201.006,34
1741,1983-01-16,1983-01-20,5,2.542,202.266,201.752,36
1741,1983-02-17,1983-02-24,8,10.088,201.513,200.757,40
1741,1983-02-26,1983-04-08,42,523.997,213.943,203.244,42
1741,1983-08-15,1983-09-23,40,184.046,290.555,284.791,44
1741,1983-12-17,1983-12-21,5,8.761,201.022,200.508,50
1741,1984-01-04,1984-01-23,20,47.428,200.403,199.372,52
1741,1984-03-01,1984-03-19,19,243.959,204.768,197.505,56
1741,1985-02-26,1985-04-06,40,374.865,216.02,199.697,60
1741,1985-04-09,1985-04-14,6,17.265,253.067,250.432,62
1741,1985-04-16,1985-04-27,12,85.691,261.593,257.927,64
1741,1985-05-07,1985-05-22,16,81.643,288.759,286.168,68
1741,1985-12-21,1986-01-24,35,72.907,200.691,198.885,70
1741,1986-03-03,1986-03-12,10,102.535,203.451,201.254,72
1741,1986-04-09,1986-06-06,59,1119.803,263.802,248.97,76
1741,1986-08-22,1986-09-16,26,72.662,293.115,290.988,78
1741,1986-12-30,1987-01-18,20,36.607,200.944,200.265,80
1741,1988-01-10,1988-01-17,8,12.823,201.172,200.508,86
1741,1988-06-24,1988-07-20,27,93.361,292.452,289.906,88
1741,1988-08-02,1988-09-15,45,106.182,293.55,289.808,90
1741,1989-11-23,1989-11-29,7,43.286,204.572,199.697,92
1741,1989-12-09,1989-12-29,21,36.887,201.018,200.346,94
1741,1991-08-06,1991-09-23,49,124.269,292.758,288.529,100
1741,1992-02-01,1992-02-07,7,5.415,202.001,201.669,108
1741,1993-02-08,1993-02-12,5,4.449,201.885,201.006,114
1741,1993-03-10,1993-03-17,8,105.642,206.68,202.166,118
1741,1993-03-19,1993-03-23,5,28.235,224.094,221.924,120
1741,1994-11-23,1994-11-27,5,20.139,207.891,204.405,132
1741,1994-12-19,1995-01-05,18,21.138,201.6,200.674,140
1741,1995-02-10,1995-02-14,5,4.947,201.785,201.172,142
1741,1995-02-27,1995-03-06,8,44.869,203.638,201.669,144
1741,1995-09-03,1995-09-16,14,29.224,293.822,292.691,146
1741,1995-11-27,1995-12-18,22,45.551,202.087,200.923,150
1741,1995-12-23,1995-12-28,6,4.643,202,201.337,152
1741,1996-01-07,1996-01-12,6,4.891,201.959,201.586,154
1741,1996-02-23,1996-03-05,12,55.65,202.85,201.918,158
1741,1996-03-18,1996-03-27,10,55.509,226.725,220.197,160
1741,1997-01-12,1997-01-16,5,5.195,201.735,201.089,164
1741,1997-12-05,1997-12-09,5,5.112,201.752,201.006,176
1741,1997-12-18,1997-12-23,6,4.228,202.07,201.752,178
1741,1997-12-31,1998-01-04,5,3.039,202.167,201.752,180
1741,1998-02-24,1998-03-09,14,92.37,202.689,201.006,184
1741,1998-03-11,1998-03-20,10,121.937,210.406,205.482,186
1741,1998-09-07,1998-09-16,10,20.46,293.864,292.39,188
1741,1998-11-14,1998-12-06,23,106.891,207.48,201.089,192
1741,1998-12-28,1999-01-01,5,4.698,201.835,201.172,196
1741,1999-02-20,1999-03-01,10,13.028,203.385,201.669,198
1741,1999-03-10,1999-03-14,5,42.846,210.202,203.161,200
1741,1999-03-19,1999-04-28,41,361.123,242.282,221.838,202
1741,1999-08-02,1999-09-30,60,394.752,287.339,279.994,204
1741,2000-12-09,2000-12-13,5,4.202,201.934,201.42,208
1741,2000-12-29,2001-01-15,18,13.017,202.051,201.503,210
1741,2001-03-04,2001-03-21,18,194.386,208.599,201.752,214
1741,2002-02-26,2002-03-17,20,189.481,204.704,202.166,218
1741,2002-09-12,2002-09-16,5,2.058,295.498,295.297,220
1741,2007-08-16,2007-09-23,39,111.723,292.272,289.119,222
1741,2008-07-17,2008-09-29,75,329.896,289.918,280.67,224
1741,2009-10-02,2009-10-30,29,627.843,237.221,231.355,226
1741,2010-04-16,2010-04-30,15,103.809,263.447,259.136,230
1741,2011-08-29,2011-09-04,7,5.689,295.097,294.495,232
1741,2014-12-13,2014-12-23,11,14.068,201.495,200.923,242
1741,2014-12-27,2015-01-03,8,5.527,202.083,201.42,244
1741,2015-01-06,2015-01-12,7,12.794,200.947,200.508,246
1741,2015-01-16,2015-01-22,7,3.426,202.285,201.337,248
1741,2015-02-04,2015-02-09,6,7.457,201.531,200.346,252
1741,2015-02-13,2015-02-20,8,11.079,201.39,200.346,254
1744,1980-06-21,1980-07-01,11,0.155,28.01,28.01,2
1744,1980-07-17,1980-08-04,19,0.62,27.991,27.922,4
1744,1981-08-03,1981-10-07,66,34.91,26.813,25.042,8
1744,1981-11-01,1981-11-11,11,6.966,21.292,21.265,10
1744,1982-03-24,1982-06-10,79,171.265,22.463,20.154,12
1744,1982-07-08,1982-07-22,15,1.173,27.946,27.836,18
1744,1983-06-14,1983-07-04,21,2.65,27.898,27.663,26
1744,1983-07-12,1983-09-16,67,41.99,27.33,26.462,28
1744,1983-09-18,1983-09-23,6,1.76,26.49,26.462,30
1744,1984-08-16,1984-09-02,18,0.918,27.971,27.836,34
1744,1986-04-16,1986-05-18,33,39.001,23.548,22.719,46
1744,1986-05-21,1986-07-12,53,22.298,27.399,26.377,48
1744,1986-08-03,1986-08-16,14,0.373,27.997,27.922,52
1744,1987-07-20,1987-09-09,52,9.881,27.829,27.49,60
1744,1988-03-18,1988-04-09,23,13.84,20.657,20.227,64
1744,1988-04-22,1988-04-26,5,0.574,23.97,23.825,66
1744,1988-04-29,1988-05-10,12,5.502,24.683,24.147,68
1744,1988-05-13,1988-10-20,161,259.226,25.665,23.428,70
1744,1989-01-03,1989-01-11,9,9.541,18.938,18.444,72
1744,1991-10-10,1991-10-14,5,1.418,24.372,24.066,82
1744,1991-10-17,1991-11-21,36,21.078,21.565,20.154,84
1744,1992-11-06,1992-11-10,5,1.367,21.386,21.115,92
1744,1992-11-12,1992-11-21,10,2.693,20.418,20.154,94
1744,1995-07-20,1995-09-16,59,20.772,27.595,27.144,112
1744,1997-04-04,1997-05-25,52,100.452,22.501,20.081,114
1744,1998-09-04,1998-09-09,6,0.83,27.85,27.749,132
1744,1998-10-24,1998-10-28,5,1.652,22.813,22.564,136
1744,1998-10-31,1998-11-04,5,1.386,22.115,21.947,138
1744,1998-11-07,1998-11-11,5,0.992,21.461,21.265,140
1744,1999-08-06,1999-09-16,42,14.106,27.581,26.973,146
1744,2000-12-05,2000-12-13,9,0.859,19.902,19.863,148
1744,2005-03-10,2005-03-14,5,0.319,19.934,19.934,170
1744,2005-12-01,2005-12-08,8,0.511,19.934,19.934,172
1744,2005-12-10,2005-12-15,6,0.383,19.934,19.934,174
1744,2005-12-17,2005-12-27,11,0.703,19.934,19.934,176
1744,2006-01-07,2006-01-11,5,0.319,19.934,19.934,180
1744,2006-12-15,2006-12-21,7,0.447,19.934,19.934,194
1744,2007-08-20,2007-09-09,21,3.527,27.844,27.663,208
1744,2008-12-02,2008-12-09,8,0.511,19.934,19.934,216
1744,2009-12-30,2010-01-15,17,1.37,19.917,19.863,226
1744,2010-12-06,2010-12-10,5,0.319,19.934,19.934,230
1744,2011-01-12,2011-01-16,5,0.319,19.934,19.934,232
1744,2011-02-08,2011-02-12,5,0.319,19.934,19.934,236
1744,2012-12-01,2012-12-05,5,0.319,19.934,19.934,248
1744,2013-03-26,2013-04-16,22,18.269,21.079,20.154,256
1744,2014-01-28,2014-02-01,5,0.319,19.934,19.934,266
1744,2016-04-22,2016-04-26,5,0.494,23.986,23.905,270
1744,2017-12-14,2017-12-18,5,0.319,19.934,19.934,280
1752,1980-08-21,1980-08-25,5,24.175,913.3,906.822,4
1752,1981-02-21,1981-02-25,5,97.999,750.06,741.164,26
1752,1981-08-01,1981-08-06,6,88.179,962.555,953.307,30
1752,1981-12-28,1982-01-02,6,99.164,753.132,739.525,44
1752,1982-01-13,1982-01-19,7,170.499,745.303,718.509,46
1752,1982-02-21,1982-02-26,6,63.64,759.053,736.785,52
1752,1982-03-04,1982-03-13,10,125.069,757.153,747.134,54
1752,1982-03-19,1982-03-24,6,133.931,763.188,754.278,56
1752,1982-11-21,1982-11-28,8,149.256,751.003,729.714,84
1752,1983-02-06,1983-02-10,5,68.417,755.976,750.951,98
1752,1983-02-15,1983-02-27,13,236.828,751.442,732.993,100
1752,1983-03-13,1983-03-31,19,351.913,770.764,744.957,102
1752,1984-01-03,1984-01-14,12,180.981,754.578,737.886,124
1752,1984-01-16,1984-01-21,6,67.432,758.421,749.874,126
1752,1984-01-30,1984-02-03,5,66.755,756.309,752.052,130
1752,1984-02-18,1984-02-22,5,67.733,756.113,747.134,136
1752,1984-03-18,1984-03-23,6,68.657,774.067,769.471,146
1752,1984-07-31,1984-08-05,6,102.784,960.12,950.004,152
1752,1984-08-14,1984-08-18,5,90.626,922.911,911.348,156
1752,1985-08-19,1985-08-23,5,43.161,914.083,903.568,206
1752,1985-08-27,1985-09-02,7,125.23,875.61,865.646,208
1752,1985-09-09,1985-09-16,8,100.633,831.281,821.192,210
1752,1986-04-06,1986-04-10,5,40.766,843.563,822.366,244
1752,1986-07-31,1986-08-06,7,77.645,966.598,954.652,250
1752,1987-01-19,1987-01-27,9,148.71,753.136,739.525,268
1752,1987-03-19,1987-04-06,19,405.212,789.009,755.403,284
1752,1987-08-08,1987-08-12,5,56.042,950.659,941.367,292
1752,1987-08-21,1987-09-02,13,238.151,886.551,875.652,296
1752,1987-09-05,1987-09-10,6,74.655,850.547,839.761,298
1752,1988-06-12,1988-06-23,12,122.064,1017.507,1008.795,302
1752,1988-06-25,1988-07-07,13,227.788,1009.696,1005.321,304
1752,1989-07-16,1989-08-12,28,424.453,971.7,938.04,308
1752,1989-08-14,1989-08-19,6,93.084,925.522,918.492,310
1752,1989-10-10,1989-10-16,7,73.908,759.101,754.841,318
1752,1989-10-29,1989-11-03,6,34.331,763.938,757.654,320
1752,1989-11-25,1989-12-26,32,813.668,744.232,720.099,326
1752,1990-01-15,1990-01-19,5,88.211,752.017,740.602,332
1752,1990-01-24,1990-01-28,5,52.148,759.23,752.59,334
1752,1990-03-08,1990-03-15,8,106.442,756.354,746.596,338
1752,1990-03-26,1990-03-30,5,97.831,793.751,783.637,342
1752,1990-08-21,1990-08-27,7,58.818,906.213,887.053,350
1752,1991-12-23,1991-12-27,5,45.64,760.532,742.779,370
1752,1992-01-08,1992-01-14,7,133.017,750.657,717.457,376
1752,1992-01-27,1992-02-01,6,53.29,760.778,747.134,380
1752,1992-03-30,1992-04-03,5,139.705,801.937,785.961,394
1752,1992-08-17,1992-09-01,16,428.773,883.422,832.568,400
1752,1992-11-20,1992-11-26,7,129.468,751.164,734.608,408
1752,1992-12-13,1992-12-23,11,225.467,749.163,738.424,414
1752,1993-01-18,1993-01-22,5,21.762,765.307,763.844,418
1752,1993-01-31,1993-02-05,6,106.993,751.827,740.602,422
1752,1993-03-09,1993-03-15,7,206.684,740.133,710.607,428
1752,1993-03-20,1993-03-24,5,95.386,766.432,758.217,432
1752,1993-07-07,1993-07-16,10,415.342,977.792,941.367,434
1752,1994-01-02,1994-01-06,5,99.368,749.786,735.17,442
1752,1994-07-04,1994-07-08,5,65.483,1012.563,996.44,446
1752,1994-07-10,1994-07-15,6,99.831,1002.34,980.831,448
1752,1994-12-19,1994-12-23,5,79.281,753.803,739.525,462
1752,1995-01-25,1995-02-13,20,462.819,746.519,721.665,468
1752,1995-02-26,1995-03-03,6,165.759,742.033,725.36,470
1752,1995-03-17,1995-04-14,29,676.408,798.228,740.602,476
1752,1996-01-27,1996-01-31,5,212.889,727.082,686.777,488
1752,1997-02-12,1997-02-24,13,164.557,757.001,744.957,514
1752,1997-07-27,1997-08-12,17,295.956,958.109,941.367,520
1752,1997-08-21,1997-08-28,8,102.231,899.198,883.261,524
1752,1997-11-04,1997-11-11,8,88.434,758.605,749.874,534
1752,1997-12-18,1997-12-23,6,11.822,767.689,763.844,548
1752,1998-01-30,1998-02-04,6,154.04,743.986,725.36,554
1752,1998-02-28,1998-03-04,5,65.556,756.548,749.874,558
1752,1998-03-15,1998-03-22,8,140.456,760.028,742.779,560
1752,1998-03-31,1998-04-04,5,176.968,794.485,779.6,566
1752,1998-11-03,1998-11-08,6,60.213,759.624,752.59,580
1752,1998-12-21,1998-12-29,9,141.762,753.908,747.134,586
1752,1999-02-08,1999-02-13,6,76.656,756.884,744.418,588
1752,1999-03-23,1999-03-28,6,130.354,777.688,758.217,594
1752,1999-07-19,1999-07-29,11,97.173,992.02,981.516,600
1752,1999-07-31,1999-09-08,40,663.194,910.637,845.927,602
1752,1999-11-10,1999-11-16,7,35.081,764.648,755.403,606
1752,1999-12-19,1999-12-24,6,87.91,755.008,744.418,616
1752,2000-03-09,2000-03-13,5,48.773,759.905,752.59,628
1752,2000-07-23,2000-07-27,5,76.579,980.831,967.937,632
1752,2000-08-06,2000-08-25,20,607.107,908.915,876.925,636
1752,2000-08-27,2000-09-01,6,108.629,875.396,861.34,638
1752,2000-09-03,2000-09-08,6,33.817,861.854,852.092,640
1752,2001-03-02,2001-03-06,5,103.869,748.886,733.531,658
1752,2001-12-22,2001-12-26,5,29.077,763.844,761.031,666
1752,2002-02-01,2002-02-06,6,68.117,758.307,736.247,672
1752,2002-04-05,2002-04-10,6,239.508,809.999,792.347,680
1752,2002-08-08,2002-08-12,5,72.63,947.342,941.367,688
1752,2002-08-28,2002-09-02,6,64.59,882.735,873.744,694
1752,2003-01-21,2003-01-29,9,154.998,752.438,730.815,704
1752,2003-03-24,2003-03-28,5,43.219,793.55,777.912,714
1752,2003-12-10,2003-12-18,9,116.318,756.735,744.418,732
1752,2005-08-03,2005-08-12,10,110.948,956.311,944.67,768
1752,2007-06-19,2007-06-25,7,31.004,1024.631,1019.193,814
1752,2007-07-08,2007-08-12,36,1088.5,963.946,931.459,818
1752,2008-09-26,2008-10-02,7,77.021,767.461,761.031,828
1752,2012-04-24,2012-07-16,84,3830.392,952.883,870.588,868
1752,2016-03-23,2016-03-27,5,96.873,782.82,755.403,898
1752,2016-09-05,2016-09-11,7,88.007,843.344,830.758,902
1752,2016-10-07,2016-10-31,25,203.591,761.516,738.962,906
1752,2017-08-01,2017-08-05,5,64.988,967.33,954.628,924
1752,2017-09-04,2017-09-09,6,256.015,824.821,798.145,930
1752,2018-03-26,2018-04-06,12,259.841,803.165,777.912,952
1752,2018-07-22,2018-08-07,17,233.433,972.63,944.67,954
1752,2018-08-21,2018-08-29,9,74.499,901.646,886.417,962
1753,1980-04-01,1983-05-18,1143,953038.365,1580.607,1184.19,1
1753,1983-05-29,1984-05-03,341,278110.343,1561.392,1338.819,3
1753,1984-05-19,1989-01-13,1701,1430353.183,1558.192,1314.088,5
1753,1989-01-18,1990-12-22,704,550630.858,1633.989,1337.573,7
1753,1991-01-05,1991-02-19,46,29221.677,1514.354,1329.744,9
1753,1991-02-27,1991-12-02,279,236483.087,1645.685,1365.919,11
1753,1991-12-12,1994-04-18,859,673557.763,1599.273,1335.113,13
1753,1994-04-23,1997-03-05,1048,823441.261,1610.784,1329.366,15
1753,1997-03-20,2020-03-31,8413,9336007.108,1293.277,1060.859,17
1754,1980-10-03,1981-05-19,229,5037.176,403.11,370.215,6
1754,1987-12-17,1987-12-24,8,9.865,403.55,403.342,18
1754,1988-04-01,1988-04-05,5,5.095,444.659,443.759,22
1754,1988-04-15,1988-11-19,219,8145.374,413.995,392.381,26
1754,1999-08-04,1999-10-09,67,225.801,443.447,425.801,34
1754,1999-11-06,2000-07-21,259,3731.758,422.27,389.739,42
1754,2005-11-30,2006-01-22,54,470.972,397.297,390.204,46
1754,2006-04-02,2006-04-07,6,9.02,444.175,443.319,48
1754,2006-07-28,2006-08-12,16,51.989,460.026,456.75,52
1754,2008-01-22,2008-02-05,15,52.369,408.238,404.247,58
1754,2010-06-25,2010-08-19,56,965.999,449.329,436.566,66
1754,2018-01-17,2018-02-01,16,52.265,406.958,403.464,68
1754,2018-06-04,2018-06-11,8,10.867,469.675,468.812,70
1754,2018-06-15,2018-06-25,11,66.442,465.961,462.329,72
1755,1980-11-21,1981-02-01,73,779.064,86.864,81.557,4
1755,1981-11-16,1981-12-20,35,564.696,98.978,81.666,6
1755,1983-01-17,1983-01-22,6,67.335,79.272,71.675,12
1755,1983-01-28,1983-02-01,5,32.676,83.96,81.83,14
1755,1983-02-15,1983-04-07,52,872.496,87.719,70.979,18
1755,1983-11-20,1983-11-25,6,20.471,135.69,131.587,26
1755,1984-01-14,1984-01-24,11,74.932,83.683,81.612,28
1755,1984-01-28,1984-02-09,13,63.997,85.572,81.721,30
1755,1985-01-22,1985-01-30,9,60.024,83.826,82.65,32
1755,1985-03-01,1985-03-09,9,33.872,86.731,84.999,34
1755,1985-03-12,1985-03-17,6,20.472,90.746,88.73,36
1755,1985-03-19,1985-08-03,138,5728.868,190.357,97.146,38
1755,1985-12-24,1986-02-06,45,336.42,83.019,81.666,40
1755,1986-02-12,1986-02-16,5,28.415,84.812,83.633,42
1755,1986-03-05,1986-03-12,8,34.985,86.58,85.108,44
1755,1986-04-30,1986-05-27,28,946.603,215.904,203.852,48
1755,1986-09-13,1986-12-09,88,6399.581,132.576,66.361,50
1755,1986-12-18,1987-01-18,32,385.563,78.446,67.756,52
1755,1987-11-21,1987-12-09,19,146.772,112.381,100.041,58
1755,1989-11-29,1989-12-30,32,299.885,88.205,82.486,60
1755,1990-01-14,1990-01-18,5,20.459,86.403,84.453,62
1755,1990-11-21,1990-12-02,12,199.099,112.234,95.787,66
1755,1991-11-16,1991-12-02,17,239.492,121.051,95.078,72
1755,1992-01-20,1992-02-20,32,201.257,84.206,81.994,76
1755,1992-11-15,1992-12-21,37,532.254,99.396,82.486,80
1755,1993-01-17,1993-02-20,35,219.674,84.219,81.776,82
1755,1993-10-11,1993-12-03,54,2327.59,139.457,81.721,84
1755,1993-12-30,1994-01-06,8,42.503,85.182,83.305,88
1755,1994-01-18,1994-01-24,7,39.288,84.882,83.524,90
1755,1995-01-29,1995-02-14,17,115.847,83.68,82.213,94
1755,1995-02-27,1995-03-06,8,47.109,84.606,83.579,96
1755,1995-11-29,1996-01-15,48,368.207,87.545,82.158,98
1755,1996-02-04,1996-02-19,16,89.259,84.916,83.251,102
1755,1997-11-15,1998-01-06,53,693.476,94.936,82.322,112
1755,1998-01-27,1998-02-07,12,55.271,85.889,82.158,114
1755,1998-02-12,1998-02-18,7,33.379,85.727,83.469,116
1755,1998-02-21,1998-03-08,16,97.973,84.372,82.267,118
1755,1998-03-14,1998-03-19,6,31.768,91.403,88.275,120
1755,1998-11-15,1998-12-09,25,545.542,105.827,84.453,124
1755,1998-12-17,1999-01-02,17,68.446,86.469,84.89,128
1755,2000-11-20,2000-12-01,12,167.101,114.901,109.421,132
1755,2001-04-30,2001-07-04,66,952.837,248.274,213.87,134
1755,2001-11-08,2001-11-28,21,286.666,136.397,117.144,136
1755,2004-11-14,2004-11-29,16,273.804,121.146,102.865,144
1755,2005-11-27,2005-12-09,13,121.953,103.313,92.198,148
1755,2007-04-02,2007-10-07,189,3457.535,235.931,133.858,154
1755,2008-12-03,2008-12-08,6,11.853,103.182,102.865,160
1755,2012-04-22,2012-07-13,83,601.231,251.535,197.521,166
1755,2013-11-28,2013-12-05,8,66.899,107.001,100.041,174
1755,2014-11-21,2014-12-05,15,186.022,111.691,99.243,178
1755,2015-11-23,2015-11-30,8,71.004,119.217,109.676,182
1755,2016-11-14,2016-12-08,25,290.32,116.036,99.857,186
1755,2017-11-15,2017-12-09,25,308.358,115.314,100.041,190
1755,2019-11-16,2019-11-25,10,98.749,134.821,122.453,192
1756,1980-10-19,1981-02-16,121,17421.287,2509.177,2372.44,2
1756,1983-11-05,1983-11-26,22,872.024,2583.98,2559.358,6
1756,2007-02-08,2007-03-01,22,1338.491,2643.476,2624.437,8
1756,2007-03-18,2007-04-15,29,1439.004,2666.35,2625.905,10
1756,2007-04-23,2007-07-27,96,4420.027,2629.942,2605.843,12
1756,2007-08-24,2007-12-08,107,4676.45,2570.549,2538.563,14
1756,2008-01-08,2008-01-12,5,74.427,2658.885,2653.307,18
1756,2008-01-17,2008-02-01,16,859.006,2632.297,2614.651,20
1756,2008-02-18,2008-03-02,14,221.546,2692.033,2682.91,22
1756,2008-05-08,2008-05-28,21,316.922,2680.848,2667.497,24
1756,2008-06-18,2008-07-13,26,460.14,2639.22,2629.086,28
1756,2008-09-22,2008-12-10,80,3421.169,2575.056,2555.689,30
1756,2009-01-21,2009-01-27,7,323.788,2639.326,2622.969,32
1756,2009-02-07,2009-02-18,12,553.48,2654.326,2624.437,34
1756,2009-02-25,2009-03-14,18,1151.83,2647.87,2598.259,36
1756,2009-04-19,2009-05-03,15,478.863,2678.05,2655.264,44
1756,2009-05-27,2009-06-04,9,296.109,2653.524,2641.808,46
1756,2010-01-12,2010-01-16,5,26.743,2671.02,2668.965,48
1756,2010-03-06,2010-04-24,50,2594.044,2662.956,2643.521,50
1756,2010-10-12,2010-11-07,27,464.739,2593.71,2573.793,54
1756,2011-01-16,2011-01-24,9,91.195,2672.2,2661.87,56
1756,2011-02-08,2011-02-24,17,460.251,2675.729,2642.053,58
1761,1981-01-22,1981-02-20,30,1524.336,1486.879,1438.838,6
1761,1981-03-17,1981-03-31,15,311.789,1707.415,1680.422,10
1761,1981-05-04,1981-06-06,34,993.161,1781.908,1762.034,14
1761,1981-06-15,1981-07-04,20,669.783,1714.233,1679.272,16
1761,1985-03-12,1985-03-16,5,65.506,1683.87,1676.973,24
1761,1985-03-18,1985-04-28,42,1055.006,1742.387,1670.65,26
1761,1985-05-07,1985-05-22,16,438.347,1789.163,1762.034,32
1761,1986-03-11,1986-03-15,5,191.755,1653.134,1631.277,38
1761,1986-05-07,1986-08-08,94,4180.204,1689.347,1557.811,40
1761,1987-06-21,1987-06-25,5,78.852,1739.157,1730.195,44
1761,1997-02-10,1997-02-14,5,214.756,1523.741,1502.252,60
1761,1998-06-09,1998-06-17,9,113.033,1768.291,1749.062,62
1761,1999-02-22,1999-03-17,24,1965.79,1576.13,1544.387,66
1761,1999-07-07,1999-07-13,7,66.343,1685.923,1673.524,70
1761,1999-07-20,1999-09-05,48,1804.939,1515.98,1417.569,72
1761,2001-10-16,2002-03-31,167,13572.116,1441.166,1346.432,74
1761,2002-04-09,2002-05-02,24,234.156,1788.345,1772.646,78
1761,2002-07-17,2002-09-02,48,1909.805,1526.681,1435.871,82
1761,2002-09-13,2002-10-11,29,1059.84,1417.193,1359.339,84
1761,2006-05-31,2006-06-15,16,233.331,1776.227,1762.623,86
1761,2007-10-17,2007-10-25,9,146.816,1437.427,1424.494,92
1761,2012-11-26,2013-01-13,49,1575.26,1421.591,1382.851,100
1761,2015-05-12,2015-05-20,9,75.039,1808.636,1804.665,102
1761,2016-04-13,2016-04-30,18,557.395,1770.441,1750.831,104
1762,1980-06-26,1981-06-05,345,31560.736,1257.719,1106.609,4
1762,1982-06-16,1982-07-01,16,232.654,1550.935,1523.015,8
1762,1982-07-05,1982-08-16,43,1284.655,1450.827,1376.49,10
1762,1982-11-18,1982-11-22,5,29.541,1172.5,1169.584,12
1762,1983-02-26,1983-04-25,59,3891.29,1387.716,1341.749,14
1762,1983-07-26,1983-12-01,129,7580.264,1217.984,1107.441,18
1762,1984-07-03,1984-07-07,5,43.902,1534.367,1529.181,24
1762,1984-07-09,1984-07-14,6,60.068,1515.733,1507.064,26
1762,1984-07-16,1984-07-21,6,74.202,1493.489,1484.139,28
1762,1984-07-23,1984-07-28,6,82.803,1469.974,1463.637,30
1762,1984-07-31,1984-08-04,5,34.786,1452.862,1448.346,32
1762,1984-09-05,1984-09-15,11,173.324,1291.741,1276.548,42
1762,1984-09-18,1984-09-22,5,49.685,1261.218,1255.165,44
1762,1985-04-30,1985-08-19,112,4840.528,1489.928,1374.313,48
1762,1985-08-21,1985-08-26,6,35.098,1374.472,1371.23,50
1762,1986-01-29,1986-02-10,13,164.83,1250.019,1237.818,56
1762,1986-02-12,1986-02-16,5,111.011,1280.844,1276.841,58
1762,1986-04-16,1986-09-23,161,9861.479,1427.124,1251.323,60
1762,1987-07-19,1987-09-16,60,2400.449,1360.162,1275.055,64
1762,1987-12-03,1987-12-24,22,235.313,1167.712,1159.063,70
1762,1988-03-25,1988-09-29,189,14863.386,1400.687,1237.231,72
1762,1991-06-28,1991-07-08,11,106.17,1538.829,1525.609,74
1762,1991-07-11,1991-09-09,61,1242.33,1407.067,1305.319,76
1762,1991-09-12,1991-09-16,5,40.578,1289.466,1281.93,78
1762,1993-07-24,1993-09-02,41,838.144,1397.752,1328.023,86
1762,1993-09-04,1993-09-16,13,154.647,1298.271,1286.114,88
1762,1995-04-09,1995-05-15,37,1667.472,1500.442,1469.704,94
1762,1995-08-16,1995-09-02,18,228.332,1362.929,1331.082,98
1762,1995-09-04,1995-09-10,7,87.897,1308.398,1296.291,100
1762,1995-09-12,1995-09-16,5,37.936,1289.994,1286.701,102
1762,1999-11-27,1999-12-12,16,31.83,1176.419,1175.284,118
1762,1999-12-25,2000-04-04,102,6056.298,1247.756,1169.314,120
1762,2000-12-08,2000-12-12,5,4.685,1177.471,1176.727,134
1762,2002-07-25,2002-07-29,5,57.504,1472.273,1463.319,144
1762,2002-07-31,2002-09-09,41,695.235,1374.689,1303.827,146
1762,2002-09-11,2002-09-23,13,130.555,1273.309,1261.379,148
1762,2005-07-10,2005-07-29,20,185.287,1494.83,1475.796,154
1762,2007-08-22,2007-10-07,47,1314.628,1267.834,1211.004,168
1762,2007-11-02,2007-12-12,41,308.788,1170.877,1165.033,170
1762,2008-11-02,2008-12-13,42,1296.191,1147.546,1129.191,178
1762,2012-06-26,2012-07-14,19,311.046,1524.224,1509.339,180
1762,2016-04-22,2016-06-09,49,629.679,1560.126,1535.737,182
1762,2016-06-12,2016-06-16,5,25.742,1572.969,1569.647,184
1762,2016-06-18,2016-06-23,6,19.17,1566.332,1563.677,186
1776,1980-12-21,1981-02-23,65,351.72,39.202,34.418,2
1776,1981-07-17,1981-12-29,166,1183.426,36.484,34.349,6
1776,1982-09-17,1982-11-04,49,269.392,37.785,34.584,8
1776,1985-06-25,1985-07-27,33,71.036,42.306,40.58,10
1776,1985-09-24,1985-10-03,10,9.586,42.321,41.33,12
1776,1985-10-13,1985-10-31,19,18.25,42.311,41.497,14
1776,1986-07-10,1986-09-01,54,124.023,41.679,39.397,16
1776,1986-10-05,1986-11-06,33,33.773,42.255,40.747,18
1776,1988-06-04,1988-09-10,99,282.87,41.369,39.031,20
1776,2002-09-06,2002-09-16,11,6.958,42.788,42.079,26
1776,2006-12-15,2006-12-21,7,2.485,43.592,43.511,30
1776,2007-09-08,2007-09-13,6,2.255,43.042,42.596,36
1776,2007-09-27,2007-10-24,28,40.613,41.811,40.78,38
1776,2010-04-01,2010-04-07,7,1.005,45.433,45.308,44
1776,2010-04-15,2010-04-19,5,0.684,45.45,45.374,48
1776,2010-09-17,2010-09-26,10,5.468,42.772,42.324,60
1776,2010-10-18,2010-10-27,10,7.747,42.493,41.893,62
1776,2011-08-03,2011-09-05,34,64.996,41.814,39.548,68
1776,2012-11-18,2012-12-24,37,22.847,43.149,42.511,72
1776,2013-03-17,2013-03-23,7,2.26,45.167,44.97,74
1776,2013-03-26,2013-03-30,5,1.122,45.328,45.259,76
1776,2015-04-24,2015-04-29,6,0.754,45.437,45.308,108
1776,2015-05-01,2015-05-08,8,1.065,45.376,45.341,110
1776,2015-07-11,2015-08-10,31,20.319,43.509,42.729,112
1776,2015-08-21,2015-09-25,36,64.642,41.671,40.544,116
1776,2016-02-28,2016-03-18,20,89.122,40.926,38.621,118
1776,2016-09-14,2016-10-07,24,12.859,42.764,41.907,132
1776,2016-10-31,2016-11-29,30,32.64,42.372,41.878,134
1776,2017-02-19,2017-03-30,40,58.595,43.917,42.946,136
1776,2018-03-31,2018-04-06,7,0.878,45.447,45.391,140
1776,2019-03-24,2019-03-29,6,1.24,45.331,45.243,146
1776,2019-04-26,2019-04-30,5,2.989,44.957,44.477,154
1796,1982-03-24,1982-04-17,25,121.572,266.3,263.687,5
1796,1982-04-19,1982-04-27,9,35.405,267.531,265.359,7
1796,1982-05-01,1982-05-13,13,42.001,264.989,263.687,9
1796,1983-05-02,1983-05-15,14,125.028,258.629,254.495,13
1796,1983-09-05,1983-11-23,80,2035.128,177.864,161.731,17
1796,1984-04-27,1984-05-07,11,55.238,264.31,262.852,23
1796,1984-05-10,1984-05-16,7,13.356,263.568,262.852,25
1796,1985-03-08,1985-03-23,16,71.992,261.233,258.673,27
1796,1985-03-26,1985-05-03,39,238.629,265.098,262.852,29
1796,1986-03-29,1986-08-20,145,2343.463,228.161,164.169,33
1796,1986-09-26,1986-12-24,90,3040.057,169.588,149.934,35
1796,1987-03-24,1987-03-28,5,8.821,267.776,266.958,37
1796,1987-04-08,1987-04-14,7,30.398,267.72,266.426,39
1796,1987-05-01,1987-05-06,6,17.832,266.484,265.359,41
1796,1987-05-08,1987-05-12,5,0.658,267.029,266.958,43
1796,1987-10-25,1987-12-02,39,371.291,193.783,183.78,45
1796,1987-12-04,1987-12-11,8,10.514,201.989,200.801,47
1796,1988-04-06,1988-04-11,6,6.894,270.809,270.336,49
1796,1988-04-13,1988-04-18,6,15.461,269.447,268.558,51
1796,1988-04-25,1988-05-05,11,33.733,266.975,265.891,53
1796,1988-08-10,1988-10-31,83,1135.736,189.62,178.873,55
1796,1989-04-20,1989-04-26,7,12.251,269.701,268.558,59
1796,1990-03-22,1990-03-28,7,15.535,266.984,265.891,61
1796,1990-04-09,1990-04-14,6,30.741,267.018,265.536,63
1796,1990-04-19,1990-04-30,12,35.985,268.232,266.781,65
1796,1990-09-14,1990-10-12,29,480.344,186.74,170.798,67
1796,1991-04-10,1991-04-19,10,41.158,267.955,265.192,71
1796,1991-04-24,1991-04-30,7,31.875,266.282,264.69,73
1796,1991-05-02,1991-05-12,11,28.036,265.655,264.523,75
1796,1992-03-31,1992-04-20,21,100.765,267.023,264.69,79
1796,1992-04-29,1992-05-08,10,24.314,266.336,265.359,81
1796,1993-04-20,1993-04-25,6,21.808,267.88,265.024,85
1796,1993-04-29,1993-05-05,7,11.803,268,266.781,87
1796,1993-10-11,1993-11-27,48,525.243,192.361,186.033,91
1796,1994-04-05,1994-04-15,11,62.014,266.304,261.849,97
1796,1994-04-21,1994-05-05,15,74.755,265.558,264.356,99
1796,1994-05-11,1994-05-20,10,23.097,262.787,261.181,101
1796,1994-05-23,1994-05-27,5,6.228,259.409,258.841,103
1796,1995-03-19,1995-05-06,49,174.16,267.147,264.021,107
1796,1996-04-13,1996-04-21,9,30.126,268.657,266.958,115
1796,1996-04-24,1996-04-28,5,13.604,268.344,266.603,117
1796,1997-04-16,1997-04-21,6,23.818,267.995,266.781,131
1796,1998-04-27,1998-05-01,5,10.917,268.238,266.248,137
1796,1998-10-25,1998-12-25,62,811.264,190.402,179.537,139
1796,1999-04-11,1999-04-28,18,56.278,268.587,267.491,141
1796,2001-01-15,2001-01-20,6,28.664,222.08,220.922,145
1796,2001-04-12,2001-04-25,14,41.079,268.888,267.846,149
1796,2001-11-25,2002-01-20,57,907.297,194.239,185.238,153
1796,2002-04-26,2002-09-01,129,3118.598,210.414,173.8,155
1796,2004-03-21,2004-03-31,11,56.583,264.468,262.016,159
1796,2004-04-07,2004-04-13,7,20.449,269.142,267.846,161
1796,2005-04-14,2005-05-01,18,62.27,267.896,265.891,163
1796,2007-04-02,2007-04-11,10,13.682,270.389,269.624,165
1796,2007-09-10,2007-10-27,48,638.48,190.001,178.343,167
1796,2007-11-23,2007-12-29,37,190.381,199.081,196.483,171
1796,2010-04-14,2010-04-22,9,8.441,271.066,270.513,173
1796,2010-05-02,2010-05-06,5,2.358,268.985,268.736,177
1796,2010-05-09,2010-05-16,8,21.574,263.358,261.347,179
1796,2013-04-14,2013-04-19,6,16.348,269.299,268.381,185
1796,2013-04-22,2013-04-28,7,14.363,269.142,267.846,187
1796,2014-03-25,2014-03-29,5,19.253,266.082,264.356,189
1796,2014-04-02,2014-04-06,5,10.374,269.518,267.136,191
1796,2015-04-02,2015-04-08,7,9.509,270.234,269.624,197
1796,2017-12-01,2017-12-08,8,8.961,202.183,201.079,207
1796,2017-12-24,2018-01-28,36,506.9,206.462,200.244,209
1848,1980-11-07,1980-11-14,8,107.595,220.497,209.426,2
1848,1981-02-23,1981-03-30,36,807.733,216.984,170.77,4
1848,1981-05-07,1981-05-11,5,19.486,465.534,464.36,6
1848,1981-05-14,1981-05-18,5,72.915,479.626,473.411,8
1848,1981-11-20,1981-12-16,27,340.551,157.097,139.943,12
1848,1982-02-25,1982-03-01,5,58.399,183.15,173.952,14
1848,1985-03-11,1985-04-27,48,2103.111,280.285,209.426,24
1848,1985-11-14,1985-11-18,5,31.298,215.298,209.426,26
1848,1986-02-02,1986-02-21,20,205.442,144.348,137.253,28
1848,1986-02-26,1986-03-22,25,758.808,200.13,180.313,30
1848,1986-03-26,1986-06-08,75,5598.851,350.081,286.493,32
1848,1986-08-29,1986-11-11,75,9785.422,249.433,123.063,34
1848,1987-02-15,1987-02-28,14,322.922,154.659,146.794,36
1848,1987-10-17,1987-12-19,64,1586.569,195.936,133.338,44
1848,1988-02-26,1988-04-04,39,1012.627,230.48,166.123,46
1848,1988-05-06,1988-05-10,5,28.295,463.772,461.423,48
1848,1988-05-13,1988-09-15,126,4876.185,458.004,434.756,50
1848,1990-11-16,1990-12-09,24,553.375,161.413,138.721,56
1848,1990-12-11,1990-12-16,6,57.418,135.907,134.072,58
1848,1992-12-06,1992-12-15,10,61.095,143.858,134.562,60
1848,1995-10-24,1995-10-28,5,60.407,288.304,280.132,72
1848,1995-11-21,1995-12-16,26,458.368,150.963,137.253,76
1848,1998-11-14,1998-12-09,26,728.106,159.319,133.338,82
1848,1999-11-20,1999-12-09,20,298.154,163.284,145.326,88
1848,2000-11-20,2000-11-24,5,93.011,180.166,166.123,100
1848,2000-12-04,2000-12-15,12,125.35,141.269,135.295,104
1848,2000-12-31,2001-01-16,17,186.989,127.02,119.882,106
1848,2003-12-21,2003-12-27,7,26.165,134.282,130.892,108
1848,2004-01-13,2004-01-19,7,45.981,131.451,128.69,110
1848,2005-11-06,2005-12-15,40,797.348,171.676,131.626,116
1848,2005-12-27,2006-01-14,19,249.442,124.891,116.212,118
1848,2007-03-26,2007-09-16,175,12951.741,391.713,291.386,124
1848,2007-11-20,2007-12-13,24,539.25,150.271,133.828,128
1848,2008-12-03,2008-12-09,7,45.863,151.757,143.124,134
1848,2009-02-01,2009-03-01,29,412.389,149.224,129.424,136
1848,2010-11-16,2010-12-25,40,748.001,148.495,130.647,142
1848,2011-01-11,2011-01-16,6,8.27,136.641,135.295,144
1848,2012-04-29,2012-08-16,110,2195.115,473.198,430.107,148
1848,2012-11-12,2012-12-09,28,551.998,167.337,139.699,156
1848,2013-11-15,2013-11-25,11,109.945,197.06,182.514,164
1848,2013-11-27,2013-12-07,11,170.687,154.668,140.678,166
1848,2014-11-29,2014-12-05,7,47.587,163.85,156.825,170
1848,2016-11-20,2016-12-19,30,385.105,151.679,132.36,176
1848,2017-11-14,2017-11-19,6,58.563,207.999,198.416,184
1848,2017-11-22,2017-12-16,25,312.941,154.868,137.741,186
1848,2018-11-28,2018-12-02,5,62.595,165.78,157.804,188
1851,1981-11-21,1982-01-03,44,3775.678,2156.252,2112.334,2
1851,1986-07-24,1986-08-12,20,446.653,2452.362,2427.766,6
1851,1986-08-29,1986-09-02,5,51.222,2368.665,2364.771,12
1851,1988-06-04,1988-07-29,56,1717.409,2529.598,2474.991,14
1851,1989-01-22,1989-06-17,147,7424.952,2476.012,2301.244,24
1851,2002-02-26,2002-03-10,13,226.382,2449.237,2422.493,26
1851,2002-07-04,2002-09-15,74,3200.384,2405.112,2278.687,30
1851,2008-02-19,2008-02-23,5,69.039,2417.498,2404.176,32
1851,2008-02-26,2008-03-02,6,48.128,2447.644,2442.475,34
1851,2008-05-22,2009-03-28,311,38941.538,2261.642,1884.316,38
1851,2012-05-31,2012-07-15,46,1111.632,2557.146,2494.807,40
1851,2012-12-15,2012-12-26,12,73.888,2241.709,2231.433,50
1851,2017-03-19,2017-04-06,19,414.653,2519.686,2497.072,52
1851,2017-04-12,2017-04-20,9,70.903,2578.27,2570.607,54
1863,1981-11-20,1982-01-02,44,2524.247,1664.791,1639.407,4
1863,1986-07-18,1986-10-24,99,10663.301,1895.753,1787.425,6
1863,1988-08-14,1988-08-18,5,43.303,2076.732,2070.004,12
1863,2007-11-07,2009-01-05,426,79277.062,1734.864,1511.574,18
1863,2017-03-26,2017-04-06,12,171.154,1984.412,1971.101,22
1863,2017-04-09,2017-07-17,100,5670.483,2091.674,2024.141,24
1864,1981-02-19,1981-03-31,41,446.607,108.52,93.214,2
1864,1981-04-09,1981-05-28,50,797.242,176.011,164.409,6
1864,1981-12-05,1981-12-23,19,92.523,75.934,72.419,8
1864,1982-02-04,1982-02-09,6,26.617,75.925,74.865,10
1864,1982-02-12,1982-04-14,62,1299.518,104.934,70.951,12
1864,1984-02-06,1984-02-12,7,56.218,74.096,70.951,16
1864,1984-02-19,1984-03-07,18,361.624,82.694,71.685,18
1864,1984-03-10,1984-03-19,10,103.668,115.184,106.426,20
1864,1985-02-19,1985-02-23,5,59.202,83.428,77.067,24
1864,1985-03-04,1985-04-27,55,1317.687,127.764,93.214,26
1864,1985-12-07,1985-12-23,17,57.765,76.635,73.397,28
1864,1986-01-29,1986-03-21,52,459.125,90.853,70.951,30
1864,1986-03-26,1986-06-05,72,2007.068,157.23,139.699,32
1864,1987-11-06,1987-11-17,12,63.977,113.317,103.49,40
1864,1987-11-27,1987-12-23,27,233.344,75.79,70.951,44
1864,1988-02-12,1988-04-05,54,725.095,106.104,81.226,46
1864,1988-04-08,1988-04-12,5,23.871,167.15,165.633,48
1864,1988-04-15,1988-09-29,168,2571.524,181.598,173.218,50
1864,1990-10-03,1990-10-14,12,54.058,172.075,164.899,52
1864,1990-11-16,1990-12-03,18,194.933,90.156,76.578,54
1864,1990-12-12,1990-12-17,6,40.003,73.479,71.195,58
1864,1992-12-12,1992-12-20,9,44.307,73.261,69.483,60
1864,1995-11-22,1995-12-15,24,238.748,80.747,72.907,66
1864,1997-12-15,1997-12-21,7,16.653,75.005,72.419,70
1864,1998-11-16,1998-12-12,27,364.061,82.25,71.685,72
1864,1999-11-23,1999-12-16,24,205.796,81.175,73.397,74
1864,1999-12-18,1999-12-23,6,8.669,74.498,73.397,76
1864,1999-12-26,1999-12-31,6,9.535,70.706,70.217,78
1864,2000-12-10,2000-12-15,6,22.049,77.312,74.865,84
1864,2001-01-02,2001-01-06,5,3.317,69.434,68.749,86
1864,2003-11-23,2003-12-23,31,336.161,75.788,68.504,88
1864,2004-01-06,2004-01-10,5,3.858,68.896,68.504,90
1864,2005-11-08,2005-12-16,39,542.111,85.022,69.238,96
1864,2005-12-19,2005-12-24,6,15.542,72.745,71.685,98
1864,2006-12-06,2006-12-16,11,74.453,76.533,71.439,100
1864,2006-12-18,2006-12-23,6,14.785,73.479,71.439,102
1864,2007-03-19,2007-07-12,116,4619.697,146.273,132.848,104
1864,2007-11-22,2007-12-16,25,266.397,79.651,71.929,108
1864,2007-12-19,2007-12-28,10,14.32,72.687,71.195,110
1864,2008-11-26,2008-12-09,14,162.41,78.552,71.929,114
1864,2010-11-14,2010-12-30,47,519.71,77.733,69.972,120
1864,2011-11-08,2011-11-27,20,150.205,102.732,90.523,126
1864,2012-04-08,2012-09-08,154,2371.91,180.35,169.303,134
1864,2012-11-14,2012-12-15,32,382.775,82.48,70.217,140
1864,2013-11-07,2013-11-23,17,247.319,99.072,82.939,146
1864,2014-11-30,2014-12-09,10,76.712,81.96,72.907,148
1864,2016-11-13,2016-12-20,38,359.386,83.048,73.397,156
1864,2017-03-26,2017-03-31,6,10.203,145.734,144.103,158
1864,2017-11-22,2017-12-17,26,252.552,80.041,69.483,164
1864,2018-11-25,2018-12-02,8,95.25,84.132,74.131,166
1869,1980-11-30,1980-12-22,23,168.255,119.797,115.723,2
1869,1980-12-24,1981-02-01,40,180.713,111.349,108.138,4
1869,1981-02-12,1981-03-07,24,467.656,138.476,132.848,6
1869,1981-03-12,1981-03-31,20,396.373,191.909,186.428,8
1869,1981-04-16,1981-08-26,133,5139.678,323.646,275.728,10
1869,1981-11-28,1982-01-02,36,507.716,110.782,105.692,12
1869,1982-01-17,1982-01-21,5,19.914,110.879,109.362,14
1869,1982-02-03,1982-02-10,8,130.407,114.744,106.916,16
1869,1982-02-12,1982-04-02,50,1375.79,156.987,106.916,18
1869,1985-03-12,1985-05-10,60,2450.336,218.646,163.431,20
1869,1985-05-14,1985-08-16,95,4375.539,333.694,320.746,22
1869,1985-12-29,1986-03-20,82,1268.54,126.986,106.916,24
1869,1986-04-09,1986-06-06,59,3116.234,268.198,252.976,26
1869,1987-12-01,1987-12-25,25,393.031,110.409,104.468,28
1869,1988-01-12,1988-01-19,8,23.087,111.197,109.362,30
1869,1988-01-29,1988-03-16,48,1003.757,135.341,108.138,32
1869,1988-03-18,1988-04-02,16,259.702,207.607,197.194,34
1869,1988-05-27,1988-09-08,105,4746.713,330.688,310.469,36
1869,1988-09-11,1988-09-15,5,11.247,310.469,310.469,38
1869,1988-12-13,1988-12-24,12,100.599,111.38,108.138,40
1869,1990-11-21,1990-12-18,28,485.098,118.842,106.182,42
1869,1991-11-15,1991-12-01,17,305.232,135.108,108.138,44
1869,1992-01-22,1992-02-15,25,207.764,120.117,113.031,46
1869,1992-04-15,1992-04-20,6,82.517,266.432,266.432,50
1869,1992-05-13,1992-07-21,70,1776.516,354.071,326.128,52
1869,1992-12-13,1992-12-21,9,76.661,112.434,108.138,54
1869,1993-01-12,1993-01-18,7,22.238,110.795,108.138,58
1869,1993-01-30,1993-02-14,16,84.5,126.595,122.084,60
1869,1993-03-19,1993-03-23,5,49.332,202.478,200.864,62
1869,1993-12-01,1993-12-16,16,155.61,120.968,102.022,64
1869,1993-12-27,1993-12-31,5,10.232,112.787,110.585,68
1869,1994-01-13,1994-01-17,5,16.497,110.731,110.095,72
1869,1995-11-29,1995-12-09,11,143.149,123.485,109.362,74
1869,1997-11-18,1997-12-23,36,714.586,115.77,105.692,84
1869,1998-11-23,1998-12-12,20,445.906,116.041,103.245,86
1869,1999-11-23,2000-03-19,118,1809.919,123.262,104.714,88
1869,2001-01-11,2001-01-17,7,12.822,111.843,111.319,90
1869,2003-12-04,2003-12-29,26,318.784,110.595,104.958,96
1869,2004-01-09,2004-01-18,10,72.631,106.353,102.511,98
1869,2005-11-24,2005-12-15,22,440.291,115.79,105.692,100
1869,2006-01-03,2006-01-13,11,82.876,105.247,101.288,102
1869,2006-12-09,2006-12-27,19,172.243,111.976,103.734,104
1869,2007-03-26,2007-10-07,196,20349.06,233.466,183.492,108
1869,2007-11-16,2007-12-28,43,656.119,119.398,107.16,110
1869,2009-02-12,2009-02-27,16,138.101,142.161,136.519,114
1869,2010-11-21,2011-01-01,42,625.629,114.598,102.511,116
1869,2011-01-13,2011-02-02,21,160.308,110.83,107.16,118
1869,2011-02-19,2011-02-24,6,1.899,153.848,153.645,120
1869,2011-02-26,2011-03-06,9,88.051,160.359,156.58,122
1869,2011-12-15,2011-12-22,8,60.536,112.878,105.692,126
1869,2012-06-14,2012-07-22,39,730.096,374.582,362.093,134
1869,2012-12-01,2012-12-05,5,23.986,130.109,122.329,140
1869,2013-10-10,2013-11-25,47,2795.923,136.326,105.936,144
1869,2015-12-11,2015-12-17,7,58.864,115.723,113.031,152
1869,2016-11-22,2016-12-01,10,78.696,138.231,127.955,156
1869,2016-12-27,2017-01-04,9,35.144,110.014,106.182,160
1869,2017-11-30,2017-12-16,17,92.549,125.955,117.924,162
1869,2018-11-25,2018-12-02,8,164.486,123.552,103.734,168
1872,1988-03-25,1988-04-11,18,534.833,2309.861,2293.631,2
1872,1988-05-16,1988-09-08,116,5430.765,2231.962,2053.744,4
1872,1988-09-28,1988-10-03,6,50.915,2018.573,2011.411,8
1872,1988-10-17,1989-04-15,181,29346.524,1959.924,1850.898,10
1872,2002-02-25,2002-03-31,35,969.831,2242.245,2183.309,14
1872,2002-08-21,2002-08-25,5,91.376,2122.888,2108.905,34
1872,2002-08-27,2002-09-18,23,833.876,2044.82,1983.189,36
1872,2008-02-17,2008-03-25,38,1276.804,2211.631,2141.617,52
1872,2008-05-25,2008-09-15,114,8079.434,2184.452,2002.431,58
1872,2008-09-21,2008-12-11,82,6878.118,1943.347,1898.634,60
1872,2009-01-22,2009-03-02,40,4567.816,2032.289,1996.017,62
1872,2012-05-20,2012-05-26,7,33.288,2399.365,2393.445,66
1872,2012-07-07,2012-07-11,5,51.66,2299.059,2285.934,74
1872,2012-11-05,2013-01-03,60,2562.635,1984.349,1941.929,80
1872,2013-01-14,2013-01-18,5,81.138,2032.449,2022.957,84
1872,2017-03-31,2017-04-04,5,159.579,2303.42,2290.424,92
1883,1996-02-13,1996-03-25,42,23.263,8.266,8.069,44
1883,1998-05-02,1998-06-10,40,14.179,7.488,7.007,48
1883,1998-06-12,1998-07-03,22,5.884,6.72,6.472,50
1883,2011-06-15,2011-06-21,7,0.836,6.991,6.811,72
1883,2015-08-16,2015-10-25,71,12.617,5.937,5.773,102
1883,2016-07-13,2016-07-17,5,1.549,6.082,5.942,104
1883,2016-07-20,2016-07-29,10,1.958,6.008,5.921,106
1883,2016-08-03,2016-08-16,14,3.446,5.867,5.794,108
1883,2016-09-23,2016-12-04,73,54.447,5.645,5.326,110
1883,2016-12-17,2017-01-19,34,63.14,6.01,5.667,112
1883,2017-01-29,2017-04-03,65,138.782,6.624,5.75,114
1883,2017-07-26,2017-08-08,14,2.542,5.951,5.921,116
1883,2017-10-27,2017-12-19,54,44.261,5.981,5.73,120
1883,2018-01-29,2018-02-07,10,5.192,8.02,7.655,122
1883,2018-05-16,2018-09-09,117,57.984,6.2,5.73,124
1916,1980-09-20,1980-09-24,5,43.32,400.47,390.602,16
1916,1980-09-27,1980-11-27,62,1498.915,392.459,370.044,18
1916,1980-12-05,1981-01-06,33,478.083,414.274,398.825,22
1916,1981-01-08,1981-02-10,34,962.834,404.871,390.602,24
1916,1981-05-09,1981-05-14,6,59.401,410.474,407.048,26
1916,1981-05-16,1981-05-28,13,184.604,403.569,382.379,28
1916,1981-06-28,1981-08-13,47,1422.679,376.78,341.263,30
1916,1981-09-21,1981-10-01,11,81.786,402.189,386.49,32
1916,1981-10-03,1981-12-17,76,2658.112,384.435,341.263,34
1916,1983-11-13,1983-11-22,10,176.532,403.759,390.602,38
1916,1984-11-25,1984-11-29,5,40.024,416.093,407.048,48
1916,1984-12-02,1984-12-06,5,72.706,411.159,402.936,50
1916,1986-02-01,1986-02-05,5,76.487,418.561,407.048,80
1916,1986-04-21,1986-05-01,11,104.453,414.524,398.825,84
1916,1986-07-17,1986-07-24,8,100.15,394.199,382.379,94
1916,1986-08-09,1986-08-20,12,78.107,399.167,378.268,98
1916,1986-08-23,1986-08-27,5,15.091,402.936,402.936,100
1916,1986-10-04,1986-11-04,32,383.519,402.422,394.714,104
1916,1987-11-29,1987-12-28,30,634.085,406.089,390.602,116
1916,1988-05-22,1988-07-03,43,602.438,398.825,382.379,124
1916,1988-12-04,1988-12-08,5,31.589,419.383,415.271,132
1916,1988-12-10,1989-01-03,25,368.883,414.284,402.936,134
1916,1989-01-16,1989-01-25,10,103.763,422.672,407.048,138
1916,1989-02-04,1989-02-09,6,54.726,424.865,419.383,142
1916,1989-02-11,1989-02-22,12,232.318,414.586,398.825,144
1916,1993-10-22,1993-10-29,8,82.784,405.506,402.936,196
1916,1994-05-19,1994-05-25,7,95.324,404.111,398.825,206
1916,1995-09-19,1995-09-26,8,41.126,403.964,390.602,234
1916,1997-04-19,1997-04-25,7,129.41,406.461,398.825,262
1916,1997-09-06,1997-09-25,20,366.271,389.78,370.044,264
1916,1997-10-15,1997-10-25,11,103.894,405.179,402.936,266
1916,1998-11-17,1998-11-24,8,53.892,415.271,411.16,268
1916,1998-11-27,1998-12-01,5,11.243,421.85,419.383,270
1916,1998-12-26,1998-12-30,5,48.515,420.205,415.271,274
1916,1999-02-28,1999-03-14,15,148.13,422.946,411.16,278
1916,1999-04-05,1999-04-09,5,56.862,416.916,415.271,280
1916,1999-04-13,1999-04-19,7,27.779,422.319,419.383,282
1916,1999-09-02,1999-09-08,7,43.567,400.587,394.714,286
1916,1999-09-11,1999-10-10,30,363.207,397.592,386.49,288
1916,1999-12-02,1999-12-20,19,214.765,415.488,402.936,290
1916,2000-02-09,2000-02-24,16,216.426,420.411,411.16,292
1916,2000-05-04,2000-06-28,56,1183.644,394.273,378.268,296
1916,2000-07-23,2000-08-08,17,92.42,400.518,394.714,300
1916,2000-08-14,2000-09-08,26,286.808,395.188,382.379,302
1916,2000-10-29,2000-11-07,10,43.67,413.627,411.16,310
1916,2000-12-14,2000-12-20,7,53.668,420.557,411.16,312
1916,2000-12-23,2000-12-28,6,54.927,420.754,415.271,314
1916,2001-11-04,2001-11-13,10,67.951,412.393,411.16,320
1916,2001-12-06,2001-12-26,21,143.507,420.949,415.271,324
1916,2001-12-29,2002-01-03,6,33.66,424.865,419.383,326
1916,2002-02-15,2002-02-20,6,103.822,416.642,407.048,338
1916,2002-06-15,2002-06-28,14,71.567,405.873,402.936,346
1916,2004-04-23,2004-04-28,6,15.552,421.438,419.383,350
1916,2006-04-19,2006-05-06,18,283.993,407.962,394.714,356
1916,2006-11-26,2006-12-05,10,97.188,414.86,402.936,360
1916,2007-04-27,2007-05-17,21,214.687,411.16,402.936,362
1916,2007-05-19,2007-05-28,10,54.346,411.982,407.048,364
1916,2012-02-11,2012-02-18,8,51.277,427.607,423.494,388
7313,1988-09-01,1988-11-11,72,3785.153,1757.476,1736.592,2
7313,1989-02-11,1989-05-12,91,6153.227,1594.628,1542.676,4
7313,1989-08-08,1989-10-14,68,2522.065,1797.98,1788.065,6
7313,1992-09-05,1992-10-06,32,439.24,1817.713,1803.878,8
7313,1994-10-03,1994-10-14,12,60.848,1808.773,1803.064,12
7313,1997-03-05,1997-05-22,79,13805.978,1503.43,1401.899,14
7313,1999-04-16,1999-05-28,43,1059.838,1687.369,1662.62,16
7313,2000-08-21,2000-11-04,76,5023.343,1753.432,1719.138,18
7313,2001-08-25,2001-11-25,93,6418.994,1735.099,1699.55,20
7313,2004-04-29,2004-06-12,45,2143.658,1690.8,1661.572,22
7313,2004-08-03,2004-11-24,114,7904.979,1742.222,1715.919,24
7313,2006-03-08,2006-05-22,76,5479.597,1607.651,1549.448,28
7313,2011-04-28,2011-06-05,39,2549.92,1663.914,1614.033,30
7313,2013-09-02,2013-10-16,45,1159.122,1802.038,1783.649,34
7313,2014-04-16,2014-05-25,40,2415.403,1649.08,1622.569,36
7313,2018-04-02,2018-05-09,38,1610.154,1642.86,1613.7,38
479,1991-01-08,1991-05-20,133,3667.976,556.589,467.612,10
479,1991-08-22,1991-09-06,16,161.383,392.609,373.621,18
479,1992-02-05,1992-02-15,11,221.944,529.23,507.33,22
479,1992-02-26,1992-04-06,41,340.283,600.675,581.833,26
479,1992-04-08,1992-04-12,5,45.506,620.884,612.299,28
479,1992-04-14,1993-03-29,350,28481.042,406.608,252.123,30
479,2004-02-12,2004-02-24,13,144.746,554.308,536.402,36
479,2004-03-04,2004-03-08,5,17.816,593.898,591.466,40
479,2004-05-21,2004-10-22,155,3783.621,437.05,327.834,50
479,2016-03-04,2016-03-09,6,53.132,588.606,577.837,84
479,2016-03-11,2016-03-20,10,240.163,586.001,525.044,86
479,2016-03-22,2016-03-28,7,201.593,590.858,564.785,88
479,2016-03-30,2016-04-07,9,237.507,599.769,582.879,90
479,2016-04-09,2016-05-04,26,1021.01,589.983,478.216,92
479,2016-05-06,2016-05-14,9,208.252,596.563,579.852,94
479,2016-06-04,2016-06-09,6,42.837,576.169,564.785,104
479,2016-06-21,2016-06-28,8,194.89,522.034,481.81,112
479,2016-07-03,2016-07-07,5,81.785,508.485,473.163,114
479,2016-07-10,2016-07-17,8,286.23,466.548,356.386,116
479,2016-07-19,2016-08-05,18,436.006,445.924,398.751,118
479,2016-08-07,2016-09-19,44,1641.119,367.364,273.865,120
479,2016-09-23,2016-09-28,6,130.126,343.288,337.496,124
479,2016-10-03,2016-10-29,27,413.393,349.664,338.991,128
479,2016-10-31,2016-11-14,15,204.494,354.107,331.271,130
479,2016-11-27,2016-12-14,18,555.608,374.379,329.416,138
479,2016-12-16,2017-03-03,78,3270.289,466.139,314.965,140
479,2017-03-05,2017-03-25,21,585.151,579.085,460.005,142
1161,2004-05-27,2004-06-08,13,5.394,28.011,27.853,14
1161,2004-06-17,2004-07-28,42,65.97,27.863,26.897,18
1161,2014-04-30,2015-05-10,376,1694.729,22.788,20.827,64
1179,2013-06-11,2013-07-16,36,161.78,102.177,98.411,16
1179,2014-04-06,2014-05-05,30,115.396,93.262,90.734,20
1179,2014-05-08,2015-03-02,299,9857.97,71.082,59.545,22
1179,2015-03-04,2015-05-28,86,3046.253,61.622,55.095,24
1190,1985-10-02,1985-10-14,13,8.96,26.409,25.817,2
1190,1987-10-06,1987-11-22,48,62.401,25.798,24.879,4
1190,1988-02-06,1988-07-07,153,835.06,33.414,30.06,6
1190,1988-08-16,1988-09-29,45,100.718,24.86,22.425,10
1190,1989-02-12,1989-02-16,5,5.056,32.157,32.157,12
1190,1989-03-05,1989-03-28,24,82.733,35.015,34.291,14
1190,1989-04-05,1989-05-04,30,110.752,38.081,36.462,16
1190,1989-10-24,1989-11-02,10,10.469,26.051,26.051,18
1190,1989-11-09,1990-01-20,73,140.31,25.199,22.425,22
1190,1990-01-22,1990-02-01,11,8.545,28.571,28.012,24
1190,1990-10-01,1990-10-09,9,9.422,26.051,26.051,26
1190,1990-10-30,1990-11-04,6,6.282,26.051,26.051,28
1190,1991-02-19,1991-04-18,59,159.856,35.92,34.291,30
1190,1991-04-24,1991-04-28,5,6.108,40.915,40.915,32
1190,1993-08-28,1993-09-27,31,40.03,25.807,24.226,34
1190,1996-01-29,1996-02-02,5,1.835,29.91,29.61,38
1190,1996-02-05,1996-02-09,5,2.501,31.234,30.92,40
1190,1996-02-12,1996-04-23,72,136.287,36.484,32.052,42
1190,1996-05-02,1996-06-16,46,56.96,39.713,37.61,44
1190,1996-06-20,1996-06-30,11,5.827,36.722,36.071,46
1190,1996-07-03,1996-07-12,10,4.024,34.493,33.843,48
1190,1997-09-22,1997-11-04,44,68.412,25.543,23.35,50
1190,1998-06-28,1998-10-10,105,486.932,24.817,19.995,54
1190,2000-09-24,2000-10-25,32,47.895,25.601,24.118,56
1190,2005-11-12,2005-12-30,49,61.022,25.853,25.083,58
1190,2006-01-22,2006-01-27,6,7.002,27.649,27.541,64
1190,2006-02-05,2006-02-10,6,2.183,31.37,31.108,68
1190,2006-02-12,2006-02-24,13,17.037,32.499,31.863,70
1190,2009-02-12,2009-03-13,30,59.717,33.397,32.017,76
1190,2013-03-12,2013-03-30,19,11.3,38.54,37.96,82
1190,2014-11-11,2014-12-06,26,19.186,26.36,25.539,86
1208,2011-09-26,2011-10-03,8,15.594,103.114,101.79,4
1208,2013-05-06,2014-06-23,414,4481.064,93.619,78.607,12
1208,2014-08-08,2015-04-20,256,2474.534,90.848,83.584,14
1214,2014-04-04,2015-05-31,423,419.467,8.52,7.841,18
1214,2015-06-21,2015-06-30,10,0.726,9.386,9.334,22
1214,2016-07-28,2016-09-23,58,24.749,9.115,8.842,24
1219,1996-06-11,1996-06-16,6,1.776,62.183,62.09,6
1219,2006-11-19,2007-01-13,56,170.432,51.401,49.904,36
1219,2011-03-12,2012-03-16,371,3174.321,49.755,40.622,42
1269,1996-03-22,1996-04-29,39,2129.722,4242.574,4200.352,2
1269,1996-05-01,1996-05-29,29,847.968,4284.393,4241.95,4
1269,2006-01-01,2006-02-02,33,2982.835,3762.185,3706.808,14
1269,2006-08-21,2006-10-15,56,3118.932,3614.348,3504.14,22
1269,2011-02-19,2012-02-09,356,104812.79,3645.107,3182.998,24
1295,2006-03-15,2006-03-20,6,8.842,430.184,429.429,4
1295,2006-03-24,2006-07-29,128,1227.293,431.734,424.288,8
1295,2011-06-12,2012-03-12,275,8953.757,381.094,331.699,14
1295,2013-04-12,2013-04-16,5,4.268,440.051,439.787,20
1295,2013-04-19,2013-05-21,33,170.712,439.727,434.976,22
