Dam_ID,metric,sen_slope,mk_tau,mean_value,pct_sen_slope,inde_p,inde_dep,inde_h,inde_trend,ar1_p,ar1_dep,ar1_h,ar1_trend,ltp_p,ltp_dep,ltp_h,ltp_trend
41,total_duration_below_threshold,24.67,0.078,73.1,33.7,0.483611497326453,0,FALSE,0.617,0.550493170695724,0.171,FALSE,0.617,0.747912837657584,0.657,FALSE,0.617
42,total_duration_below_threshold,0,0.006,73.25,0,0.962809390171891,0,FALSE,0,0.981692293416347,0.662,FALSE,0,0.989311571121699,0.845,FALSE,0
55,total_duration_below_threshold,0,-0.005,73.08,0,0.971308960408085,0,FALSE,0,0.979635993662222,0.357,FALSE,0,0.989033323670958,0.719,FALSE,0
57,total_duration_below_threshold,0,-0.155,73.1,0,0.113228985946772,0,FALSE,0,0.304531114617011,0.442,FALSE,0,0.573834641033677,0.71,FALSE,0
60,total_duration_below_threshold,-141.06,-0.442,73.12,-192.9,5.657110201605e-5,0,TRUE,-3.527,0.0459521537193757,0.657,TRUE,-3.527,0.121989420777851,0.726,FALSE,-3.527
63,total_duration_below_threshold,-14.84,-0.174,73.1,-20.3,0.107373392284737,0,FALSE,-0.371,0.278741712938431,0.408,FALSE,-0.371,0.40170647841352,0.6,FALSE,-0.371
72,total_duration_below_threshold,14.42,0.063,73.1,19.7,0.575792627194712,0,FALSE,0.36,0.623776169889426,0.142,FALSE,0.36,0.746556595608732,0.57,FALSE,0.36
80,total_duration_below_threshold,93.33,0.35,73.1,127.7,0.00151604878795999,0,TRUE,2.333,0.0188835563819011,0.316,TRUE,2.333,0.170602893375989,0.681,FALSE,2.333
83,total_duration_below_threshold,107.6,0.378,73.08,147.2,6.0986667633227e-4,0,TRUE,2.69,0.0112988460396485,0.317,TRUE,2.69,0.0165570521294342,0.5,TRUE,2.69
85,total_duration_below_threshold,71.31,0.26,73.33,97.3,0.0185572231979859,0,TRUE,1.783,0.132824881243014,0.456,FALSE,1.783,0.382046934909941,0.741,FALSE,1.783
88,total_duration_below_threshold,32.36,0.121,73.05,44.3,0.27843552049416,0,FALSE,0.809,0.347975061637207,0.155,FALSE,0.809,0.479026706151296,0.525,FALSE,0.809
89,total_duration_below_threshold,90.38,0.529,73.05,123.7,1.09926173738e-6,0,TRUE,2.26,0.00694006740277452,0.575,TRUE,2.26,0.0209372378632886,0.639,TRUE,2.26
90,total_duration_below_threshold,89.56,0.415,73.2,122.4,1.641827407776e-4,0,TRUE,2.239,8.311716410112e-5,-0.047,TRUE,2.239,0.00846355758865387,0.5,TRUE,2.239
91,total_duration_below_threshold,0,0.131,73.05,0,0.211929327980984,0,FALSE,0,0.324413424748641,0.251,FALSE,0,0.577856531409992,0.646,FALSE,0
93,total_duration_below_threshold,92.4,0.345,77.58,119.1,0.00178605246163617,0,TRUE,2.31,0.0809700078257915,0.568,FALSE,2.31,0.246155245656905,0.741,FALSE,2.31
94,total_duration_below_threshold,67.62,0.228,73.08,92.5,0.0391056498575136,0,TRUE,1.69,0.124294961622394,0.31,FALSE,1.69,0.420920034592975,0.722,FALSE,1.69
97,total_duration_below_threshold,46.19,0.219,73.1,63.2,0.0475220567718849,0,TRUE,1.155,0.119150890175145,0.255,FALSE,1.155,0.282908471439128,0.593,FALSE,1.155
99,total_duration_below_threshold,-8.89,-0.036,73.25,-12.1,0.7530497024157,0,FALSE,-0.222,0.756613641575956,0.016,FALSE,-0.222,0.848365129338917,0.551,FALSE,-0.222
100,total_duration_below_threshold,96,0.358,73.33,130.9,0.00119063212805607,0,TRUE,2.4,0.0427671699377724,0.474,TRUE,2.4,0.176692179865765,0.695,FALSE,2.4
107,total_duration_below_threshold,77.5,0.271,74.92,103.4,0.0150562451812254,0,TRUE,1.938,0.0442691379149915,0.202,TRUE,1.938,0.332279807247703,0.71,FALSE,1.938
111,total_duration_below_threshold,0,0.054,73.05,0,0.564538134520425,0,FALSE,0,0.626077170043672,0.179,FALSE,0,0.841182318609321,0.693,FALSE,0
113,total_duration_below_threshold,0,0.063,73.05,0,0.509936147993506,0,FALSE,0,0.553807460830021,0.115,FALSE,0,0.810435228222774,0.684,FALSE,0
114,total_duration_below_threshold,0,0.095,73.05,0,0.356574898165229,0,FALSE,0,0.437032055575223,0.183,FALSE,0,0.696111382600978,0.657,FALSE,0
133,total_duration_below_threshold,-5.16,-0.017,74.08,-7,0.888750675535083,0,FALSE,-0.129,0.924518409877966,0.402,FALSE,-0.129,0.949732027782984,0.664,FALSE,-0.129
182,total_duration_below_threshold,0,0.083,73.05,0,0.433239396348013,0,FALSE,0,0.507775874152426,0.18,FALSE,0,0.770391951513886,0.72,FALSE,0
185,total_duration_below_threshold,0,-0.038,73.05,0,0.65511687208624,0,FALSE,0,0.848167592069029,0.749,FALSE,0,0.912336790984744,0.794,FALSE,0
204,total_duration_below_threshold,-4.85,-0.029,75.35,-6.4,0.797625463044027,0,FALSE,-0.121,0.776536181255205,-0.109,FALSE,-0.121,0.857680811271671,0.5,FALSE,-0.121
292,total_duration_below_threshold,-37.17,-0.195,73.05,-50.9,0.0717526939450909,0,FALSE,-0.929,0.207028168391181,0.369,FALSE,-0.929,0.447727439969683,0.682,FALSE,-0.929
293,total_duration_below_threshold,-7.53,-0.185,73.05,-10.3,0.0823371359603431,0,FALSE,-0.188,0.205906050285979,0.332,FALSE,-0.188,0.414729344770275,0.632,FALSE,-0.188
297,total_duration_below_threshold,-87.14,-0.309,73.05,-119.3,0.00488600658717529,0,TRUE,-2.179,0.113107498104054,0.562,FALSE,-2.179,0.367882898216095,0.799,FALSE,-2.179
299,total_duration_below_threshold,-19.14,-0.268,73.05,-26.2,0.0126190073491761,0,TRUE,-0.479,0.157526209839919,0.557,FALSE,-0.479,0.305844286717685,0.69,FALSE,-0.479
300,total_duration_below_threshold,-7.34,-0.31,73.08,-10,0.00204466048021651,0,TRUE,-0.184,0.0186764506987853,0.286,TRUE,-0.184,0.262784615285908,0.713,FALSE,-0.184
307,total_duration_below_threshold,0,0.062,73.05,0,0.484306853610982,0,FALSE,0,0.741074037287041,0.689,FALSE,0,0.856314872768976,0.788,FALSE,0
319,total_duration_below_threshold,143.33,0.518,73.1,196.1,2.29421570251e-6,0,TRUE,3.583,3.9626247991379e-4,0.303,TRUE,3.583,0.00101954607457973,0.5,TRUE,3.583
338,total_duration_below_threshold,26.67,0.104,73.12,36.5,0.349839748833134,0,FALSE,0.667,0.450061819987378,0.227,FALSE,0.667,0.668075792948843,0.657,FALSE,0.667
350,total_duration_below_threshold,0,0.069,73.08,0,0.529236761940116,0,FALSE,0,0.525169363936105,-0.011,FALSE,0,0.737449144373012,0.593,FALSE,0
355,total_duration_below_threshold,0,-0.092,73.05,0,0.363631896557142,0,FALSE,0,0.568098723783041,0.47,FALSE,0,0.719248411694897,0.679,FALSE,0
361,total_duration_below_threshold,47.64,0.441,73.42,64.9,3.919309073285e-5,0,TRUE,1.191,0.00289132538916293,0.337,TRUE,1.191,0.179710346357317,0.782,FALSE,1.191
362,total_duration_below_threshold,0,0.018,73.05,0,0.855056728497879,0,FALSE,0,0.923854458494377,0.618,FALSE,0,0.957641999083245,0.765,FALSE,0
367,total_duration_below_threshold,0,0.141,73.05,0,0.150211567665049,0,FALSE,0,0.274865873335082,0.291,FALSE,0,0.527708656223179,0.626,FALSE,0
370,total_duration_below_threshold,-5.63,-0.064,73.1,-7.7,0.56552306002642,0,FALSE,-0.141,0.580622469936972,0.043,FALSE,-0.141,0.689591754625328,0.5,FALSE,-0.141
372,total_duration_below_threshold,15.52,0.186,73.12,21.2,0.0897231526713591,0,FALSE,0.388,0.144564787924665,0.162,FALSE,0.388,0.350014210712852,0.583,FALSE,0.388
373,total_duration_below_threshold,-24.53,-0.44,73.05,-33.6,8.92060714412e-6,0,TRUE,-0.613,0.0378714111786859,0.696,TRUE,-0.613,0.162809400201005,0.765,FALSE,-0.613
374,total_duration_below_threshold,0,0.032,73.3,0,0.778368748114836,0,FALSE,0,0.810831760653757,0.174,FALSE,0,0.870110345878935,0.565,FALSE,0
375,total_duration_below_threshold,12.98,0.2,73.1,17.8,0.0631297849294836,0,FALSE,0.325,0.0799178612982236,0.064,FALSE,0.325,0.259695311058514,0.541,FALSE,0.325
377,total_duration_below_threshold,-26.38,-0.232,73.05,-36.1,0.0287696108294362,0,TRUE,-0.659,0.100489788708845,0.301,FALSE,-0.659,0.297894360442332,0.627,FALSE,-0.659
378,total_duration_below_threshold,0,-0.085,73.1,0,0.42184502211764,0,FALSE,0,0.645789222559747,0.549,FALSE,0,0.773452328154055,0.732,FALSE,0
382,total_duration_below_threshold,0,0.099,73.05,0,0.323799434140525,0,FALSE,0,0.469728379379639,0.326,FALSE,0,0.733171011433726,0.727,FALSE,0
383,total_duration_below_threshold,0,0.06,73.05,0,0.556172817585296,0,FALSE,0,0.667017501998664,0.328,FALSE,0,0.83927978201288,0.734,FALSE,0
384,total_duration_below_threshold,0,-0.242,73.05,0,0.0146407041516949,0,TRUE,0,0.162849758526196,0.55,FALSE,0,0.440978286899886,0.763,FALSE,0
385,total_duration_below_threshold,-125.38,-0.509,79.47,-157.8,9.8875129125e-7,0,TRUE,-3.135,0.128323481115328,0.901,FALSE,-3.135,0.243902707779835,0.897,FALSE,-3.135
386,total_duration_below_threshold,0,0.099,73.08,0,0.31581171673176,0,FALSE,0,0.437502787637692,0.271,FALSE,0,0.664480991608679,0.632,FALSE,0
387,total_duration_below_threshold,-68.83,-0.258,73.05,-94.2,0.0193322611490294,0,TRUE,-1.721,0.119881264823473,0.419,FALSE,-1.721,0.328281572374475,0.693,FALSE,-1.721
388,total_duration_below_threshold,0,0.15,73.05,0,0.137773545034909,0,FALSE,0,0.268565510863256,0.309,FALSE,0,0.528734625429791,0.651,FALSE,0
389,total_duration_below_threshold,0,-0.047,73.05,0,0.645090554899038,0,FALSE,0,0.778540127491976,0.495,FALSE,0,0.879069051488402,0.751,FALSE,0
390,total_duration_below_threshold,-3.37,-0.201,73.08,-4.6,0.0560741765000297,0,FALSE,-0.084,0.206315272193238,0.424,FALSE,-0.084,0.25974648796882,0.544,FALSE,-0.084
391,total_duration_below_threshold,-120,-0.401,73.12,-164.1,2.6010382097733e-4,0,TRUE,-3,0.00132192013724201,0.138,TRUE,-3,0.010980249158345,0.5,TRUE,-3
392,total_duration_below_threshold,0,-0.009,73.05,0,0.943782410917979,0,FALSE,0,0.945993246675767,0.043,FALSE,0,0.960992637973348,0.5,FALSE,0
393,total_duration_below_threshold,0,0.064,73.05,0,0.548482917698211,0,FALSE,0,0.727168037209199,0.536,FALSE,0,0.804571789393056,0.68,FALSE,0
394,total_duration_below_threshold,0,-0.144,73.05,0,0.149529918404499,0,FALSE,0,0.281985211234218,0.308,FALSE,0,0.575281374765481,0.68,FALSE,0
396,total_duration_below_threshold,0,0.088,73.05,0,0.412062230032103,0,FALSE,0,0.478920624333775,0.158,FALSE,0,0.620955742626578,0.541,FALSE,0
398,total_duration_below_threshold,0,-0.114,73.08,0,0.281242185344215,0,FALSE,0,0.353068873488542,0.16,FALSE,0,0.482836013968768,0.508,FALSE,0
399,total_duration_below_threshold,-46.76,-0.167,73.12,-63.9,0.132597722816021,0,FALSE,-1.169,0.23832439166516,0.258,FALSE,-1.169,0.4989929958242,0.665,FALSE,-1.169
411,total_duration_below_threshold,0,0.106,73.08,0,0.315347329860539,0,FALSE,0,0.43239071416134,0.261,FALSE,0,0.651467860170979,0.646,FALSE,0
413,total_duration_below_threshold,48.35,0.219,73.72,65.6,0.0475823808672841,0,TRUE,1.209,0.201877692423841,0.448,FALSE,1.209,0.470443115548234,0.749,FALSE,1.209
415,total_duration_below_threshold,-180.43,-0.706,73.53,-245.4,1.4011584e-10,0,TRUE,-4.511,0.00256037707409517,0.692,TRUE,-4.511,0.00443950361888246,0.67,TRUE,-4.511
416,total_duration_below_threshold,0,-0.018,73.08,0,0.855018978266448,0,FALSE,0,0.938254357968427,0.756,FALSE,0,0.9598101764571,0.786,FALSE,0
421,total_duration_below_threshold,0,-0.044,73.05,0,0.680318787152504,0,FALSE,0,0.778889832664587,0.396,FALSE,0,0.901569600581188,0.8,FALSE,0
423,total_duration_below_threshold,-67.37,-0.294,73.08,-92.2,0.00626344962442157,0,TRUE,-1.684,0.197373418288868,0.69,FALSE,-1.684,0.367864884838885,0.778,FALSE,-1.684
430,total_duration_below_threshold,0,0.045,73.17,0,0.623737401975702,0,FALSE,0,0.753575513273879,0.454,FALSE,0,0.833715768475472,0.602,FALSE,0
438,total_duration_below_threshold,0,-0.179,67.34,0,0.0957280707823423,0,FALSE,0,0.0649351524264667,-0.11,FALSE,0,0.362576482037812,0.565,FALSE,0
449,total_duration_below_threshold,0.83,0.101,73.2,1.1,0.35450557918412,0,FALSE,0.021,0.479607748165744,0.285,FALSE,0.021,0.735549695253475,0.741,FALSE,0.021
451,total_duration_below_threshold,0,-0.172,73.1,0,0.0887975639311648,0,FALSE,0,0.265891621677737,0.434,FALSE,0,0.528809277536187,0.705,FALSE,0
456,total_duration_below_threshold,0,-0.037,73.05,0,0.742062428486213,0,FALSE,0,0.757323544700351,0.068,FALSE,0,0.819465894089197,0.5,FALSE,0
473,total_duration_below_threshold,0,0.144,73.05,0,0.142940270157353,0,FALSE,0,0.289917444076681,0.34,FALSE,0,0.674234291221762,0.795,FALSE,0
477,total_duration_below_threshold,0,-0.04,73.08,0,0.71553082616802,0,FALSE,0,0.799428489031987,0.374,FALSE,0,0.870795917861327,0.652,FALSE,0
479,total_duration_below_threshold,0,0.145,73.05,0,0.132121585925214,0,FALSE,0,0.416510889755066,0.595,FALSE,0,0.646083754619906,0.763,FALSE,0
481,total_duration_below_threshold,34.35,0.186,73.05,47,0.0859633614772886,0,FALSE,0.859,0.265954738449992,0.443,FALSE,0.859,0.453344355039833,0.668,FALSE,0.859
488,total_duration_below_threshold,0,-0.115,73.15,0,0.28847123074019,0,FALSE,0,0.423204699463285,0.297,FALSE,0,0.558235961721235,0.578,FALSE,0
491,total_duration_below_threshold,-60,-0.223,73.17,-82,0.0438101565171171,0,TRUE,-1.5,0.0716589691126847,0.121,FALSE,-1.5,0.331875877733708,0.639,FALSE,-1.5
492,total_duration_below_threshold,0,-0.085,73.05,0,0.361057730578099,0,FALSE,0,0.556255702611154,0.448,FALSE,0,0.757874907679486,0.705,FALSE,0
497,total_duration_below_threshold,-60.91,-0.301,73.08,-83.4,0.0038300660777396,0,TRUE,-1.523,0.0617612959816633,0.445,FALSE,-1.523,0.255335133658995,0.695,FALSE,-1.523
500,total_duration_below_threshold,-53.59,-0.246,73.05,-73.4,0.0247722037003432,0,TRUE,-1.34,0.0757840458131326,0.249,FALSE,-1.34,0.260789099401485,0.62,FALSE,-1.34
502,total_duration_below_threshold,-1.67,-0.053,73.1,-2.3,0.639015470005607,0,FALSE,-0.042,0.645692018461233,0.022,FALSE,-0.042,0.772379719045766,0.543,FALSE,-0.042
505,total_duration_below_threshold,-11.26,-0.049,73.05,-15.4,0.666276465180645,0,FALSE,-0.282,0.786498126373068,0.47,FALSE,-0.282,0.873652231291764,0.744,FALSE,-0.282
509,total_duration_below_threshold,0,0.021,73.05,0,0.854261220153242,0,FALSE,0,0.891991638252695,0.317,FALSE,0,0.938106065681305,0.67,FALSE,0
511,total_duration_below_threshold,-30.38,-0.132,73.1,-41.6,0.233984672701572,0,FALSE,-0.76,0.290077078177088,0.127,FALSE,-0.76,0.427726016412436,0.517,FALSE,-0.76
517,total_duration_below_threshold,24.63,0.126,73.12,33.7,0.254245189313923,0,FALSE,0.616,0.347105001432282,0.206,FALSE,0.616,0.435220474881154,0.505,FALSE,0.616
519,total_duration_below_threshold,36.99,0.255,73.05,50.6,0.0161595473765334,0,TRUE,0.925,0.137355707435866,0.485,FALSE,0.925,0.360260048710266,0.715,FALSE,0.925
522,total_duration_below_threshold,0,-0.118,73.08,0,0.275278148606901,0,FALSE,0,0.352796628183725,0.172,FALSE,0,0.669402178959951,0.709,FALSE,0
529,total_duration_below_threshold,0,0.021,73.05,0,0.836829815091204,0,FALSE,0,0.909293332866624,0.576,FALSE,0,0.948029483243204,0.74,FALSE,0
536,total_duration_below_threshold,-9.62,-0.178,73.12,-13.2,0.0936568060847158,0,FALSE,-0.24,0.211312525186546,0.309,FALSE,-0.24,0.597893008361203,0.792,FALSE,-0.24
541,total_duration_below_threshold,0,-0.123,73.05,0,0.235639364368167,0,FALSE,0,0.360817798264551,0.276,FALSE,0,0.63336477569239,0.682,FALSE,0
542,total_duration_below_threshold,140,0.606,73.12,191.5,3.751829126e-8,0,TRUE,3.5,3.7663453147058e-4,0.445,TRUE,3.5,1.1939123427336e-4,0.5,TRUE,3.5
572,total_duration_below_threshold,0,0.127,73.2,0,0.215815109723338,0,FALSE,0,0.327451475566067,0.249,FALSE,0,0.583937924025626,0.64,FALSE,0
574,total_duration_below_threshold,0,0.217,73.05,0,0.0359551388567593,0,TRUE,0,0.0707910387663678,0.16,FALSE,0,0.460954071248087,0.736,FALSE,0
575,total_duration_below_threshold,0,0.042,73.05,0,0.704016735031122,0,FALSE,0,0.714828680085498,0.042,FALSE,0,0.794215704144817,0.5,FALSE,0
597,total_duration_below_threshold,0,0.314,73.05,0,4.3074655399918e-4,0,TRUE,0,0.069882476811674,0.63,FALSE,0,0.365737390031702,0.804,FALSE,0
601,total_duration_below_threshold,0,0.138,73.05,0,0.132705775539195,0,FALSE,0,0.343082356479548,0.467,FALSE,0,0.664573908176724,0.768,FALSE,0
603,total_duration_below_threshold,0,0.373,73.08,0,2.847226533103e-5,0,TRUE,0,0.0398151143431889,0.663,TRUE,0,0.314855346987554,0.831,FALSE,0
604,total_duration_below_threshold,20.94,0.338,73.05,28.7,6.3847463064485e-4,0,TRUE,0.523,0.0440677018068374,0.524,TRUE,0.523,0.370971760491886,0.839,FALSE,0.523
606,total_duration_below_threshold,0,0.086,73.1,0,0.383608620678365,0,FALSE,0,0.615607100149978,0.543,FALSE,0,0.803479315327629,0.797,FALSE,0
610,total_duration_below_threshold,0,0.397,73.05,0,1.94271451438e-6,0,TRUE,0,0.0395717375406004,0.744,TRUE,0,0.303330359587342,0.847,FALSE,0
613,total_duration_below_threshold,0,0.058,73.22,0,0.567839738048262,0,FALSE,0,0.793651609770582,0.709,FALSE,0,0.870671307524726,0.805,FALSE,0
616,total_duration_below_threshold,-137.75,-0.505,73.08,-188.5,4.62913065901e-6,0,TRUE,-3.444,0.0232937750022868,0.658,TRUE,-3.444,0.0832441949949806,0.734,FALSE,-3.444
629,total_duration_below_threshold,-74.29,-0.378,73.35,-101.3,6.1126244517291e-4,0,TRUE,-1.857,0.00829921583813054,0.276,TRUE,-1.857,0.0165544547207005,0.5,TRUE,-1.857
657,total_duration_below_threshold,0,0.387,73.08,0,2.341906718517e-5,0,TRUE,0,0.0118465188827597,0.517,TRUE,0,0.244556910332963,0.787,FALSE,0
664,total_duration_below_threshold,145.73,0.388,73.15,199.2,2.9416903819517e-4,0,TRUE,3.643,0.022461579779073,0.467,TRUE,3.643,0.0887732316206595,0.637,FALSE,3.643
753,total_duration_below_threshold,0,0.01,73.05,0,0.919488207138499,0,FALSE,0,0.962536535862214,0.7,FALSE,0,0.977953595473051,0.778,FALSE,0
767,total_duration_below_threshold,-96.93,-0.344,74.12,-130.8,0.00177719649174495,0,TRUE,-2.423,0.0207289490777537,0.316,TRUE,-2.423,0.165371737891335,0.669,FALSE,-2.423
768,total_duration_below_threshold,-1.48,-0.013,73.65,-2,0.916453540187032,0,FALSE,-0.037,0.94119603266933,0.366,FALSE,-0.037,0.96483494639239,0.692,FALSE,-0.037
777,total_duration_below_threshold,-13.33,-0.138,76.95,-17.3,0.205788323460885,0,FALSE,-0.333,0.319872506243001,0.255,FALSE,-0.333,0.383109415821218,0.5,FALSE,-0.333
780,total_duration_below_threshold,0,0.053,73.2,0,0.636075255665331,0,FALSE,0,0.837772635875615,0.744,FALSE,0,0.866016217292837,0.752,FALSE,0
784,total_duration_below_threshold,0,-0.042,73.17,0,0.677816682850452,0,FALSE,0,0.7896991199465,0.451,FALSE,0,0.864300619734627,0.658,FALSE,0
789,total_duration_below_threshold,-45.8,-0.179,75.97,-60.3,0.105230771165387,0,FALSE,-1.145,0.229584512388446,0.314,FALSE,-1.145,0.403525588902389,0.612,FALSE,-1.145
792,total_duration_below_threshold,-65.23,-0.274,75.62,-86.3,0.0130356428960567,0,TRUE,-1.631,0.107643572486886,0.442,FALSE,-1.631,0.314378246569717,0.706,FALSE,-1.631
798,total_duration_below_threshold,0,-0.019,73.08,0,0.853400087970973,0,FALSE,0,0.916556345592409,0.556,FALSE,0,0.944105780144121,0.683,FALSE,0
806,total_duration_below_threshold,-40,-0.154,75.97,-52.6,0.165430149936327,0,FALSE,-1,0.200338070942432,0.086,FALSE,-1,0.332047514633621,0.5,FALSE,-1
827,total_duration_below_threshold,0,0.281,73.08,0,0.00464475057469599,0,TRUE,0,0.0552654250395052,0.402,FALSE,0,0.344492321042322,0.741,FALSE,0
837,total_duration_below_threshold,0,0.215,73.25,0,0.0247398665562699,0,TRUE,0,0.162344201204844,0.478,FALSE,0,0.438481224803808,0.714,FALSE,0
858,total_duration_below_threshold,-34.58,-0.162,74.12,-46.6,0.14492349952548,0,FALSE,-0.864,0.281718916300109,0.318,FALSE,-0.864,0.458792058574162,0.618,FALSE,-0.864
861,total_duration_below_threshold,-147.18,-0.567,74.05,-198.8,2.7410641149e-7,0,TRUE,-3.679,1.5906310981244e-4,0.323,TRUE,-3.679,3.2457850563595e-4,0.5,TRUE,-3.679
870,total_duration_below_threshold,0,0.004,73.05,0,0.976958254621011,0,FALSE,0,0.990639468607253,0.779,FALSE,0,0.994267270863123,0.817,FALSE,0
872,total_duration_below_threshold,0,-0.264,73.08,0,0.00396002545250205,0,TRUE,0,0.139576838937665,0.633,FALSE,0,0.367073215217583,0.735,FALSE,0
882,total_duration_below_threshold,0,-0.117,73.05,0,0.205656778638895,0,FALSE,0,0.507279759740192,0.617,FALSE,0,0.699960028936522,0.746,FALSE,0
884,total_duration_below_threshold,148.93,0.462,74.35,200.3,2.028351701005e-5,0,TRUE,3.723,0.17748542504185,0.894,FALSE,3.723,0.249688888950933,0.863,FALSE,3.723
885,total_duration_below_threshold,0,-0.145,73.2,0,0.170184446479125,0,FALSE,0,0.484220354203169,0.637,FALSE,0,0.638156215547039,0.754,FALSE,0
893,total_duration_below_threshold,0,-0.035,73.05,0,0.714650579911488,0,FALSE,0,0.857524413311639,0.663,FALSE,0,0.917699857430288,0.776,FALSE,0
895,total_duration_below_threshold,130.64,0.644,75,174.2,5.11098754e-9,0,TRUE,3.266,0.0523240581757489,0.875,FALSE,3.266,0.156832294421245,0.913,FALSE,3.266
898,total_duration_below_threshold,0,-0.017,73.05,0,0.887170675227208,0,FALSE,0,0.907580571098108,0.214,FALSE,0,0.948651594346402,0.656,FALSE,0
913,total_duration_below_threshold,0,0.172,73.15,0,0.04051116539119,0,TRUE,0,0.426257419553356,0.803,FALSE,0,0.604545315919482,0.784,FALSE,0
919,total_duration_below_threshold,0,0.038,73.25,0,0.710393808824728,0,FALSE,0,0.875118401710704,0.757,FALSE,0,0.917719579609403,0.82,FALSE,0
920,total_duration_below_threshold,-120,-0.462,79.67,-150.6,2.873213641684e-5,0,TRUE,-3,0.0591197562502013,0.719,FALSE,-3,0.221498958806721,0.838,FALSE,-3
924,total_duration_below_threshold,-31.44,-0.397,73.05,-43,1.5404165574126e-4,0,TRUE,-0.786,0.00361488322769032,0.278,TRUE,-0.786,0.011779466558683,0.5,TRUE,-0.786
929,total_duration_below_threshold,60,0.223,78.1,76.8,0.0437815300076686,0,TRUE,1.5,0.221021109057749,0.5,FALSE,1.5,0.462067760056005,0.749,FALSE,1.5
931,total_duration_below_threshold,0,0.101,67.63,0,0.355225881287279,0,FALSE,0,0.705801848010984,0.777,FALSE,0,0.735764787230732,0.727,FALSE,0
936,total_duration_below_threshold,0,0.314,72.67,0,0.00159176010985116,0,TRUE,0,0.204615991311617,0.785,FALSE,0,0.444469888614725,0.868,FALSE,0
938,total_duration_below_threshold,0,0.043,72.64,0,0.696972001405279,0,FALSE,0,0.791338333002519,0.399,FALSE,0,0.862021406483075,0.652,FALSE,0
939,total_duration_below_threshold,1.74,0.432,72.67,2.4,6.31503326104e-6,0,TRUE,0.043,0.083065820205854,0.809,FALSE,0.043,0.21053783684132,0.796,FALSE,0.043
948,total_duration_below_threshold,0,0.146,73.05,0,0.0926623760476234,0,FALSE,0,0.414062379797515,0.671,FALSE,0,0.625379937590302,0.742,FALSE,0
953,total_duration_below_threshold,0,-0.383,73.08,0,4.54822869632e-6,0,TRUE,0,0.0489501398339672,0.748,TRUE,0,0.256953338764617,0.793,FALSE,0
957,total_duration_below_threshold,0,0.055,73.42,0,0.618093874807765,0,FALSE,0,0.707858221438294,0.301,FALSE,0,0.854685231186217,0.738,FALSE,0
958,total_duration_below_threshold,0,0.398,72.59,0,3.11415704134e-6,0,TRUE,0,0.143531738481042,0.898,FALSE,0,0.227166477686343,0.777,FALSE,0
965,total_duration_below_threshold,102.07,0.473,73.05,139.7,1.023138233345e-5,0,TRUE,2.552,0.0019988482402276,0.37,TRUE,2.552,0.0221330118003066,0.599,TRUE,2.552
967,total_duration_below_threshold,60.48,0.342,73.17,82.6,0.0018452152332377,0,TRUE,1.512,0.00984394102503189,0.201,TRUE,1.512,0.030145662779052,0.5,TRUE,1.512
968,total_duration_below_threshold,0,0.026,73.05,0,0.820753348893162,0,FALSE,0,0.84919552843397,0.188,FALSE,0,0.899772641463951,0.575,FALSE,0
972,total_duration_below_threshold,0,0.255,73.08,0,0.00896609207614292,0,TRUE,0,0.208846835393315,0.678,FALSE,0,0.455379517287061,0.797,FALSE,0
975,total_duration_below_threshold,0,0.175,67.34,0,0.107263311196954,0,FALSE,0,0.267697809541518,0.387,FALSE,0,0.492412087134201,0.665,FALSE,0
980,total_duration_below_threshold,20,0.167,73.08,27.4,0.123967281852,0,FALSE,0.5,0.438000358746833,0.645,FALSE,0.5,0.638098827485032,0.811,FALSE,0.5
981,total_duration_below_threshold,0,0.029,73.12,0,0.793979038118786,0,FALSE,0,0.827757694251361,0.195,FALSE,0,0.881924797104978,0.569,FALSE,0
982,total_duration_below_threshold,0,-0.091,73.1,0,0.406017284165691,0,FALSE,0,0.538489126417871,0.316,FALSE,0,0.748128571245566,0.718,FALSE,0
987,total_duration_below_threshold,0,-0.128,73.05,0,0.164082681967185,0,FALSE,0,0.524937309339743,0.711,FALSE,0,0.713746350100545,0.804,FALSE,0
989,total_duration_below_threshold,46.67,0.166,67.5,69.1,0.144619567356021,0,FALSE,1.167,0.197508571579266,0.133,FALSE,1.167,0.351295059910382,0.528,FALSE,1.167
1000,total_duration_below_threshold,-9.19,-0.051,73.15,-12.6,0.649370212283383,0,FALSE,-0.23,0.609324132263315,-0.126,FALSE,-0.23,0.750553568966105,0.5,FALSE,-0.23
1006,total_duration_below_threshold,-22,-0.122,73.05,-30.1,0.267936853186467,0,FALSE,-0.55,0.277197993861757,0.021,FALSE,-0.55,0.443558055112599,0.5,FALSE,-0.55
1017,total_duration_below_threshold,-107.48,-0.545,74.33,-144.6,7.7705029291e-7,0,TRUE,-2.687,0.00656326099987972,0.58,TRUE,-2.687,0.0804811675642814,0.761,FALSE,-2.687
1019,total_duration_below_threshold,-9.78,-0.027,83.53,-11.7,0.815708483896301,0,FALSE,-0.244,0.901447976265064,0.607,FALSE,-0.244,0.93334712991967,0.755,FALSE,-0.244
1026,total_duration_below_threshold,-35.78,-0.258,73.05,-49,0.0187453572735917,0,TRUE,-0.894,0.0416316904663767,0.154,TRUE,-0.894,0.103041974510716,0.5,FALSE,-0.894
1033,total_duration_below_threshold,-2.39,-0.082,74.2,-3.2,0.457765751630088,0,FALSE,-0.06,0.525634572599103,0.168,FALSE,-0.06,0.774084922097348,0.721,FALSE,-0.06
1036,total_duration_below_threshold,-63.2,-0.296,73.2,-86.3,0.00633007762236015,0,TRUE,-1.58,0.0370863350490898,0.285,TRUE,-1.58,0.231333278720436,0.668,FALSE,-1.58
1042,total_duration_below_threshold,-4.44,-0.154,73.22,-6.1,0.157694749680452,0,FALSE,-0.111,0.293917822961647,0.312,FALSE,-0.111,0.602627502700094,0.737,FALSE,-0.111
1055,total_duration_below_threshold,0,0.329,72.59,0,1.177126559231e-4,0,TRUE,0,0.22094403022696,0.893,FALSE,0,0.366109907804078,0.818,FALSE,0
1067,total_duration_below_threshold,-75.68,-0.251,73.2,-103.4,0.0215441599444365,0,TRUE,-1.892,0.0604935116808681,0.216,FALSE,-1.892,0.235716754224919,0.608,FALSE,-1.892
1084,total_duration_below_threshold,-107.33,-0.383,74.65,-143.8,5.0861255897369e-4,0,TRUE,-2.683,0.00145344908275524,0.095,TRUE,-2.683,0.0151396454537354,0.5,TRUE,-2.683
1086,total_duration_below_threshold,0,-0.091,73.05,0,0.370467655889307,0,FALSE,0,0.599153067874578,0.528,FALSE,0,0.753431897936753,0.727,FALSE,0
1092,total_duration_below_threshold,-73.44,-0.313,73.97,-99.3,0.0046002852227552,0,TRUE,-1.836,0.00413670546326915,-0.013,TRUE,-1.836,0.0476203521747124,0.5,TRUE,-1.836
1101,total_duration_below_threshold,-25.94,-0.118,75.38,-34.4,0.288749726035184,0,FALSE,-0.649,0.377775737389119,0.197,FALSE,-0.649,0.503050566252532,0.537,FALSE,-0.649
1109,total_duration_below_threshold,0,-0.003,73.12,0,0.990485404331753,0,FALSE,0,0.99524608897606,0.651,FALSE,0,0.997145352046869,0.818,FALSE,0
1112,total_duration_below_threshold,59.74,0.197,73.42,81.4,0.073323577102435,0,FALSE,1.494,0.169305037595434,0.28,FALSE,1.494,0.393842953257203,0.641,FALSE,1.494
1121,total_duration_below_threshold,50.93,0.255,73.97,68.8,0.0209699810980726,0,TRUE,1.273,0.0601372918645351,0.219,FALSE,1.273,0.106544805772766,0.5,FALSE,1.273
1122,total_duration_below_threshold,-53.91,-0.24,73.58,-73.3,0.0301717572283048,0,TRUE,-1.348,0.0588472533679084,0.148,FALSE,-1.348,0.129499094886409,0.5,FALSE,-1.348
1125,total_duration_below_threshold,50.93,0.255,73.97,68.8,0.0209699810980726,0,TRUE,1.273,0.0601372918645351,0.219,FALSE,1.273,0.106544805772766,0.5,FALSE,1.273
1139,total_duration_below_threshold,0,0.121,73.17,0,0.191165400079865,0,FALSE,0,0.438526797352527,0.52,FALSE,0,0.675394211218987,0.726,FALSE,0
1161,total_duration_below_threshold,0,0.154,73.05,0,0.116148227738404,0,FALSE,0,0.396963872248702,0.596,FALSE,0,0.57642310625955,0.709,FALSE,0
1163,total_duration_below_threshold,0,0.154,67.32,0,0.118503085604493,0,FALSE,0,0.383027184779564,0.568,FALSE,0,0.523423866804159,0.642,FALSE,0
1164,total_duration_below_threshold,0,-0.187,73.05,0,0.055622777445101,0,FALSE,0,0.0960312895881265,0.15,FALSE,0,0.397919824726419,0.624,FALSE,0
1170,total_duration_below_threshold,0,0.141,73.12,0,0.168582770764578,0,FALSE,0,0.395314926288923,0.485,FALSE,0,0.618494469920549,0.72,FALSE,0
1171,total_duration_below_threshold,0,0.094,73.1,0,0.341844117043862,0,FALSE,0,0.441287426530767,0.224,FALSE,0,0.67576271675729,0.625,FALSE,0
1176,total_duration_below_threshold,0,0.067,73.05,0,0.519371341520858,0,FALSE,0,0.69953046378432,0.511,FALSE,0,0.802602743827656,0.692,FALSE,0
1179,total_duration_below_threshold,0,0.26,73.15,0,0.00355329477617693,0,TRUE,0,0.210056053315945,0.748,FALSE,0,0.354953116103719,0.719,FALSE,0
1181,total_duration_below_threshold,62.27,0.397,73.08,85.2,7.665921924389e-5,0,TRUE,1.557,0.0217894465036279,0.538,TRUE,1.557,0.177144978356461,0.738,FALSE,1.557
1186,total_duration_below_threshold,53.67,0.412,73.22,73.3,1.3577108968797e-4,0,TRUE,1.342,0.0207820805372694,0.501,TRUE,1.342,0.0374984298222387,0.583,TRUE,1.342
1188,total_duration_below_threshold,-112.96,-0.367,73.4,-153.9,7.8337882942255e-4,0,TRUE,-2.824,0.00289449414064965,0.129,TRUE,-2.824,0.0246862309576226,0.512,TRUE,-2.824
1190,total_duration_below_threshold,-30.85,-0.155,73.17,-42.2,0.161077348376854,0,FALSE,-0.771,0.384926444740448,0.482,FALSE,-0.771,0.594352632640145,0.731,FALSE,-0.771
1192,total_duration_below_threshold,-4.72,-0.076,74.58,-6.3,0.49634400208721,0,FALSE,-0.118,0.645851616336489,0.404,FALSE,-0.118,0.803182030766294,0.744,FALSE,-0.118
1194,total_duration_below_threshold,41.11,0.301,73.1,56.2,0.00348432499419763,0,TRUE,1.028,0.0373171717978148,0.353,TRUE,1.028,0.130051187072853,0.584,FALSE,1.028
1208,total_duration_below_threshold,52.18,0.372,73.47,71,4.8956659718047e-4,0,TRUE,1.305,0.100861613843907,0.692,FALSE,1.305,0.362322783745956,0.869,FALSE,1.305
1214,total_duration_below_threshold,0,0.329,73.12,0,3.2005489790305e-4,0,TRUE,0,0.184220336741733,0.828,FALSE,0,0.401778955196516,0.854,FALSE,0
1219,total_duration_below_threshold,0,0.128,73.3,0,0.211203442160154,0,FALSE,0,0.468018338463366,0.537,FALSE,0,0.646405401002246,0.714,FALSE,0
1220,total_duration_below_threshold,42.97,0.353,73.47,58.5,0.00118954876343315,0,TRUE,1.074,0.0308716197520645,0.417,TRUE,1.074,0.131471931491778,0.646,FALSE,1.074
1236,total_duration_below_threshold,0,0.206,73.05,0,0.0377811206363111,0,TRUE,0,0.0861998969814863,0.204,FALSE,0,0.437162782662633,0.695,FALSE,0
1237,total_duration_below_threshold,51.93,0.254,73.15,71,0.0181859965268535,0,TRUE,1.298,0.0464447648613049,0.183,TRUE,1.298,0.108323912097941,0.5,FALSE,1.298
1243,total_duration_below_threshold,0,0.301,73.05,0,4.9681689104717e-4,0,TRUE,0,0.195072741183918,0.824,FALSE,0,0.397073628516697,0.814,FALSE,0
1247,total_duration_below_threshold,12.92,0.238,73.05,17.7,0.0222279751866753,0,TRUE,0.323,0.102871140320439,0.352,FALSE,0.323,0.489139098006289,0.8,FALSE,0.323
1249,total_duration_below_threshold,0,-0.054,73.1,0,0.573578506301978,0,FALSE,0,0.76510004219547,0.607,FALSE,0,0.856804481848401,0.735,FALSE,0
1254,total_duration_below_threshold,-67.54,-0.409,73.3,-92.1,9.868086126749e-5,0,TRUE,-1.689,0.00838828877987917,0.402,TRUE,-1.689,0.169838164689589,0.742,FALSE,-1.689
1258,total_duration_below_threshold,0,0.286,73.1,0,9.6105714527664e-4,0,TRUE,0,0.176420458319541,0.775,FALSE,0,0.4132181308117,0.806,FALSE,0
1263,total_duration_below_threshold,0,0.251,73.05,0,0.00614290248744193,0,TRUE,0,0.223528550652264,0.728,FALSE,0,0.446043266000247,0.783,FALSE,0
1269,total_duration_below_threshold,0,-0.028,73.25,0,0.803889549695995,0,FALSE,0,0.840191219220918,0.222,FALSE,0,0.864082838665694,0.5,FALSE,0
1273,total_duration_below_threshold,0,0.201,73.1,0,0.0488075808947652,0,TRUE,0,0.101633056685772,0.198,FALSE,0,0.290621233340922,0.567,FALSE,0
1275,total_duration_below_threshold,0,-0.033,73.15,0,0.757372891515093,0,FALSE,0,0.797482037028007,0.198,FALSE,0,0.890930015597871,0.648,FALSE,0
1277,total_duration_below_threshold,0,0.146,73.12,0,0.148213964263586,0,FALSE,0,0.277078750392855,0.301,FALSE,0,0.550066849854042,0.662,FALSE,0
1279,total_duration_below_threshold,71.75,0.367,73.35,97.8,7.5165630421456e-4,0,TRUE,1.794,0.161564363789602,0.767,FALSE,1.794,0.285542359789231,0.8,FALSE,1.794
1280,total_duration_below_threshold,0,0.276,73.12,0,0.00328627178192859,0,TRUE,0,0.0579441529299163,0.446,FALSE,0,0.419191007266042,0.797,FALSE,0
1283,total_duration_below_threshold,99.33,0.222,75.55,131.5,0.04497045189856,0,TRUE,2.483,0.242394616569411,0.534,FALSE,2.483,0.569865087667881,0.85,FALSE,2.483
1287,total_duration_below_threshold,42.67,0.229,73.7,57.9,0.0371992723520292,0,TRUE,1.067,0.0661026882156572,0.135,FALSE,1.067,0.467709423342259,0.765,FALSE,1.067
1291,total_duration_below_threshold,91.22,0.4,75.58,120.7,2.8957042601071e-4,0,TRUE,2.28,0.012920517808012,0.39,TRUE,2.28,0.0590243511941856,0.608,FALSE,2.28
1292,total_duration_below_threshold,180.48,0.603,75.7,238.4,4.556554075e-8,0,TRUE,4.512,0.0123764850561206,0.71,TRUE,4.512,0.0625762319838799,0.776,FALSE,4.512
1294,total_duration_below_threshold,0,0.203,73.05,0,0.0346644725615349,0,TRUE,0,0.151528711510564,0.399,FALSE,0,0.525286754029928,0.769,FALSE,0
1295,total_duration_below_threshold,6.97,0.246,73.05,9.5,0.0171071205821376,0,TRUE,0.174,0.135596559372608,0.473,FALSE,0.174,0.338349442984313,0.683,FALSE,0.174
1296,total_duration_below_threshold,0,0.069,73.05,0,0.5082025742695,0,FALSE,0,0.594390473067833,0.231,FALSE,0,0.742764237780416,0.601,FALSE,0
1297,total_duration_below_threshold,51.91,0.24,76.85,67.5,0.0301941733221068,0,TRUE,1.298,0.253711707987047,0.613,FALSE,1.298,0.421938792571151,0.742,FALSE,1.298
1302,total_duration_below_threshold,0,0.127,73.1,0,0.203089435571026,0,FALSE,0,0.427456962360351,0.477,FALSE,0,0.610694760394269,0.669,FALSE,0
1317,total_duration_below_threshold,0,0.11,73.08,0,0.283065564323482,0,FALSE,0,0.369832054749493,0.192,FALSE,0,0.668348668766004,0.681,FALSE,0
1586,total_duration_below_threshold,-86.41,-0.546,74.92,-115.3,7.3064981935e-7,0,TRUE,-2.16,0.00163206531127768,0.459,TRUE,-2.16,5.3169030343749e-4,0.5,TRUE,-2.16
1587,total_duration_below_threshold,-46.02,-0.229,74.75,-61.6,0.0380508485053491,0,TRUE,-1.15,0.0664350294956445,0.132,FALSE,-1.15,0.168777809465041,0.519,FALSE,-1.15
1592,total_duration_below_threshold,-46.56,-0.245,74.5,-62.5,0.0267428551853581,0,TRUE,-1.164,0.290819288498579,0.683,FALSE,-1.164,0.380110240229871,0.715,FALSE,-1.164
1634,total_duration_below_threshold,-129.25,-0.515,73.75,-175.3,2.96349517891e-6,0,TRUE,-3.231,0.00306522871491234,0.462,TRUE,-3.231,0.00373685884321431,0.543,TRUE,-3.231
1645,total_duration_below_threshold,-96,-0.329,73.78,-130.1,0.00283801858733869,0,TRUE,-2.4,0.00713672290336537,0.112,TRUE,-2.4,0.0459227284058426,0.516,TRUE,-2.4
1654,total_duration_below_threshold,-111,-0.458,74.58,-148.8,3.328525976998e-5,0,TRUE,-2.775,0.00154732720034716,0.286,TRUE,-2.775,0.00370910241732493,0.5,TRUE,-2.775
1655,total_duration_below_threshold,-41.33,-0.174,69.84,-59.2,0.128119052974129,0,FALSE,-1.033,0.12565595797745,-0.007,FALSE,-1.033,0.293014748623481,0.5,FALSE,-1.033
1659,total_duration_below_threshold,-40,-0.15,78.33,-51.1,0.176303720060022,0,FALSE,-1,0.143746168695615,-0.084,FALSE,-1,0.34437878197996,0.5,FALSE,-1
1683,total_duration_below_threshold,-8,-0.036,68.87,-11.6,0.762824798771399,0,FALSE,-0.2,0.793577727295639,0.153,FALSE,-0.2,0.873611862130144,0.601,FALSE,-0.2
1684,total_duration_below_threshold,-15.57,-0.071,73.58,-21.2,0.528883200300678,0,FALSE,-0.389,0.482845738570858,-0.117,FALSE,-0.389,0.65981759232159,0.5,FALSE,-0.389
1703,total_duration_below_threshold,-7.62,-0.065,67.76,-11.2,0.570158124859268,0,FALSE,-0.19,0.575835661770562,0.016,FALSE,-0.19,0.695748659703339,0.5,FALSE,-0.19
1714,total_duration_below_threshold,-58.77,-0.213,74.4,-79,0.0544872288940071,0,FALSE,-1.469,0.150935464496976,0.307,FALSE,-1.469,0.434132644162743,0.705,FALSE,-1.469
1732,total_duration_below_threshold,-55.68,-0.206,73.75,-75.5,0.0620912684964148,0,FALSE,-1.392,0.0465572413270449,-0.07,TRUE,-1.392,0.192165695620677,0.5,FALSE,-1.392
1739,total_duration_below_threshold,-47.33,-0.173,74.1,-63.9,0.118392473816054,0,FALSE,-1.183,0.114008921383282,-0.013,FALSE,-1.183,0.274716429025443,0.5,FALSE,-1.183
1740,total_duration_below_threshold,-129.25,-0.515,73.75,-175.3,2.96349517891e-6,0,TRUE,-3.231,0.00306522871491234,0.462,TRUE,-3.231,0.00373685884321431,0.543,TRUE,-3.231
1741,total_duration_below_threshold,-116.79,-0.431,73.78,-158.3,9.283903052278e-5,0,TRUE,-2.92,0.0044801502759602,0.334,TRUE,-2.92,0.0126920821747076,0.533,TRUE,-2.92
1744,total_duration_below_threshold,-85.62,-0.315,92.15,-92.9,0.00428591755266515,0,TRUE,-2.14,0.0699239678669868,0.461,FALSE,-2.14,0.249703182694884,0.709,FALSE,-2.14
1752,total_duration_below_threshold,-46.86,-0.237,75.72,-61.9,0.0320069286139,0,TRUE,-1.172,0.0641912649976307,0.158,FALSE,-1.172,0.14073210003881,0.506,FALSE,-1.172
1753,total_duration_below_threshold,157.8,0.479,73.17,215.7,5.85619562876e-6,0,TRUE,3.945,0.055783009646137,0.758,FALSE,3.945,0.203796465338763,0.838,FALSE,3.945
1754,total_duration_below_threshold,0,0.074,73.05,0,0.496615213753753,0,FALSE,0,0.640966909667448,0.39,FALSE,0,0.805493659075968,0.742,FALSE,0
1755,total_duration_below_threshold,-91.05,-0.437,73.72,-123.5,7.405217850846e-5,0,TRUE,-2.276,4.774066382541e-5,-0.028,TRUE,-2.276,0.00558258953071989,0.5,TRUE,-2.276
1756,total_duration_below_threshold,0,-0.05,73.08,0,0.635130342904255,0,FALSE,0,0.82824376129255906,0.71,FALSE,0,0.890615084604428,0.814,FALSE,0
1761,total_duration_below_threshold,-49.62,-0.183,73.28,-67.7,0.0979683432154949,0,FALSE,-1.24,0.138952417701585,0.12,FALSE,-1.24,0.274734039218392,0.521,FALSE,-1.24
1762,total_duration_below_threshold,-120,-0.387,73.33,-163.7,4.0168700867353e-4,0,TRUE,-3,0.00815096348354081,0.306,TRUE,-3,0.0443902489272775,0.573,TRUE,-3
1776,total_duration_below_threshold,76.26,0.249,73.15,104.3,0.0213613213640681,0,TRUE,1.907,0.300488392792868,0.72,FALSE,1.907,0.529789015911195,0.856,FALSE,1.907
1796,total_duration_below_threshold,-82.22,-0.254,73.72,-111.5,0.0216829032634497,0,TRUE,-2.056,0.0468002404804784,0.155,TRUE,-2.056,0.108326187314887,0.5,FALSE,-2.056
1848,total_duration_below_threshold,-12.29,-0.086,73.83,-16.6,0.440262809595498,0,FALSE,-0.307,0.535003484959019,0.232,FALSE,-0.307,0.595553468206292,0.505,FALSE,-0.307
1851,total_duration_below_threshold,0,0.014,73.17,0,0.894976314130338,0,FALSE,0,0.913210406099129,0.205,FALSE,0,0.967836516219779,0.77,FALSE,0
1863,total_duration_below_threshold,0,0.105,73.62,0,0.306335004470243,0,FALSE,0,0.420160055579706,0.253,FALSE,0,0.712210293084407,0.721,FALSE,0
1864,total_duration_below_threshold,-28.85,-0.133,73.92,-39,0.229822002067584,0,FALSE,-0.721,0.306264156481581,0.172,FALSE,-0.721,0.42806654896204,0.521,FALSE,-0.721
1869,total_duration_below_threshold,-54.55,-0.173,73.5,-74.2,0.117658851990588,0,FALSE,-1.364,0.142627979242012,0.07,FALSE,-1.364,0.274726499289053,0.5,FALSE,-1.364
1872,total_duration_below_threshold,0,0.065,73.08,0,0.509295263320046,0,FALSE,0,0.577068107991419,0.18,FALSE,0,0.683602354679108,0.5,FALSE,0
1883,total_duration_below_threshold,24.91,0.069,74.33,33.5,0.536791211146362,0,FALSE,0.623,0.596511819403634,0.165,FALSE,0.623,0.722831066144804,0.572,FALSE,0.623
1916,total_duration_below_threshold,-63.01,-0.209,82.75,-76.1,0.0590458163167019,0,FALSE,-1.575,0.146959000228068,0.279,FALSE,-1.575,0.239248044545947,0.542,FALSE,-1.575
7313,total_duration_below_threshold,25.26,0.155,72.62,34.8,0.161061655989048,0,FALSE,0.632,0.273854997992928,0.262,FALSE,0.632,0.437734778483147,0.578,FALSE,0.632
7318,total_duration_below_threshold,-24,-0.1,74.4,-32.3,0.369454716817395,0,FALSE,-0.6,0.707456808617985,0.764,FALSE,-0.6,0.818178782358806,0.891,FALSE,-0.6
41,Q7_min,31.74,0.062,238.35,13.3,0.583967534206333,0,FALSE,0.793,0.688944936895084,0.328,FALSE,0.793,0.795105943741926,0.645,FALSE,0.793
42,Q7_min,0.55,0.072,102.74,0.5,0.521648148844523,0,FALSE,0.014,0.533333717764815,0.031,FALSE,0.014,0.684991912306435,0.536,FALSE,0.014
55,Q7_min,9.77,0.097,37.31,26.2,0.382212151761582,0,FALSE,0.244,0.556341262177183,0.407,FALSE,0.244,0.728785654464088,0.715,FALSE,0.244
57,Q7_min,24.27,0.113,99.41,24.4,0.310754560425242,0,FALSE,0.607,0.503184782123051,0.425,FALSE,0.607,0.679635197771098,0.704,FALSE,0.607
60,Q7_min,7.2,0.388,7.92,90.8,4.3341959572051e-4,0,TRUE,0.18,0.0396292873428575,0.531,TRUE,0.18,0.131137046516661,0.684,FALSE,0.18
63,Q7_min,1.57,0.01,66.51,2.4,0.934998803970505,0,FALSE,0.039,0.956442229660166,0.412,FALSE,0.039,0.973099775705164,0.699,FALSE,0.039
72,Q7_min,-4.07,-0.118,23.42,-17.4,0.289033542541944,0,FALSE,-0.102,0.549816173471221,0.561,FALSE,-0.102,0.735293676744771,0.803,FALSE,-0.102
80,Q7_min,-18.83,-0.295,185.06,-10.2,0.00762845212038399,0,TRUE,-0.471,0.0187822499293851,0.137,TRUE,-0.471,0.159584072441708,0.604,FALSE,-0.471
83,Q7_min,-11.05,-0.223,196.67,-5.6,0.0438387871621092,0,TRUE,-0.276,0.151210179956958,0.354,FALSE,-0.276,0.39287487776817,0.689,FALSE,-0.276
85,Q7_min,0.87,0.274,38.31,2.3,0.0130768184281793,0,TRUE,0.022,0.00899636853464195,-0.055,TRUE,0.022,0.109769130521875,0.53,FALSE,0.022
88,Q7_min,0.37,0.256,5.2,7.1,0.0204191298581656,0,TRUE,0.009,0.150319764377039,0.481,FALSE,0.009,0.419827041275541,0.768,FALSE,0.009
89,Q7_min,-25.33,-0.491,67.87,-37.3,8.54724101159e-6,0,TRUE,-0.633,0.0228670143680523,0.635,TRUE,-0.633,0.103462224617982,0.748,FALSE,-0.633
90,Q7_min,-5.38,-0.474,5.38,-99.8,1.713911794761e-5,0,TRUE,-0.134,0.151986394782585,0.874,FALSE,-0.134,0.265392060692573,0.887,FALSE,-0.134
91,Q7_min,-11.07,-0.231,94.66,-11.7,0.0370207476659053,0,TRUE,-0.277,0.111285538740161,0.285,FALSE,-0.277,0.195488801480287,0.543,FALSE,-0.277
93,Q7_min,-1.06,-0.262,30.26,-3.5,0.0180222821867531,0,TRUE,-0.027,0.173329985240529,0.544,FALSE,-0.027,0.381220821159934,0.743,FALSE,-0.027
94,Q7_min,-7.53,-0.19,146.28,-5.1,0.0867673622125098,0,FALSE,-0.188,0.194409857989308,0.293,FALSE,-0.188,0.481408125149982,0.701,FALSE,-0.188
97,Q7_min,0.37,0.164,8.36,4.4,0.138958294570753,0,FALSE,0.009,0.139152322268397,0.001,FALSE,0.009,0.300564681473569,0.5,FALSE,0.009
99,Q7_min,0.27,0.208,3.68,7.3,0.0606804726654334,0,FALSE,0.007,0.0503180007623889,-0.046,FALSE,0.007,0.189401779064088,0.5,FALSE,0.007
100,Q7_min,-6.19,-0.246,193.08,-3.2,0.0260579122316927,0,TRUE,-0.155,0.0557795607054955,0.162,FALSE,-0.155,0.420441102176511,0.752,FALSE,-0.155
107,Q7_min,-14.25,-0.185,329.58,-4.3,0.0999337965713344,0,FALSE,-0.356,0.0747591765904034,-0.086,FALSE,-0.356,0.436728056924734,0.645,FALSE,-0.356
111,Q7_min,-9.73,-0.136,37.53,-25.9,0.221194271982253,0,FALSE,-0.243,0.53816130283744,0.646,FALSE,-0.243,0.711100053217956,0.824,FALSE,-0.243
113,Q7_min,-0.02,0,9.4,-0.2,1,0,FALSE,-0.001,1,0.701,FALSE,-0.001,1,0.864,FALSE,-0.001
114,Q7_min,-0.58,-0.023,10.52,-5.5,0.842992183820956,0,FALSE,-0.014,0.881913912417611,0.303,FALSE,-0.014,0.927630296164309,0.658,FALSE,-0.014
133,Q7_min,2.24,0.293,246.08,0.9,0.00897711395908971,0,TRUE,0.056,0.0922278630033847,0.447,FALSE,0.056,0.138545430595072,0.575,FALSE,0.056
182,Q7_min,-284.97,-0.236,451.58,-63.1,0.0353038603319558,0,TRUE,-7.124,0.209193289308864,0.515,FALSE,-7.124,0.48268564429096,0.785,FALSE,-7.124
185,Q7_min,-99.81,-0.066,1397.34,-7.1,0.561476446240865,0,FALSE,-2.495,0.802784710098704,0.747,FALSE,-2.495,0.867206062168981,0.845,FALSE,-2.495
204,Q7_min,0.25,0.013,62.29,0.4,0.916487445993529,0,FALSE,0.006,0.914348730762653,-0.027,FALSE,0.006,0.942707136361623,0.507,FALSE,0.006
292,Q7_min,3.67,0.095,13.57,27.1,0.395032976640867,0,FALSE,0.092,0.508997241702776,0.268,FALSE,0.092,0.708073666698949,0.674,FALSE,0.092
293,Q7_min,21.63,0.169,43,50.3,0.126938771346517,0,FALSE,0.541,0.281591625468665,0.363,FALSE,0.541,0.534259746382455,0.705,FALSE,0.541
297,Q7_min,2017.08,0.413,1809.32,111.5,1.8403336440617e-4,0,TRUE,50.427,0.104209112867217,0.741,FALSE,50.427,0.224544547751929,0.796,FALSE,50.427
299,Q7_min,1095.67,0.377,2407.27,45.5,6.4074606876577e-4,0,TRUE,27.392,0.0872998297342583,0.65,FALSE,27.392,0.277633295197713,0.804,FALSE,27.392
300,Q7_min,82.25,0.344,859.67,9.6,0.00186564692544231,0,TRUE,2.056,0.112299888185947,0.636,FALSE,2.056,0.284230886033812,0.772,FALSE,2.056
307,Q7_min,-777.59,-0.064,15693.27,-5,0.568066960851392,0,FALSE,-19.44,0.835045205150047,0.834,FALSE,-19.44,0.884302190918984,0.893,FALSE,-19.44
319,Q7_min,-21.61,-0.346,19.54,-110.6,0.00172365475661521,0,TRUE,-0.54,0.00568525956357423,0.135,TRUE,-0.54,0.028321444752358,0.5,TRUE,-0.54
338,Q7_min,31.71,0.015,2427.79,1.3,0.898021262132282,0,FALSE,0.793,0.918380192727966,0.238,FALSE,0.793,0.95256318980205,0.653,FALSE,0.793
350,Q7_min,-5.89,-0.205,13.35,-44.1,0.0639519780524364,0,FALSE,-0.147,0.104010551183661,0.14,FALSE,-0.147,0.218524505184954,0.519,FALSE,-0.147
355,Q7_min,6.53,0.013,932.41,0.7,0.916487445993529,0,FALSE,0.163,0.94504554512117,0.429,FALSE,0.163,0.965309896325282,0.697,FALSE,0.163
361,Q7_min,-4.91,-0.433,3.39,-144.7,8.578245503155e-5,0,TRUE,-0.123,0.0241169785862485,0.546,TRUE,-0.123,0.123493629506772,0.72,FALSE,-0.123
362,Q7_min,-44.36,-0.192,109.56,-40.5,0.082563100854813,0,FALSE,-1.109,0.424176884064416,0.706,FALSE,-1.109,0.632357976267816,0.862,FALSE,-1.109
367,Q7_min,-30.2,-0.282,28.65,-105.4,0.010723675801035,0,TRUE,-0.755,0.181173597982532,0.617,FALSE,-0.755,0.400670134079901,0.79,FALSE,-0.755
370,Q7_min,32.04,0.11,421.8,7.6,0.322008969245694,0,FALSE,0.801,0.350672668766542,0.064,FALSE,0.801,0.546055978181359,0.55,FALSE,0.801
372,Q7_min,-5.44,-0.272,4.94,-110.1,0.013956996067476,0,TRUE,-0.136,0.0515004671806862,0.248,FALSE,-0.136,0.129382373297724,0.545,FALSE,-0.136
373,Q7_min,298.53,0.518,378.73,78.8,2.66128573471e-6,0,TRUE,7.463,0.0675216555984317,0.802,FALSE,7.463,0.135667779765378,0.804,FALSE,7.463
374,Q7_min,21.5,0.126,73.29,29.3,0.25841287570987,0,FALSE,0.537,0.37642657423129,0.26,FALSE,0.537,0.59785453031475,0.651,FALSE,0.537
375,Q7_min,-2.07,-0.301,1.11,-187,0.00624593462149797,0,TRUE,-0.052,0.104426309558371,0.518,FALSE,-0.052,0.27981119417979,0.715,FALSE,-0.052
377,Q7_min,31.83,0.341,85.5,37.2,0.00201831365617215,0,TRUE,0.796,0.0245327839940329,0.332,TRUE,0.796,0.0714321996897963,0.566,FALSE,0.796
378,Q7_min,-0.45,-0.106,13.41,-3.4,0.339350337952359,0,FALSE,-0.011,0.577911489863997,0.535,FALSE,-0.011,0.651870402754376,0.646,FALSE,-0.011
382,Q7_min,-5.41,-0.19,7.77,-69.6,0.0867673622125098,0,FALSE,-0.135,0.230475164491479,0.37,FALSE,-0.135,0.463411564239651,0.685,FALSE,-0.135
383,Q7_min,-3.24,-0.105,11.53,-28.1,0.345021767258936,0,FALSE,-0.081,0.504374632860718,0.361,FALSE,-0.081,0.692492063465219,0.693,FALSE,-0.081
384,Q7_min,246.74,0.228,434.05,56.8,0.0391855471705841,0,TRUE,6.169,0.201832356813372,0.483,FALSE,6.169,0.405234270858077,0.708,FALSE,6.169
385,Q7_min,0.58,0.803,0.21,278.1,1.7089e-13,0,TRUE,0.014,0.0180036202188169,0.889,TRUE,0.014,0.0184232773725317,0.797,TRUE,0.014
386,Q7_min,-231.33,-0.187,300.02,-77.1,0.0911427988442931,0,FALSE,-5.783,0.244055259744008,0.385,FALSE,-5.783,0.459441510946111,0.676,FALSE,-5.783
387,Q7_min,34.36,0.346,50.4,68.2,0.00172365475661521,0,TRUE,0.859,0.00690589023218576,0.16,TRUE,0.859,0.21765539137955,0.718,FALSE,0.859
388,Q7_min,-39.59,-0.197,51.26,-77.2,0.0744792861511263,0,FALSE,-0.99,0.212839971073456,0.373,FALSE,-0.99,0.494646803847772,0.729,FALSE,-0.99
389,Q7_min,13.79,0.103,70.45,19.6,0.357347193610757,0,FALSE,0.345,0.5784615831775,0.505,FALSE,0.345,0.7557093875717,0.779,FALSE,0.345
390,Q7_min,7.92,0.308,41.68,19,0.00535942451005841,0,TRUE,0.198,0.0842147206136004,0.481,FALSE,0.198,0.369748118555682,0.799,FALSE,0.198
391,Q7_min,26.85,0.141,48.17,55.7,0.204097893101901,0,FALSE,0.671,0.258528460228531,0.126,FALSE,0.671,0.404380115776158,0.523,FALSE,0.671
392,Q7_min,0.83,0.038,5.54,14.9,0.735453618117175,0,FALSE,0.021,0.749698903876892,0.062,FALSE,0.021,0.831767604220767,0.538,FALSE,0.021
393,Q7_min,-7.49,-0.021,603.32,-1.2,0.861263883621309,0,FALSE,-0.187,0.910088718279514,0.445,FALSE,-0.187,0.936460771769038,0.66,FALSE,-0.187
394,Q7_min,100.67,0.167,199.11,50.6,0.132843309662691,0,FALSE,2.517,0.426161644051388,0.609,FALSE,2.517,0.662054330816517,0.84,FALSE,2.517
396,Q7_min,-211.77,-0.156,362.31,-58.5,0.158606077060869,0,FALSE,-5.294,0.202595429991542,0.109,FALSE,-5.294,0.323995296251267,0.5,FALSE,-5.294
398,Q7_min,14.96,0.092,74.5,20.1,0.408110420461059,0,FALSE,0.374,0.530123755269771,0.291,FALSE,0.374,0.668224648958252,0.611,FALSE,0.374
399,Q7_min,-4.84,-0.141,19.09,-25.3,0.204097893101901,0,FALSE,-0.121,0.377087464334416,0.377,FALSE,-0.121,0.565936072332414,0.663,FALSE,-0.121
411,Q7_min,-174.14,-0.072,459.15,-37.9,0.521648148844523,0,FALSE,-4.354,0.670915984858035,0.421,FALSE,-4.354,0.824104370618163,0.769,FALSE,-4.354
413,Q7_min,11.77,0.146,44.19,26.6,0.187983838138654,0,FALSE,0.294,0.532465489379357,0.687,FALSE,0.294,0.677160053560842,0.806,FALSE,0.294
415,Q7_min,4.13,0.595,189.33,2.2,6.874180086e-8,0,TRUE,0.103,1.772134403006e-4,0.377,TRUE,0.103,0.002430081386215,0.58,TRUE,0.103
416,Q7_min,-33.61,-0.026,601.25,-5.6,0.82480461683375506,0,FALSE,-0.84,0.919926840811782,0.715,FALSE,-0.84,0.950254360756406,0.853,FALSE,-0.84
421,Q7_min,190.67,0.151,524.64,36.3,0.172828610848332,0,FALSE,4.767,0.500595419906572,0.659,FALSE,4.767,0.689131915385335,0.837,FALSE,4.767
423,Q7_min,23.14,0.095,132.4,17.5,0.395032976640867,0,FALSE,0.579,0.699231270181308,0.714,FALSE,0.579,0.800587919324706,0.832,FALSE,0.579
430,Q7_min,-2.7,-0.028,36.32,-7.4,0.80671062228309,0,FALSE,-0.067,0.897210063639753,0.611,FALSE,-0.067,0.942778643315393,0.837,FALSE,-0.067
438,Q7_min,13.95,0.129,52.22,26.7,0.257856721957397,0,FALSE,0.349,0.267011795400769,0.021,FALSE,0.349,0.434135121007964,0.5,FALSE,0.349
449,Q7_min,-3.33,-0.069,23.47,-14.2,0.536901795304878,0,FALSE,-0.083,0.532646239554429,-0.011,FALSE,-0.083,0.665733284818219,0.5,FALSE,-0.083
451,Q7_min,249.6,0.264,3621.48,6.9,0.0169190539927849,0,TRUE,6.24,0.168680454419851,0.543,FALSE,6.24,0.433103450284974,0.791,FALSE,6.24
456,Q7_min,3.51,0.082,32.23,10.9,0.462939488046081,0,FALSE,0.088,0.502827432883221,0.098,FALSE,0.088,0.633441710716401,0.527,FALSE,0.088
473,Q7_min,-17.38,-0.304,15.19,-114.5,0.00596260439743397,0,TRUE,-0.435,0.135689139795826,0.591,FALSE,-0.435,0.370034316726772,0.794,FALSE,-0.435
477,Q7_min,11.31,0.087,112.29,10.1,0.435026427854838,0,FALSE,0.283,0.583297921015538,0.367,FALSE,0.283,0.748839610006224,0.702,FALSE,0.283
479,Q7_min,-403.98,-0.241,738.25,-54.7,0.0293507310604593,0,TRUE,-10.1,0.371602493317159,0.774,FALSE,-10.1,0.555602738989309,0.869,FALSE,-10.1
481,Q7_min,-15.06,-0.154,60.35,-25,0.165602484830615,0,FALSE,-0.377,0.180097721572427,0.036,FALSE,-0.377,0.332052609084445,0.5,FALSE,-0.377
488,Q7_min,-2.63,-0.021,139.25,-1.9,0.861263883621309,0,FALSE,-0.066,0.878960091090244,0.148,FALSE,-0.066,0.90268880433264,0.5,FALSE,-0.066
491,Q7_min,0.18,0.223,8.23,2.2,0.0438387871621092,0,TRUE,0.005,0.175610370269628,0.409,FALSE,0.005,0.418759150131325,0.711,FALSE,0.005
492,Q7_min,62.4,0.1,349.05,17.9,0.369649732950935,0,FALSE,1.56,0.677380737514007,0.701,FALSE,1.56,0.798514684375871,0.849,FALSE,1.56
497,Q7_min,36.51,0.415,69.22,52.7,1.676964652081e-4,0,TRUE,0.913,0.0595998875789797,0.65,FALSE,0.913,0.252835578431289,0.823,FALSE,0.913
500,Q7_min,4.51,0.162,23.01,19.6,0.145287789095267,0,FALSE,0.113,0.239322320985351,0.227,FALSE,0.113,0.30825715634794,0.5,FALSE,0.113
502,Q7_min,2.55,0.062,70.48,3.6,0.583967534206333,0,FALSE,0.064,0.680268466769171,0.3,FALSE,0.064,0.734329626216038,0.544,FALSE,0.064
505,Q7_min,1.47,0.218,6.72,21.8,0.048950238599653,0,TRUE,0.037,0.208063859524683,0.454,FALSE,0.037,0.43604809651262,0.716,FALSE,0.037
509,Q7_min,-32.07,-0.177,247.28,-13,0.110445992364054,0,FALSE,-0.802,0.36654938530922,0.558,FALSE,-0.802,0.607939270867079,0.8,FALSE,-0.802
511,Q7_min,1.24,0.067,24.97,5,0.552376505263504,0,FALSE,0.031,0.574954746205117,0.063,FALSE,0.031,0.723729491028792,0.559,FALSE,0.031
517,Q7_min,7.55,0.223,71.49,10.6,0.0438387871621092,0,TRUE,0.189,0.151743895773989,0.355,FALSE,0.189,0.291514038437554,0.607,FALSE,0.189
519,Q7_min,-36.42,-0.431,70.4,-51.7,9.49697848871e-5,0,TRUE,-0.911,0.0374350654539008,0.604,TRUE,-0.911,0.0664053284786222,0.648,FALSE,-0.911
522,Q7_min,1.42,0.021,69.49,2,0.861263883621309,0,FALSE,0.036,0.89580593219272,0.304,FALSE,0.036,0.938728227079552,0.674,FALSE,0.036
529,Q7_min,-0.36,-0.064,15.85,-2.3,0.568014415516312,0,FALSE,-0.009,0.755532654788167,0.587,FALSE,-0.009,0.850954870843831,0.79,FALSE,-0.009
536,Q7_min,27.26,0.381,68.84,39.6,5.6279105383452e-4,0,TRUE,0.681,0.088647438581359,0.66,FALSE,0.681,0.230899748491022,0.768,FALSE,0.681
541,Q7_min,170.75,0.208,490.51,34.8,0.0606804726654334,0,FALSE,4.269,0.300641595489719,0.578,FALSE,4.269,0.544568194733674,0.798,FALSE,4.269
542,Q7_min,-13.83,-0.603,130.56,-10.6,4.646447885e-8,0,TRUE,-0.346,0.00192134810851346,0.555,TRUE,-0.346,0.0075347789247736,0.633,TRUE,-0.346
572,Q7_min,-1.8,-0.182,4.62,-39,0.100425174369637,0,FALSE,-0.045,0.178313532733096,0.213,FALSE,-0.045,0.250436856016624,0.5,FALSE,-0.045
574,Q7_min,-15.48,-0.374,17.62,-87.9,6.9777712607208e-4,0,TRUE,-0.387,0.0492728844440036,0.538,TRUE,-0.387,0.174784981953757,0.712,FALSE,-0.387
575,Q7_min,-9.09,-0.064,55.73,-16.3,0.568066960851392,0,FALSE,-0.227,0.645289382524372,0.229,FALSE,-0.227,0.726510179193642,0.548,FALSE,-0.227
597,Q7_min,-14371.84,-0.559,18285.76,-78.6,4.0159524434e-7,0,TRUE,-359.296,0.104561458869505,0.89,FALSE,-359.296,0.196440190184828,0.893,FALSE,-359.296
601,Q7_min,-153.18,-0.138,1455.08,-10.5,0.212521935405059,0,FALSE,-3.83,0.515705838484952,0.621,FALSE,-3.83,0.704931889393424,0.823,FALSE,-3.83
603,Q7_min,-333.05,-0.626,277.31,-120.1,1.394572772e-8,0,TRUE,-8.326,0.0869612111203918,0.912,FALSE,-8.326,0.133414764961166,0.878,FALSE,-8.326
604,Q7_min,-120.11,-0.436,87.35,-137.5,7.824897101362e-5,0,TRUE,-3.003,0.058770924142099,0.681,FALSE,-3.003,0.170927363264565,0.769,FALSE,-3.003
606,Q7_min,-38.57,-0.123,155.84,-24.7,0.268359528829253,0,FALSE,-0.964,0.601562483271868,0.69,FALSE,-0.964,0.754163134379467,0.851,FALSE,-0.964
610,Q7_min,-20262.01,-0.7,21486.06,-94.3,2.1557564e-10,0,TRUE,-506.55,0.0736090492769075,0.936,FALSE,-506.55,0.10518763686255,0.893,FALSE,-506.55
613,Q7_min,-1.88,-0.087,60.31,-3.1,0.435026427854838,0,FALSE,-0.047,0.511562689767462,0.186,FALSE,-0.047,0.827868843999315,0.858,FALSE,-0.047
616,Q7_min,88.25,0.285,1769.31,5,0.010027526446318,0,TRUE,2.206,0.0316251198010164,0.193,TRUE,2.206,0.0716451083605456,0.5,FALSE,2.206
629,Q7_min,16.71,0.336,658.58,2.5,0.00235856472558294,0,TRUE,0.418,0.00322110530586268,0.034,TRUE,0.418,0.0416561780750091,0.516,TRUE,0.418
657,Q7_min,-2100.07,-0.515,1120.06,-187.5,2.9818676131e-6,0,TRUE,-52.502,0.195599733331563,0.942,FALSE,-52.502,0.271186474270367,0.925,FALSE,-52.502
664,Q7_min,-27.07,-0.264,47.11,-57.5,0.0169190539927849,0,TRUE,-0.677,0.197883983542061,0.596,FALSE,-0.677,0.318557558372596,0.695,FALSE,-0.677
753,Q7_min,-352.67,-0.023,18985.74,-1.9,0.842992183820956,0,FALSE,-8.817,0.941335342370206,0.825,FALSE,-8.817,0.958791810034828,0.884,FALSE,-8.817
767,Q7_min,0.1,0.382,0.19,51.8,5.3945914285281e-4,0,TRUE,0.002,0.0228813033928245,0.429,TRUE,0.002,0.163476798648866,0.709,FALSE,0.002
768,Q7_min,-0.09,-0.136,0.4,-22.2,0.221194271982253,0,FALSE,-0.002,0.204846786430975,-0.039,FALSE,-0.002,0.469730748793909,0.561,FALSE,-0.002
777,Q7_min,0,0.012,9.92,0,0.925659236026006,0,FALSE,0,0.931120981748484,0.083,FALSE,0,0.948006473398657,0.5,FALSE,0
780,Q7_min,-1.44,-0.11,31.2,-4.6,0.322008969245694,0,FALSE,-0.036,0.613400781704286,0.637,FALSE,-0.036,0.753708867174598,0.806,FALSE,-0.036
784,Q7_min,-0.79,-0.069,6.91,-11.5,0.536901795304878,0,FALSE,-0.02,0.674867752895183,0.399,FALSE,-0.02,0.788898581767506,0.68,FALSE,-0.02
789,Q7_min,1.08,0.169,55.3,2,0.126938771346517,0,FALSE,0.027,0.228584582980017,0.252,FALSE,0.027,0.285768858917052,0.5,FALSE,0.027
792,Q7_min,5.71,0.165,97.38,5.9,0.135847677460911,0,FALSE,0.143,0.254787149311102,0.285,FALSE,0.143,0.416294013194998,0.591,FALSE,0.143
798,Q7_min,-1.87,-0.077,68.05,-2.8,0.491823743144037,0,FALSE,-0.047,0.718297677721224,0.616,FALSE,-0.047,0.817514169580818,0.782,FALSE,-0.047
806,Q7_min,4.18,0.231,60.2,6.9,0.0370207476659053,0,TRUE,0.104,0.0884503142147259,0.216,FALSE,0.104,0.14454547644049,0.5,FALSE,0.104
827,Q7_min,-6.64,-0.395,16.18,-41.1,3.4773617430832e-4,0,TRUE,-0.166,0.0254328672296883,0.475,TRUE,-0.166,0.0123370333477353,0.5,TRUE,-0.166
837,Q7_min,-48.17,-0.408,116.96,-41.2,2.2129473971528e-4,0,TRUE,-1.204,0.0801186450548392,0.687,FALSE,-1.204,0.190002397247313,0.76,FALSE,-1.204
858,Q7_min,0.01,0.196,0.04,24.2,0.0765478206239537,0,FALSE,0,0.113511870732953,0.121,FALSE,0,0.307958585273755,0.571,FALSE,0
861,Q7_min,10.77,0.569,46.7,23.1,2.4509893079e-7,0,TRUE,0.269,0.0041388337761561,0.573,TRUE,0.269,3.0504797688977e-4,0.5,TRUE,0.269
870,Q7_min,574.77,0.074,19450.35,3,0.506620569504461,0,FALSE,14.369,0.798255120155146,0.808,FALSE,14.369,0.862366111286084,0.884,FALSE,14.369
872,Q7_min,139.02,0.4,122.54,113.5,2.9067496642774e-4,0,TRUE,3.476,0.226234821996253,0.873,FALSE,3.476,0.350834220132806,0.889,FALSE,3.476
882,Q7_min,7.35,0.141,55.68,13.2,0.204097893101901,0,FALSE,0.184,0.568769404637858,0.722,FALSE,0.184,0.699975506465799,0.823,FALSE,0.184
884,Q7_min,-89.4,-0.259,2019.9,-4.4,0.0191880165372879,0,TRUE,-2.235,0.0383524842440769,0.132,TRUE,-2.235,0.101346489552257,0.5,FALSE,-2.235
885,Q7_min,2.32,0.341,16.29,14.2,0.00201831365617215,0,TRUE,0.058,0.0848260163953003,0.569,FALSE,0.058,0.318522958458949,0.798,FALSE,0.058
893,Q7_min,0.42,0.005,103.61,0.4,0.972117135841733,0,FALSE,0.01,0.984791509491968,0.587,FALSE,0.01,0.990955313775305,0.796,FALSE,0.01
895,Q7_min,-47.64,-0.528,410.58,-11.6,1.67969616409e-6,0,TRUE,-1.191,0.00465944416532598,0.523,TRUE,-1.191,0.0611433910327303,0.721,FALSE,-1.191
898,Q7_min,64.84,0.4,130.9,49.5,2.9067496642774e-4,0,TRUE,1.621,0.00448467608356209,0.258,TRUE,1.621,0.0112428188615974,0.5,TRUE,1.621
913,Q7_min,-437.52,-0.221,1353.95,-32.3,0.0463352009998457,0,TRUE,-10.938,0.470977737578477,0.838,FALSE,-10.938,0.604674830407849,0.886,FALSE,-10.938
919,Q7_min,-0.73,-0.072,27.52,-2.6,0.521648148844523,0,FALSE,-0.018,0.788368134794741,0.762,FALSE,-0.018,0.851148640296035,0.837,FALSE,-0.018
920,Q7_min,1.34,0.251,4.38,30.7,0.0230894253844121,0,TRUE,0.034,0.0474192101560243,0.146,TRUE,0.034,0.111946952342989,0.5,FALSE,0.034
924,Q7_min,57.77,0.454,241.45,23.9,3.90863265608e-5,0,TRUE,1.444,0.0299421839233057,0.612,TRUE,1.444,0.0653960116820501,0.667,FALSE,1.444
929,Q7_min,-5.88,-0.194,40.41,-14.5,0.0805032011416456,0,FALSE,-0.147,0.159236427520971,0.231,FALSE,-0.147,0.235042722919609,0.51,FALSE,-0.147
931,Q7_min,6.63,0.212,16.95,39.1,0.0627947627299341,0,FALSE,0.166,0.353064458880352,0.652,FALSE,0.166,0.574159647804545,0.826,FALSE,0.166
936,Q7_min,-4.64,-0.201,16.63,-27.9,0.0733997297972117,0,FALSE,-0.116,0.437440705679621,0.742,FALSE,-0.116,0.612041902286822,0.852,FALSE,-0.116
938,Q7_min,0.62,0.023,25.28,2.5,0.846528282804468,0,FALSE,0.015,0.870553129216687,0.184,FALSE,0.015,0.892920057761207,0.5,FALSE,0.015
939,Q7_min,-24.21,-0.457,24.05,-100.6,4.337172018892e-5,0,TRUE,-0.605,0.135335212347152,0.833,FALSE,-0.605,0.214624168778373,0.823,FALSE,-0.605
948,Q7_min,-31.57,-0.059,264.9,-11.9,0.600072292463655,0,FALSE,-0.789,0.792863367591247,0.65,FALSE,-0.789,0.87682679134703,0.834,FALSE,-0.789
953,Q7_min,12.31,0.341,15.66,78.6,0.00201831365617215,0,TRUE,0.308,0.305128065115327,0.875,FALSE,0.308,0.425348378774909,0.888,FALSE,0.308
957,Q7_min,-1.04,-0.2,14.58,-7.1,0.0709323430729971,0,FALSE,-0.026,0.208054804885569,0.374,FALSE,-0.026,0.442206533595966,0.687,FALSE,-0.026
958,Q7_min,-57.73,-0.75,26.89,-214.7,1.632003e-11,0,TRUE,-1.443,0.0658174197320249,0.946,FALSE,-1.443,0.111224465295057,0.924,FALSE,-1.443
965,Q7_min,-153.48,-0.659,327.1,-46.9,2.27311075e-9,0,TRUE,-3.837,0.00631618096407001,0.711,TRUE,-3.837,0.0241174387795916,0.735,TRUE,-3.837
967,Q7_min,-49.92,-0.436,232.69,-21.5,7.824897101362e-5,0,TRUE,-1.248,0.0291082184195314,0.577,TRUE,-1.248,0.0603616468683666,0.644,FALSE,-1.248
968,Q7_min,-49.13,-0.251,415.81,-11.8,0.0230894253844121,0,TRUE,-1.228,0.100665689846365,0.34,FALSE,-1.228,0.295068676894364,0.656,FALSE,-1.228
972,Q7_min,-59.85,-0.359,265.34,-22.6,0.00115146110032372,0,TRUE,-1.496,0.134556254678351,0.706,FALSE,-1.496,0.352368583982683,0.847,FALSE,-1.496
975,Q7_min,-18.87,-0.294,142.33,-13.3,0.00960282524097834,0,TRUE,-0.472,0.10349146225318,0.469,FALSE,-0.472,0.208904272486758,0.633,FALSE,-0.472
980,Q7_min,-14.33,-0.41,66.94,-21.4,2.0185782460191e-4,0,TRUE,-0.358,0.074602923014616,0.679,FALSE,-0.358,0.224566006441693,0.793,FALSE,-0.358
981,Q7_min,-1.41,-0.028,54.28,-2.6,0.80671062228309,0,FALSE,-0.035,0.862179654634613,0.357,FALSE,-0.035,0.902932083076495,0.625,FALSE,-0.035
982,Q7_min,-0.03,-0.003,164.83,-0,0.990704029723175,0,FALSE,-0.001,0.992993323358988,0.298,FALSE,-0.001,0.996062940753829,0.689,FALSE,-0.001
987,Q7_min,68.96,0.126,181.74,37.9,0.25841287570987,0,FALSE,1.724,0.604643419858437,0.709,FALSE,1.724,0.757126682414438,0.865,FALSE,1.724
989,Q7_min,-64.65,-0.263,1413.91,-4.6,0.0207099706953292,0,TRUE,-1.616,0.083215722032448,0.304,FALSE,-1.616,0.129284238196897,0.519,FALSE,-1.616
1000,Q7_min,-6.74,-0.169,285.78,-2.4,0.126938771346517,0,FALSE,-0.168,0.11979641714047,-0.021,FALSE,-0.168,0.285597631454692,0.5,FALSE,-0.168
1006,Q7_min,96.3,0.285,947.45,10.2,0.010027526446318,0,TRUE,2.407,0.0287046471188642,0.175,TRUE,2.407,0.0716408050564971,0.5,FALSE,2.407
1017,Q7_min,1.22,0.613,24.88,4.9,2.724179013e-8,0,TRUE,0.031,0.00280575938548486,0.598,TRUE,0.031,5.0291063166804e-4,0.54,TRUE,0.031
1019,Q7_min,1.97,0.19,40.55,4.9,0.086667508623238,0,FALSE,0.049,0.192871111200571,0.29,FALSE,0.049,0.253075338637075,0.517,FALSE,0.049
1026,Q7_min,321.15,0.304,2955.58,10.9,0.00596260439743397,0,TRUE,8.029,0.023724437055036,0.209,TRUE,8.029,0.0543947975822714,0.5,FALSE,8.029
1033,Q7_min,75.87,0.097,1813.82,4.2,0.382212151761582,0,FALSE,1.897,0.515971706305993,0.312,FALSE,1.897,0.715648290214819,0.695,FALSE,1.897
1036,Q7_min,489.09,0.374,3441.9,14.2,6.9777712607208e-4,0,TRUE,12.227,0.0293072551797632,0.45,TRUE,12.227,0.162149734856825,0.7,FALSE,12.227
1042,Q7_min,80.81,0.154,1408.66,5.7,0.165602484830615,0,FALSE,2.02,0.24125908592508,0.18,FALSE,2.02,0.516001735646119,0.649,FALSE,2.02
1055,Q7_min,-390.92,-0.466,252.57,-154.8,3.164075893105e-5,0,TRUE,-9.773,0.213869369948056,0.916,FALSE,-9.773,0.299497305813531,0.904,FALSE,-9.773
1067,Q7_min,196.66,0.379,2111.81,9.3,5.8807575070884e-4,0,TRUE,4.917,0.0278045482692765,0.453,TRUE,4.917,0.0914641241016969,0.631,FALSE,4.917
1084,Q7_min,1.05,0.221,29.16,3.6,0.0463352009998457,0,TRUE,0.026,0.0359591505410718,-0.056,TRUE,0.026,0.192362526213705,0.524,FALSE,0.026
1086,Q7_min,2.03,0.017,38.06,5.3,0.888800705443347,0,FALSE,0.051,0.933225771886255,0.511,FALSE,0.051,0.963244025816022,0.79,FALSE,0.051
1092,Q7_min,1.89,0.226,33.2,5.7,0.041456909675792,0,TRUE,0.047,0.029805777815181,-0.069,TRUE,0.047,0.153734610218368,0.5,FALSE,0.047
1101,Q7_min,0.77,0.053,45.69,1.7,0.641163236353334,0,FALSE,0.019,0.675229239127124,0.115,FALSE,0.019,0.824505203838984,0.643,FALSE,0.019
1109,Q7_min,8.94,0.183,13.2,67.7,0.098013943032578,0,FALSE,0.223,0.322434998052291,0.513,FALSE,0.223,0.577073971438495,0.781,FALSE,0.223
1112,Q7_min,-143.06,-0.369,2287.01,-6.3,8.2625315858255e-4,0,TRUE,-3.577,0.00847649140600704,0.254,TRUE,-3.577,0.0252671086635306,0.516,TRUE,-3.577
1121,Q7_min,-67.86,-0.415,665.63,-10.2,1.676964652081e-4,0,TRUE,-1.697,0.0266899031841361,0.525,TRUE,-1.697,0.0804606324137723,0.653,FALSE,-1.697
1122,Q7_min,2.6,0.115,34.25,7.6,0.299762853129581,0,FALSE,0.065,0.354393800218365,0.122,FALSE,0.065,0.468163224815579,0.5,FALSE,0.065
1125,Q7_min,-67.86,-0.415,665.63,-10.2,1.676964652081e-4,0,TRUE,-1.697,0.0266899031841361,0.525,TRUE,-1.697,0.0804606324137723,0.653,FALSE,-1.697
1139,Q7_min,-100.97,-0.272,195.7,-51.6,0.013956996067476,0,TRUE,-2.524,0.206944634558405,0.632,FALSE,-2.524,0.434174242685553,0.804,FALSE,-2.524
1161,Q7_min,-17.85,-0.349,44.99,-39.7,0.00159166246328571,0,TRUE,-0.446,0.0785195362325949,0.57,FALSE,-0.446,0.265233913401065,0.762,FALSE,-0.446
1163,Q7_min,-8.8,-0.098,221.02,-4,0.39261231037516803,0,FALSE,-0.22,0.58051179692348,0.445,FALSE,-0.22,0.723358812526655,0.696,FALSE,-0.22
1164,Q7_min,157.53,0.218,555.69,28.3,0.048950238599653,0,TRUE,3.938,0.238815292588402,0.512,FALSE,3.938,0.50763060751366,0.781,FALSE,3.938
1170,Q7_min,-106.78,-0.282,373.01,-28.6,0.010723675801035,0,TRUE,-2.669,0.109890136158997,0.472,FALSE,-2.669,0.297142981591114,0.703,FALSE,-2.669
1171,Q7_min,-22.24,-0.136,162.17,-13.7,0.221194271982253,0,FALSE,-0.556,0.384227602890155,0.355,FALSE,-0.556,0.611759866429141,0.697,FALSE,-0.556
1176,Q7_min,-7.22,-0.01,542.87,-1.3,0.934998803970505,0,FALSE,-0.181,0.957577206339896,0.436,FALSE,-0.181,0.973006426888345,0.697,FALSE,-0.181
1179,Q7_min,-117.91,-0.233,237.23,-49.7,0.0349586316177944,0,TRUE,-2.948,0.353225299866792,0.734,FALSE,-2.948,0.55366903408902,0.854,FALSE,-2.948
1181,Q7_min,-219.64,-0.451,940.76,-23.3,4.322795976363e-5,0,TRUE,-5.491,0.0398335501717277,0.647,TRUE,-5.491,0.146634853755427,0.76,FALSE,-5.491
1186,Q7_min,-32.76,-0.395,285.03,-11.5,3.4773617430832e-4,0,TRUE,-0.819,0.0234955183035334,0.463,TRUE,-0.819,0.0181112898261757,0.521,TRUE,-0.819
1188,Q7_min,4.53,0.356,24.98,18.1,0.00124948393305046,0,TRUE,0.113,0.00549721043364644,0.162,TRUE,0.113,0.0239501513948676,0.5,TRUE,0.113
1190,Q7_min,5.99,0.187,31.1,19.2,0.0911427988442931,0,FALSE,0.15,0.212840150738614,0.32,FALSE,0.15,0.43725193522988,0.657,FALSE,0.15
1192,Q7_min,2.27,0.041,147.72,1.5,0.7179633437776,0,FALSE,0.057,0.77068262730147,0.228,FALSE,0.057,0.845850456210404,0.596,FALSE,0.057
1194,Q7_min,-28.48,-0.356,82.66,-34.4,0.00124948393305046,0,TRUE,-0.712,0.0433738967092312,0.473,TRUE,-0.712,0.126565556127541,0.645,FALSE,-0.712
1208,Q7_min,-35.4,-0.441,144.7,-24.5,6.433887122217e-5,0,TRUE,-0.885,0.056778556085114,0.683,FALSE,-0.885,0.134912050503568,0.739,FALSE,-0.885
1214,Q7_min,-14.38,-0.359,20.8,-69.2,0.00115146110032372,0,TRUE,-0.36,0.171536098489439,0.76,FALSE,-0.36,0.332177834823816,0.83,FALSE,-0.36
1219,Q7_min,-8.73,-0.205,73.05,-12,0.0639519780524364,0,FALSE,-0.218,0.184327855384888,0.348,FALSE,-0.218,0.319144543799737,0.597,FALSE,-0.218
1220,Q7_min,-8.95,-0.356,50.63,-17.7,0.00124948393305046,0,TRUE,-0.224,0.0256622510352576,0.382,TRUE,-0.224,0.0519923696347626,0.554,FALSE,-0.224
1236,Q7_min,-25.13,-0.262,46.17,-54.4,0.0180222821867531,0,TRUE,-0.628,0.178603773318094,0.554,FALSE,-0.628,0.417735308073526,0.774,FALSE,-0.628
1237,Q7_min,-6.05,-0.149,49.55,-12.2,0.180287946389303,0,FALSE,-0.151,0.274591322254358,0.218,FALSE,-0.151,0.474030203686059,0.599,FALSE,-0.151
1243,Q7_min,-312.22,-0.644,127.53,-244.8,5.30954521e-9,0,TRUE,-7.805,0.0583226970958468,0.885,FALSE,-7.805,0.0916287095207337,0.843,FALSE,-7.805
1247,Q7_min,-158.71,-0.364,528.45,-30,9.763906195981e-4,0,TRUE,-3.968,0.0818284681004812,0.612,FALSE,-3.968,0.187942207024654,0.712,FALSE,-3.968
1249,Q7_min,0.92,0.11,4.34,21.1,0.322008969245694,0,FALSE,0.023,0.611495374299644,0.633,FALSE,0.023,0.78187659485462,0.856,FALSE,0.023
1254,Q7_min,54.38,0.397,172.76,31.5,3.1800958959306e-4,0,TRUE,1.36,0.0289757531821104,0.5,TRUE,1.36,0.0943559816838383,0.653,FALSE,1.36
1258,Q7_min,-36.54,-0.55,17.68,-206.7,6.1330003198e-7,0,TRUE,-0.913,0.0240414131781596,0.717,TRUE,-0.913,0.123537478844044,0.816,FALSE,-0.913
1263,Q7_min,-66.83,-0.338,50.78,-131.6,0.00218236833197586,0,TRUE,-1.671,0.120819646662959,0.642,FALSE,-1.671,0.380751111291447,0.847,FALSE,-1.671
1269,Q7_min,-38.18,-0.023,4362.72,-0.9,0.842992183820956,0,FALSE,-0.955,0.852457895810326,0.068,FALSE,-0.955,0.889787122452363,0.5,FALSE,-0.955
1273,Q7_min,-62.44,-0.254,481.57,-13,0.021718583114218398,0,TRUE,-1.561,0.108244895709479,0.371,FALSE,-1.561,0.234183679847167,0.61,FALSE,-1.561
1275,Q7_min,462.06,0.251,2743.44,16.8,0.0230894253844121,0,TRUE,11.552,0.0462418491511174,0.141,TRUE,11.552,0.116954774435283,0.505,FALSE,11.552
1277,Q7_min,-32.33,-0.223,252.18,-12.8,0.0438387871621092,0,TRUE,-0.808,0.111849682175377,0.252,FALSE,-0.808,0.158497767643619,0.5,FALSE,-0.808
1279,Q7_min,-27.05,-0.167,58.32,-46.4,0.132843309662691,0,FALSE,-0.676,0.273743019283597,0.332,FALSE,-0.676,0.549359673064473,0.713,FALSE,-0.676
1280,Q7_min,-171.78,-0.156,764.29,-22.5,0.158606077060869,0,FALSE,-4.294,0.365985463034157,0.452,FALSE,-4.294,0.593744791723388,0.734,FALSE,-4.294
1283,Q7_min,0.24,0.115,13.82,1.7,0.299762853129581,0,FALSE,0.006,0.132253518250425,-0.385,FALSE,0.006,0.468150147504975,0.5,FALSE,0.006
1287,Q7_min,-67.19,-0.151,2038.69,-3.3,0.172828610848332,0,FALSE,-1.68,0.177159993337075,0.011,FALSE,-1.68,0.340249175621759,0.5,FALSE,-1.68
1291,Q7_min,0.83,0.046,152.42,0.5,0.683430638863361,0,FALSE,0.021,0.630775198474439,-0.176,FALSE,0.021,0.775413277384564,0.5,FALSE,0.021
1292,Q7_min,0.05,0.026,7.06,0.6,0.82480461683375506,0,FALSE,0.001,0.820827867920499,-0.025,FALSE,0.001,0.876921842008958,0.5,FALSE,0.001
1294,Q7_min,-243.72,-0.21,961.14,-25.4,0.0575488796913933,0,FALSE,-6.093,0.176887863353151,0.355,FALSE,-6.093,0.336863307976799,0.62,FALSE,-6.093
1295,Q7_min,-30.32,-0.236,470.51,-6.4,0.0329953946693364,0,TRUE,-0.758,0.113185151801313,0.312,FALSE,-0.758,0.205202270589446,0.559,FALSE,-0.758
1296,Q7_min,-13.35,-0.095,159.03,-8.4,0.395032976640867,0,FALSE,-0.334,0.445059156235784,0.116,FALSE,-0.334,0.594908944526606,0.541,FALSE,-0.334
1297,Q7_min,0.64,0.19,20.7,3.1,0.0867673622125098,0,FALSE,0.016,0.0190299131066433,-0.329,TRUE,0.016,0.230794218560494,0.5,FALSE,0.016
1302,Q7_min,-20.49,-0.077,419.7,-4.9,0.491823743144037,0,FALSE,-0.512,0.589460335056932,0.257,FALSE,-0.512,0.711048701133387,0.596,FALSE,-0.512
1317,Q7_min,-76.29,-0.174,176.59,-43.2,0.115744368429836,0,FALSE,-1.907,0.322052874426908,0.468,FALSE,-1.907,0.541924835540292,0.724,FALSE,-1.907
1586,Q7_min,0.15,0.335,5.1,2.9,0.00244979491811576,0,TRUE,0.004,0.00235777486802343,-0.004,TRUE,0.004,0.0887806886030365,0.58,FALSE,0.004
1587,Q7_min,0.17,0.331,13.79,1.2,0.00274328661186372,0,TRUE,0.004,0.00157367898609248,-0.058,TRUE,0.004,0.180169947723203,0.667,FALSE,0.004
1592,Q7_min,0.33,0.341,30.52,1.1,0.00201831365617215,0,TRUE,0.008,0.0594980465849217,0.495,FALSE,0.008,0.19985927773761,0.697,FALSE,0.008
1634,Q7_min,9.63,0.395,86.08,11.2,3.4773617430832e-4,0,TRUE,0.241,0.00266411971228629,0.187,TRUE,0.241,0.247881091727173,0.798,FALSE,0.241
1645,Q7_min,0.07,0.095,20.06,0.3,0.395032976640867,0,FALSE,0.002,0.390230219524799,-0.011,FALSE,0.002,0.551812054573483,0.5,FALSE,0.002
1654,Q7_min,0.15,0.123,32.86,0.4,0.268359528829253,0,FALSE,0.004,0.267243816979139,-0.003,FALSE,0.004,0.438708220400698,0.5,FALSE,0.004
1655,Q7_min,0.58,0.243,110.81,0.5,0.0325523341806568,0,TRUE,0.014,0.116041922059836,0.323,FALSE,0.014,0.304157640660183,0.636,FALSE,0.014
1659,Q7_min,-7.25,-0.245,200.8,-3.6,0.0267221999212102,0,TRUE,-0.181,0.200542780338344,0.541,FALSE,-0.181,0.468502963313248,0.792,FALSE,-0.181
1683,Q7_min,-0.03,-0.013,98.22,-0,0.919887654078288,0,FALSE,-0.001,0.93924618722598,0.293,FALSE,-0.001,0.965254283044331,0.678,FALSE,-0.001
1684,Q7_min,2.13,0.042,207.61,1,0.709253824535276,0,FALSE,0.053,0.685765414451307,-0.088,FALSE,0.053,0.794209006698584,0.5,FALSE,0.053
1703,Q7_min,3.6,0.055,187.29,1.9,0.632840693851598,0,FALSE,0.09,0.710958804667457,0.269,FALSE,0.09,0.741230104252932,0.5,FALSE,0.09
1714,Q7_min,2,0.267,220.02,0.9,0.0158755471413791,0,TRUE,0.05,0.023932233973155,0.071,TRUE,0.05,0.249870109466774,0.642,FALSE,0.05
1732,Q7_min,3.49,0.233,45.49,7.7,0.0349586316177944,0,TRUE,0.087,0.154530091574004,0.405,FALSE,0.087,0.393372463633183,0.707,FALSE,0.087
1739,Q7_min,0.02,0.018,13.72,0.2,0.879610141396948,0,FALSE,0.001,0.897549514408936,0.174,FALSE,0.001,0.946669398881401,0.673,FALSE,0.001
1740,Q7_min,9.63,0.395,86.08,11.2,3.4773617430832e-4,0,TRUE,0.241,0.00266411971228629,0.187,TRUE,0.241,0.247881091727173,0.798,FALSE,0.241
1741,Q7_min,42.18,0.6,218.51,19.3,5.297245777e-8,0,TRUE,1.055,0.00261703267240062,0.576,TRUE,1.055,0.0114501826109114,0.653,TRUE,1.055
1744,Q7_min,-0.1,-0.205,20.09,-0.5,0.0634951822965718,0,FALSE,-0.003,0.0629320591885198,-0.002,FALSE,-0.003,0.462826149774032,0.715,FALSE,-0.003
1752,Q7_min,28.13,0.354,763.22,3.7,0.00135516234741214,0,TRUE,0.703,0.0098337046354749,0.23,TRUE,0.703,0.106440051751425,0.621,FALSE,0.703
1753,Q7_min,-307.27,-0.379,1212.29,-25.3,5.8807575070884e-4,0,TRUE,-7.682,0.30076511873705303,0.913,FALSE,-7.682,0.383829633384778,0.896,FALSE,-7.682
1754,Q7_min,9.95,0.033,442.02,2.3,0.770840345264592,0,FALSE,0.249,0.786641765019137,0.079,FALSE,0.249,0.874214386128573,0.592,FALSE,0.249
1755,Q7_min,29.3,0.526,96.19,30.5,1.88597992131e-6,0,TRUE,0.732,0.00163427435712811,0.424,TRUE,0.732,0.00185825748798663,0.525,TRUE,0.732
1756,Q7_min,308.53,0.138,3057.43,10.1,0.212521935405059,0,FALSE,7.713,0.438325657351047,0.479,FALSE,7.713,0.674685647348186,0.781,FALSE,7.713
1761,Q7_min,31.77,0.095,1555.63,2,0.395032976640867,0,FALSE,0.794,0.471876781771992,0.179,FALSE,0.794,0.639213830016683,0.587,FALSE,0.794
1762,Q7_min,166.67,0.438,1246.92,13.4,7.097221897558e-5,0,TRUE,4.167,0.00457463871403968,0.352,TRUE,4.167,0.00544249555026561,0.5,TRUE,4.167
1776,Q7_min,-0.11,-0.008,44.68,-0.3,0.953545373759069,0,FALSE,-0.003,0.975560736201819,0.614,FALSE,-0.003,0.986174150371545,0.831,FALSE,-0.003
1796,Q7_min,22.28,0.131,217.89,10.2,0.245520015680598,0,FALSE,0.557,0.223063660806018,-0.052,FALSE,0.557,0.419254319342464,0.5,FALSE,0.557
1848,Q7_min,-7.51,-0.062,196.32,-3.8,0.583967534206333,0,FALSE,-0.188,0.554337037356889,-0.083,FALSE,-0.188,0.7016272618649,0.5,FALSE,-0.188
1851,Q7_min,-21.26,-0.018,2661.2,-0.8,0.879610141396948,0,FALSE,-0.532,0.910466601542712,0.313,FALSE,-0.532,0.94014173321391,0.628,FALSE,-0.532
1863,Q7_min,125.61,0.031,2325.31,5.4,0.790138170281725,0,FALSE,3.14,0.831210706820656,0.236,FALSE,3.14,0.873209518675775,0.554,FALSE,3.14
1864,Q7_min,-2.09,-0.067,86.1,-2.4,0.552376505263504,0,FALSE,-0.052,0.481786531789595,-0.181,FALSE,-0.052,0.677628228419804,0.5,FALSE,-0.052
1869,Q7_min,0.39,0.01,144.53,0.3,0.934998803970505,0,FALSE,0.01,0.930130039689109,-0.078,FALSE,0.01,0.954496107781958,0.5,FALSE,0.01
1872,Q7_min,-27.29,-0.026,2451.66,-1.1,0.82480461683375506,0,FALSE,-0.682,0.878150509848586,0.381,FALSE,-0.682,0.928738898100632,0.708,FALSE,-0.682
1883,Q7_min,-1.11,-0.201,7.94,-14,0.0691123271534329,0,FALSE,-0.028,0.212964035143231,0.391,FALSE,-0.028,0.442212820617586,0.69,FALSE,-0.028
1916,Q7_min,35.36,0.381,412.25,8.6,5.6181574118753e-4,0,TRUE,0.884,0.00869340978014201,0.289,TRUE,0.884,0.0226567472381991,0.52,TRUE,0.884
7313,Q7_min,-85.14,-0.166,1706.3,-5,0.139992636567296,0,FALSE,-2.128,0.241844824567855,0.246,FALSE,-2.128,0.317201097511671,0.509,FALSE,-2.128
7318,Q7_min,1.94,0.097,261.94,0.7,0.382212151761582,0,FALSE,0.049,0.510450507372923,0.299,FALSE,0.049,0.700431216149299,0.674,FALSE,0.049
41,total_cumulative_intensity_below_threshold,104.47,0.086,659.74,15.8,0.44103220573285,0,FALSE,2.612,0.470674594495252,0.071,FALSE,2.612,0.628288102070587,0.538,FALSE,2.612
42,total_cumulative_intensity_below_threshold,-227.25,-0.064,661.34,-34.4,0.568066960851392,0,FALSE,-5.681,0.724825719931395,0.486,FALSE,-5.681,0.842222017146783,0.767,FALSE,-5.681
55,total_cumulative_intensity_below_threshold,0,0.006,659.48,0,0.961754439730819,0,FALSE,0,0.971422386344892,0.307,FALSE,0,0.985251524831651,0.715,FALSE,0
57,total_cumulative_intensity_below_threshold,0,-0.159,659.19,0,0.104525336087786,0,FALSE,0,0.341933134777007,0.53,FALSE,0,0.543736416143649,0.689,FALSE,0
60,total_cumulative_intensity_below_threshold,-1122.44,-0.403,659.57,-170.2,2.4922655986154e-4,0,TRUE,-28.061,0.0587964636259422,0.629,FALSE,-28.061,0.178071503978365,0.744,FALSE,-28.061
63,total_cumulative_intensity_below_threshold,-35.14,-0.19,659.13,-5.3,0.079604787103365,0,FALSE,-0.878,0.231521321401023,0.394,FALSE,-0.878,0.351444648527594,0.592,FALSE,-0.878
72,total_cumulative_intensity_below_threshold,28.57,0.033,659.92,4.3,0.770769757770964,0,FALSE,0.714,0.819178597796104,0.257,FALSE,0.714,0.87101425356146,0.583,FALSE,0.714
80,total_cumulative_intensity_below_threshold,578.36,0.287,659.31,87.7,0.00933024630674812,0,TRUE,14.459,0.0361129260328333,0.23,TRUE,14.459,0.0691111959962346,0.5,FALSE,14.459
83,total_cumulative_intensity_below_threshold,697.42,0.346,659.24,105.8,0.00172365475661521,0,TRUE,17.436,0.0188316116766718,0.304,TRUE,17.436,0.0571711165028005,0.551,FALSE,17.436
85,total_cumulative_intensity_below_threshold,335.12,0.173,662.29,50.6,0.118442463736809,0,FALSE,8.378,0.206716672196286,0.226,FALSE,8.378,0.595422187098606,0.777,FALSE,8.378
88,total_cumulative_intensity_below_threshold,96.28,0.046,659.53,14.6,0.683430638863361,0,FALSE,2.407,0.706510133167206,0.086,FALSE,2.407,0.809272046456519,0.561,FALSE,2.407
89,total_cumulative_intensity_below_threshold,292.17,0.554,660.69,44.2,3.4747757116e-7,0,TRUE,7.304,0.0082511619119642,0.625,TRUE,7.304,0.0467001014520651,0.716,TRUE,7.304
90,total_cumulative_intensity_below_threshold,727,0.462,660.64,110,2.820924296524e-5,0,TRUE,18.175,1.23746785384e-4,0.094,TRUE,18.175,0.00342844919904046,0.5,TRUE,18.175
91,total_cumulative_intensity_below_threshold,0,0.113,659.11,0,0.282336666006361,0,FALSE,0,0.451527618107701,0.37,FALSE,0,0.618097951636563,0.631,FALSE,0
93,total_cumulative_intensity_below_threshold,739.63,0.336,679.85,108.8,0.00235856472558294,0,TRUE,18.491,0.0389122632427177,0.399,TRUE,18.491,0.329620365614214,0.801,FALSE,18.491
94,total_cumulative_intensity_below_threshold,615.5,0.229,659.36,93.3,0.0380769958437544,0,TRUE,15.388,0.151254363344134,0.381,FALSE,15.388,0.438363226228047,0.739,FALSE,15.388
97,total_cumulative_intensity_below_threshold,499.58,0.267,660.05,75.7,0.0158755471413791,0,TRUE,12.489,0.0601149332587121,0.264,FALSE,12.489,0.164533209496826,0.571,FALSE,12.489
99,total_cumulative_intensity_below_threshold,-128.04,-0.077,660.48,-19.4,0.491823743144037,0,FALSE,-3.201,0.481043403386466,-0.027,FALSE,-3.201,0.639979614636339,0.51,FALSE,-3.201
100,total_cumulative_intensity_below_threshold,587.88,0.315,662.78,88.7,0.00428766479618793,0,TRUE,14.697,0.0618764377100212,0.434,FALSE,14.697,0.160605057971681,0.631,FALSE,14.697
107,total_cumulative_intensity_below_threshold,226.67,0.193,655.63,34.6,0.0836850633015952,0,FALSE,5.667,0.104094988095411,0.067,FALSE,5.667,0.373161611186001,0.609,FALSE,5.667
111,total_cumulative_intensity_below_threshold,0,0.053,659.23,0,0.57411128328644,0,FALSE,0,0.597300821231225,0.067,FALSE,0,0.85591597983688,0.722,FALSE,0
113,total_cumulative_intensity_below_threshold,0,0.078,659.66,0,0.410214497463348,0,FALSE,0,0.443512659280321,0.078,FALSE,0,0.750186852562259,0.66,FALSE,0
114,total_cumulative_intensity_below_threshold,0,0.072,659.35,0,0.487311887312957,0,FALSE,0,0.512219696473633,0.063,FALSE,0,0.747453162347072,0.622,FALSE,0
133,total_cumulative_intensity_below_threshold,-3,-0.003,666.98,-0.4,0.990704029723175,0,FALSE,-0.075,0.994127509031445,0.465,FALSE,-0.075,0.995222917558523,0.614,FALSE,-0.075
182,total_cumulative_intensity_below_threshold,0,0.071,659.17,0,0.50847542135695,0,FALSE,0,0.500775085570233,-0.02,FALSE,0,0.797815153380672,0.705,FALSE,0
185,total_cumulative_intensity_below_threshold,0,-0.045,659.17,0,0.600920723905316,0,FALSE,0,0.841586388477038,0.811,FALSE,0,0.893992056549466,0.781,FALSE,0
204,total_cumulative_intensity_below_threshold,-35.98,-0.021,676.75,-5.3,0.861263883621309,0,FALSE,-0.9,0.852779229039375,-0.065,FALSE,-0.9,0.902686817143769,0.5,FALSE,-0.9
292,total_cumulative_intensity_below_threshold,-293.86,-0.222,659.23,-44.6,0.0402704063361136,0,TRUE,-7.347,0.144781561296103,0.355,FALSE,-7.347,0.392072953313892,0.686,FALSE,-7.347
293,total_cumulative_intensity_below_threshold,-14.91,-0.187,659.23,-2.3,0.0781840424428017,0,FALSE,-0.373,0.140537507015551,0.191,FALSE,-0.373,0.361470552328596,0.595,FALSE,-0.373
297,total_cumulative_intensity_below_threshold,-548.65,-0.279,659.23,-83.2,0.0109524794220243,0,TRUE,-13.716,0.0796461552736727,0.386,FALSE,-13.716,0.339303822235572,0.734,FALSE,-13.716
299,total_cumulative_intensity_below_threshold,-10.19,-0.262,659.11,-1.5,0.0149436203254621,0,TRUE,-0.255,0.177051398964659,0.574,FALSE,-0.255,0.343970385065122,0.712,FALSE,-0.255
300,total_cumulative_intensity_below_threshold,0,-0.294,659.24,0,0.00353314144577943,0,TRUE,0,0.0822607271305657,0.516,FALSE,0,0.261847544688076,0.69,FALSE,0
307,total_cumulative_intensity_below_threshold,0,0.051,656.2,0,0.562055709485171,0,FALSE,0,0.829196401548566,0.824,FALSE,0,0.882613459078686,0.795,FALSE,0
319,total_cumulative_intensity_below_threshold,1309.91,0.51,659.5,198.6,3.24583378412e-6,0,TRUE,32.748,1.1563149056223e-4,0.201,TRUE,32.748,0.00121172559429528,0.5,TRUE,32.748
338,total_cumulative_intensity_below_threshold,34.48,0.047,659.51,5.2,0.673970453329171,0,FALSE,0.862,0.709014860685828,0.129,FALSE,0.862,0.827958972602435,0.611,FALSE,0.862
350,total_cumulative_intensity_below_threshold,0,0.076,659.12,0,0.491151296945569,0,FALSE,0,0.531329235756789,0.103,FALSE,0,0.755253385818723,0.655,FALSE,0
355,total_cumulative_intensity_below_threshold,0,-0.086,659.17,0,0.398434357020206,0,FALSE,0,0.640860605050676,0.577,FALSE,0,0.756084471831542,0.708,FALSE,0
361,total_cumulative_intensity_below_threshold,350.65,0.429,671.79,52.2,6.228089061264e-5,0,TRUE,8.766,0.001766806712436,0.262,TRUE,8.766,0.171013054215865,0.763,FALSE,8.766
362,total_cumulative_intensity_below_threshold,0,0.024,659.29,0,0.800343072314335,0,FALSE,0,0.919639675013124,0.789,FALSE,0,0.941694602436369,0.767,FALSE,0
367,total_cumulative_intensity_below_threshold,0,0.144,659.35,0,0.142940270157353,0,FALSE,0,0.187623481797985,0.114,FALSE,0,0.431270556528968,0.55,FALSE,0
370,total_cumulative_intensity_below_threshold,-70.18,-0.115,659.25,-10.6,0.296726786402308,0,FALSE,-1.754,0.237095793665537,-0.134,FALSE,-1.754,0.468167222174059,0.5,FALSE,-1.754
372,total_cumulative_intensity_below_threshold,25.93,0.168,659.39,3.9,0.1255502230621,0,FALSE,0.648,0.168729622598131,0.115,FALSE,0.648,0.344671420097661,0.541,FALSE,0.648
373,total_cumulative_intensity_below_threshold,-16.07,-0.454,659.11,-2.4,4.57790577879e-6,0,TRUE,-0.402,0.0222764184706549,0.653,TRUE,-0.402,0.166042826642177,0.781,FALSE,-0.402
374,total_cumulative_intensity_below_threshold,0,0.022,660.45,0,0.851186686900869,0,FALSE,0,0.872488096301944,0.167,FALSE,0,0.902554237077646,0.523,FALSE,0
375,total_cumulative_intensity_below_threshold,11.96,0.181,699.37,1.7,0.0932841548406619,0,FALSE,0.299,0.103940626977774,0.034,FALSE,0.299,0.334617046674612,0.561,FALSE,0.299
377,total_cumulative_intensity_below_threshold,-56.39,-0.228,659.66,-8.5,0.0315531067891501,0,TRUE,-1.41,0.0805677661041939,0.221,FALSE,-1.41,0.270052946544492,0.599,FALSE,-1.41
378,total_cumulative_intensity_below_threshold,0,-0.094,659.25,0,0.3736497626227,0,FALSE,0,0.579175368249588,0.477,FALSE,0,0.754739733013441,0.74,FALSE,0
382,total_cumulative_intensity_below_threshold,0,0.099,661.67,0,0.323799434140525,0,FALSE,0,0.513541017028368,0.423,FALSE,0,0.75001984558903,0.754,FALSE,0
383,total_cumulative_intensity_below_threshold,0,0.068,675.45,0,0.505857888411851,0,FALSE,0,0.589934873295342,0.225,FALSE,0,0.702326825690211,0.537,FALSE,0
384,total_cumulative_intensity_below_threshold,0,-0.242,659.59,0,0.0146573954859246,0,TRUE,0,0.237054988712636,0.673,FALSE,0,0.446069069397511,0.768,FALSE,0
385,total_cumulative_intensity_below_threshold,-623.11,-0.522,1167.48,-53.4,5.2571910796e-7,0,TRUE,-15.578,0.0904799847801234,0.868,FALSE,-15.578,0.223790856870644,0.89,FALSE,-15.578
386,total_cumulative_intensity_below_threshold,0,0.1,659.3,0,0.309528415231415,0,FALSE,0,0.401716861109253,0.205,FALSE,0,0.643724622445943,0.613,FALSE,0
387,total_cumulative_intensity_below_threshold,-597.53,-0.273,659.17,-90.6,0.0132186380156793,0,TRUE,-14.938,0.0718754632194492,0.335,FALSE,-14.938,0.295973068012718,0.689,FALSE,-14.938
388,total_cumulative_intensity_below_threshold,0,0.165,667.34,0,0.101491721794607,0,FALSE,0,0.213289774832979,0.29,FALSE,0,0.519619873384176,0.681,FALSE,0
389,total_cumulative_intensity_below_threshold,0,-0.022,659.35,0,0.837800231064079,0,FALSE,0,0.86750211509859,0.218,FALSE,0,0.942753354028832,0.727,FALSE,0
390,total_cumulative_intensity_below_threshold,-4.66,-0.206,659.42,-0.7,0.0500951015403882,0,FALSE,-0.117,0.184997166225642,0.403,FALSE,-0.117,0.229404884031137,0.529,FALSE,-0.117
391,total_cumulative_intensity_below_threshold,-1206.92,-0.423,659.27,-183.1,1.179722049357e-4,0,TRUE,-30.173,0.00115676164477028,0.182,TRUE,-30.173,0.007319886256784,0.5,TRUE,-30.173
392,total_cumulative_intensity_below_threshold,0,0.035,659.29,0,0.759962405565682,0,FALSE,0,0.75047699974333,-0.043,FALSE,0,0.832156396996021,0.5,FALSE,0
393,total_cumulative_intensity_below_threshold,0,0.045,659.29,0,0.677176155898523,0,FALSE,0,0.837083539462272,0.659,FALSE,0,0.850931713373054,0.645,FALSE,0
394,total_cumulative_intensity_below_threshold,0,-0.132,659.11,0,0.185427100416923,0,FALSE,0,0.30920331074181,0.279,FALSE,0,0.656940748147858,0.739,FALSE,0
396,total_cumulative_intensity_below_threshold,0,0.056,659.41,0,0.603996196992794,0,FALSE,0,0.577484496567879,-0.077,FALSE,0,0.796012528431845,0.612,FALSE,0
398,total_cumulative_intensity_below_threshold,0,-0.109,659.3,0,0.303689165406024,0,FALSE,0,0.41319404932918,0.243,FALSE,0,0.611112972808358,0.61,FALSE,0
399,total_cumulative_intensity_below_threshold,-267.58,-0.162,660.18,-40.5,0.145160320667815,0,FALSE,-6.689,0.264093939859587,0.281,FALSE,-6.689,0.569745814074155,0.722,FALSE,-6.689
411,total_cumulative_intensity_below_threshold,0,0.106,660.34,0,0.315347329860539,0,FALSE,0,0.445387531395162,0.29,FALSE,0,0.632643902234603,0.624,FALSE,0
413,total_cumulative_intensity_below_threshold,386.65,0.236,667.85,57.9,0.0329953946693364,0,TRUE,9.666,0.113513345908202,0.313,FALSE,9.666,0.47417394853436,0.782,FALSE,9.666
415,total_cumulative_intensity_below_threshold,-1427.24,-0.669,662.51,-215.4,1.22400318e-9,0,TRUE,-35.681,0.00133979816626639,0.612,TRUE,-35.681,0.0188550913541539,0.725,TRUE,-35.681
416,total_cumulative_intensity_below_threshold,0,-0.012,659.36,0,0.910505153110147,0,FALSE,0,0.948430677843829,0.544,FALSE,0,0.976726402128596,0.811,FALSE,0
421,total_cumulative_intensity_below_threshold,0,-0.035,659.29,0,0.745481600041913,0,FALSE,0,0.821202360545633,0.376,FALSE,0,0.903496185764221,0.712,FALSE,0
423,total_cumulative_intensity_below_threshold,-173.02,-0.273,659.61,-26.2,0.0110390636796177,0,TRUE,-4.325,0.296844541532298,0.774,FALSE,-4.325,0.425531684262613,0.798,FALSE,-4.325
430,total_cumulative_intensity_below_threshold,0,0.046,659.41,0,0.613603724679621,0,FALSE,0,0.748874665287391,0.462,FALSE,0,0.879429857973801,0.741,FALSE,0
438,total_cumulative_intensity_below_threshold,0,-0.193,655.76,0,0.0689591919497239,0,FALSE,0,0.0413869550342964,-0.123,TRUE,0,0.240724608489113,0.5,FALSE,0
449,total_cumulative_intensity_below_threshold,0,0.026,660.09,0,0.8215745499719,0,FALSE,0,0.867431442440739,0.316,FALSE,0,0.90202154909131,0.584,FALSE,0
451,total_cumulative_intensity_below_threshold,0,-0.176,659.37,0,0.0818557835918584,0,FALSE,0,0.374397878304357,0.636,FALSE,0,0.572533689651976,0.758,FALSE,0
456,total_cumulative_intensity_below_threshold,-11.13,-0.081,659.78,-1.7,0.466263565102605,0,FALSE,-0.278,0.565052894867069,0.251,FALSE,-0.278,0.613291343876459,0.5,FALSE,-0.278
473,total_cumulative_intensity_below_threshold,0,0.144,659.23,0,0.142940270157353,0,FALSE,0,0.312318663883499,0.385,FALSE,0,0.65496205566157,0.771,FALSE,0
477,total_cumulative_intensity_below_threshold,0,-0.028,659.12,0,0.798655203570421,0,FALSE,0,0.866058097699551,0.424,FALSE,0,0.883687172603022,0.557,FALSE,0
479,total_cumulative_intensity_below_threshold,0,0.144,659.78,0,0.135644447363733,0,FALSE,0,0.302122006405606,0.382,FALSE,0,0.66344123657732,0.781,FALSE,0
481,total_cumulative_intensity_below_threshold,12.46,0.158,659.11,1.9,0.145737412410861,0,FALSE,0.311,0.389091163213496,0.521,FALSE,0.311,0.559131608840863,0.701,FALSE,0.311
488,total_cumulative_intensity_below_threshold,-29.43,-0.153,659.28,-4.5,0.159410480188399,0,FALSE,-0.736,0.278176807663529,0.276,FALSE,-0.736,0.336130269045577,0.5,FALSE,-0.736
491,total_cumulative_intensity_below_threshold,-251.44,-0.123,660.08,-38.1,0.268359528829253,0,FALSE,-6.286,0.328433790566171,0.134,FALSE,-6.286,0.571924363637926,0.616,FALSE,-6.286
492,total_cumulative_intensity_below_threshold,0,-0.088,659.29,0,0.339369480667547,0,FALSE,0,0.484444073473327,0.327,FALSE,0,0.777220929139517,0.757,FALSE,0
497,total_cumulative_intensity_below_threshold,-213.74,-0.319,659.42,-32.4,0.00218124424717464,0,TRUE,-5.344,0.0298193018813422,0.358,TRUE,-5.344,0.304887535782628,0.76,FALSE,-5.344
500,total_cumulative_intensity_below_threshold,-223.92,-0.255,659.23,-34,0.0199796584900194,0,TRUE,-5.598,0.0322175525188982,0.089,TRUE,-5.598,0.212549122245659,0.595,FALSE,-5.598
502,total_cumulative_intensity_below_threshold,-50.38,-0.105,659.19,-7.6,0.34227356609292,0,FALSE,-1.259,0.31510637904832,-0.061,FALSE,-1.259,0.586276099464938,0.57,FALSE,-1.259
505,total_cumulative_intensity_below_threshold,-131.49,-0.068,659.35,-19.9,0.544584531251695,0,FALSE,-3.287,0.68883193957834,0.424,FALSE,-3.287,0.819562671032924,0.736,FALSE,-3.287
509,total_cumulative_intensity_below_threshold,0,0.035,659.11,0,0.750210326750075,0,FALSE,0,0.792481746890304,0.204,FALSE,0,0.912327836009405,0.75,FALSE,0
511,total_cumulative_intensity_below_threshold,-182.08,-0.142,649.88,-28,0.199112014362305,0,FALSE,-4.552,0.26985690764453,0.163,FALSE,-4.552,0.451239008612799,0.563,FALSE,-4.552
517,total_cumulative_intensity_below_threshold,110.18,0.114,659.45,16.7,0.301088449247937,0,FALSE,2.754,0.363806940190742,0.14,FALSE,2.754,0.569204353807294,0.584,FALSE,2.754
519,total_cumulative_intensity_below_threshold,80.28,0.272,659.17,12.2,0.0103764241839165,0,TRUE,2.007,0.0678094477090003,0.353,FALSE,2.007,0.247867413711305,0.648,FALSE,2.007
522,total_cumulative_intensity_below_threshold,-1.06,-0.14,659.3,-0.2,0.195421689800585,0,FALSE,-0.026,0.207562032446433,0.029,FALSE,-0.026,0.59548575488794,0.691,FALSE,-0.026
529,total_cumulative_intensity_below_threshold,0,0.019,676.36,0,0.847621745806382,0,FALSE,0,0.918775253760985,0.608,FALSE,0,0.94147152672341,0.665,FALSE,0
536,total_cumulative_intensity_below_threshold,-50.99,-0.19,659.51,-7.7,0.0741615591789433,0,FALSE,-1.275,0.153930190662556,0.239,FALSE,-1.275,0.592699738575914,0.811,FALSE,-1.275
541,total_cumulative_intensity_below_threshold,0,-0.123,659.17,0,0.235639364368167,0,FALSE,0,0.310170944079483,0.167,FALSE,0,0.639375275127427,0.689,FALSE,0
542,total_cumulative_intensity_below_threshold,1097.84,0.56,660.36,166.2,3.7522436695e-7,0,TRUE,27.446,1.0624936291072e-4,0.286,TRUE,27.446,0.00059111283355971005,0.512,TRUE,27.446
572,total_cumulative_intensity_below_threshold,0,0.122,660.7,0,0.23514353331401,0,FALSE,0,0.308553868123856,0.165,FALSE,0,0.561633691750894,0.602,FALSE,0
574,total_cumulative_intensity_below_threshold,0,0.223,659.23,0,0.0307966965840143,0,TRUE,0,0.0783346718787586,0.218,FALSE,0,0.39008745253833,0.686,FALSE,0
575,total_cumulative_intensity_below_threshold,0,0.082,659.23,0,0.454594211128615,0,FALSE,0,0.481884361057612,0.066,FALSE,0,0.607588762128036,0.5,FALSE,0
597,total_cumulative_intensity_below_threshold,0,0.326,659.23,0,2.6227441574976e-4,0,TRUE,0,0.0164619694369292,0.43,TRUE,0,0.332735051423979,0.791,FALSE,0
601,total_cumulative_intensity_below_threshold,0,0.129,659.11,0,0.160016110996662,0,FALSE,0,0.409879407028854,0.529,FALSE,0,0.602924742425776,0.668,FALSE,0
603,total_cumulative_intensity_below_threshold,0,0.379,659.24,0,2.082191563821e-5,0,TRUE,0,0.0259722922989086,0.618,TRUE,0,0.270263978833715,0.801,FALSE,0
604,total_cumulative_intensity_below_threshold,77.64,0.332,659.11,11.8,8.0951809246327e-4,0,TRUE,1.941,0.0202301556851448,0.38,TRUE,1.941,0.37394792213577,0.833,FALSE,1.941
606,total_cumulative_intensity_below_threshold,0,0.064,659.13,0,0.517838810138209,0,FALSE,0,0.72308786110804,0.583,FALSE,0,0.861666828175439,0.821,FALSE,0
610,total_cumulative_intensity_below_threshold,0,0.394,659.29,0,2.50536887068e-6,0,TRUE,0,0.0609994192689933,0.79,FALSE,0,0.209013848642838,0.763,FALSE,0
613,total_cumulative_intensity_below_threshold,0,0.055,660.17,0,0.585567391745645,0,FALSE,0,0.774497686154726,0.615,FALSE,0,0.883191594061904,0.827,FALSE,0
616,total_cumulative_intensity_below_threshold,-1335.86,-0.529,659.73,-202.5,1.57543415102e-6,0,TRUE,-33.397,0.0146807599170912,0.639,TRUE,-33.397,0.068009278985938,0.732,FALSE,-33.397
629,total_cumulative_intensity_below_threshold,-763.26,-0.377,662,-115.3,6.4074606876577e-4,0,TRUE,-19.081,0.00453677155889341,0.197,TRUE,-19.081,0.0169251687167967,0.5,TRUE,-19.081
657,total_cumulative_intensity_below_threshold,0,0.401,659.24,0,1.167049641331e-5,0,TRUE,0,7.6714508371532e-4,0.28,TRUE,0,0.300162933818306,0.848,FALSE,0
664,total_cumulative_intensity_below_threshold,689.9,0.365,659.34,104.6,6.6261737237335e-4,0,TRUE,17.248,0.0389734579712464,0.501,TRUE,17.248,0.100957738788723,0.628,FALSE,17.248
753,total_cumulative_intensity_below_threshold,0,0.015,656.2,0,0.870100575419078,0,FALSE,0,0.949824024238379,0.808,FALSE,0,0.965284352679566,0.778,FALSE,0
767,total_cumulative_intensity_below_threshold,-454.38,-0.31,670.3,-67.8,0.00479587251325475,0,TRUE,-11.359,0.0270647676692127,0.258,TRUE,-11.359,0.16488642080778,0.628,FALSE,-11.359
768,total_cumulative_intensity_below_threshold,46.24,0.029,665.56,6.9,0.797688190046568,0,FALSE,1.156,0.86390295722077,0.414,FALSE,1.156,0.92030916873991,0.722,FALSE,1.156
777,total_cumulative_intensity_below_threshold,-8.16,-0.129,694.06,-1.2,0.23705623758249,0,FALSE,-0.204,0.407489038465245,0.37,FALSE,-0.204,0.415002708038715,0.5,FALSE,-0.204
780,total_cumulative_intensity_below_threshold,0,0.071,659.61,0,0.523159021298598,0,FALSE,0,0.782756404142474,0.745,FALSE,0,0.841573305675414,0.805,FALSE,0
784,total_cumulative_intensity_below_threshold,0,-0.042,659.23,0,0.677816682850452,0,FALSE,0,0.77147896269631,0.372,FALSE,0,0.855941081647762,0.634,FALSE,0
789,total_cumulative_intensity_below_threshold,-350.45,-0.169,686.94,-51,0.126938771346517,0,FALSE,-8.761,0.199085076497328,0.185,FALSE,-8.761,0.381885163299491,0.573,FALSE,-8.761
792,total_cumulative_intensity_below_threshold,-528.17,-0.313,683.29,-77.3,0.00463735110046976,0,TRUE,-13.204,0.0388873673171751,0.33,TRUE,-13.204,0.244583321284401,0.701,FALSE,-13.204
798,total_cumulative_intensity_below_threshold,0,-0.028,659.97,0,0.781665895375464,0,FALSE,0,0.89159939619417,0.662,FALSE,0,0.933633016957641,0.777,FALSE,0
806,total_cumulative_intensity_below_threshold,-217.85,-0.082,686.75,-31.7,0.462939488046081,0,FALSE,-5.446,0.50191248376027,0.096,FALSE,-5.446,0.624938475347743,0.518,FALSE,-5.446
827,total_cumulative_intensity_below_threshold,0,0.271,649.81,0,0.00640384285742947,0,TRUE,0,0.0346689529030322,0.27,TRUE,0,0.316280474953758,0.702,FALSE,0
837,total_cumulative_intensity_below_threshold,0,0.204,660.67,0,0.033650351931416,0,TRUE,0,0.212159619335815,0.528,FALSE,0,0.525388231956299,0.771,FALSE,0
858,total_cumulative_intensity_below_threshold,-513.85,-0.226,680.97,-75.5,0.0413372321929716,0,TRUE,-12.846,0.118736595282004,0.283,FALSE,-12.846,0.253986380799146,0.582,FALSE,-12.846
861,total_cumulative_intensity_below_threshold,-1169.5,-0.55,671,-174.3,6.1044114608e-7,0,TRUE,-29.237,1.926138402265e-5,0.166,TRUE,-29.237,4.8511645134287e-4,0.5,TRUE,-29.237
870,total_cumulative_intensity_below_threshold,0,0.018,656.45,0,0.851231235278438,0,FALSE,0,0.946467528443679,0.842,FALSE,0,0.966506557211872,0.86,FALSE,0
872,total_cumulative_intensity_below_threshold,0,-0.265,659.12,0,0.00379961581428409,0,TRUE,0,0.203369353130195,0.735,FALSE,0,0.342572314964224,0.716,FALSE,0
882,total_cumulative_intensity_below_threshold,0,-0.129,659.11,0,0.160016110996662,0,FALSE,0,0.481175761455888,0.649,FALSE,0,0.691891644802174,0.777,FALSE,0
884,total_cumulative_intensity_below_threshold,1066.6,0.444,672.72,158.5,4.222166451386e-5,0,TRUE,26.665,0.128357047063918,0.825,FALSE,26.665,0.246844725351165,0.844,FALSE,26.665
885,total_cumulative_intensity_below_threshold,0,-0.145,659.67,0,0.170248513991191,0,FALSE,0,0.462556034375258,0.601,FALSE,0,0.670672650496392,0.794,FALSE,0
893,total_cumulative_intensity_below_threshold,0,-0.019,659.29,0,0.844060406179909,0,FALSE,0,0.930656151707796,0.731,FALSE,0,0.952087187351997,0.745,FALSE,0
895,total_cumulative_intensity_below_threshold,958.45,0.603,680.11,140.9,4.601309536e-8,0,TRUE,23.961,0.036769688756897,0.811,TRUE,23.961,0.15555004910896,0.885,FALSE,23.961
898,total_cumulative_intensity_below_threshold,-16.34,-0.095,659.66,-2.5,0.388096390374443,0,FALSE,-0.408,0.443946361097524,0.129,FALSE,-0.408,0.716582824880936,0.686,FALSE,-0.408
913,total_cumulative_intensity_below_threshold,0,0.163,660.44,0,0.0525669388518041,0,FALSE,0,0.512928103849736,0.868,FALSE,0,0.629380552664611,0.791,FALSE,0
919,total_cumulative_intensity_below_threshold,0,0.068,661.64,0,0.505857888411851,0,FALSE,0,0.8081829982201,0.834,FALSE,0,0.855965286835243,0.828,FALSE,0
920,total_cumulative_intensity_below_threshold,-1016.33,-0.408,719.78,-141.2,2.2129473971528e-4,0,TRUE,-25.408,0.044363351727362,0.588,TRUE,-25.408,0.273074921120099,0.832,FALSE,-25.408
924,total_cumulative_intensity_below_threshold,-99.86,-0.419,659.29,-15.1,6.558189913146e-5,0,TRUE,-2.497,0.00157398597692635,0.248,TRUE,-2.497,0.00787887284367503,0.5,TRUE,-2.497
929,total_cumulative_intensity_below_threshold,762.77,0.223,707.18,107.9,0.0438387871621092,0,TRUE,19.069,0.172055196492943,0.401,FALSE,19.069,0.407958686949163,0.701,FALSE,19.069
931,total_cumulative_intensity_below_threshold,0,0.1,657.37,0,0.36229437236109,0,FALSE,0,0.741546766396389,0.837,FALSE,0,0.686176773997946,0.649,FALSE,0
936,total_cumulative_intensity_below_threshold,0,0.302,652.55,0,0.00240818463633313,0,TRUE,0,0.1202937612556,0.634,FALSE,0,0.316512101566701,0.741,FALSE,0
938,total_cumulative_intensity_below_threshold,0,0.045,651.44,0,0.672673702809804,0,FALSE,0,0.758704701902565,0.334,FALSE,0,0.868239369400368,0.683,FALSE,0
939,total_cumulative_intensity_below_threshold,0,0.314,652.35,0,2.4059455448365e-4,0,TRUE,0,0.202511042774173,0.856,FALSE,0,0.328304892796193,0.767,FALSE,0
948,total_cumulative_intensity_below_threshold,0,0.144,659.35,0,0.0989073968062923,0,FALSE,0,0.426797843277551,0.677,FALSE,0,0.649460383169632,0.764,FALSE,0
953,total_cumulative_intensity_below_threshold,0,-0.376,659.61,0,7.04555303155e-6,0,TRUE,0,0.0522265852956468,0.745,FALSE,0,0.213603220596764,0.748,FALSE,0
957,total_cumulative_intensity_below_threshold,0,0.038,663.86,0,0.73068447813148,0,FALSE,0,0.815136563112114,0.399,FALSE,0,0.901035143306241,0.745,FALSE,0
958,total_cumulative_intensity_below_threshold,0,0.371,1014.77,0,6.43250168155e-6,0,TRUE,0,0.161662662186649,0.902,FALSE,0,0.29660176107805,0.808,FALSE,0
965,total_cumulative_intensity_below_threshold,396.24,0.477,659.41,60.1,8.67242582181e-6,0,TRUE,9.906,9.525641747579e-5,0.141,TRUE,9.906,0.0262163029933555,0.613,TRUE,9.906
967,total_cumulative_intensity_below_threshold,238.24,0.372,659.53,36.1,7.1912930350029e-4,0,TRUE,5.956,0.0088891794351072,0.272,TRUE,5.956,0.0184901783376869,0.5,TRUE,5.956
968,total_cumulative_intensity_below_threshold,0,0.032,659.23,0,0.774739426568657,0,FALSE,0,0.803506361387021,0.15,FALSE,0,0.868153712273471,0.56,FALSE,0
972,total_cumulative_intensity_below_threshold,0,0.287,659.36,0,0.00324989937265169,0,TRUE,0,0.102742675280588,0.574,FALSE,0,0.422959479167533,0.817,FALSE,0
975,total_cumulative_intensity_below_threshold,0,0.178,656.03,0,0.101626257002932,0,FALSE,0,0.32813975251566,0.513,FALSE,0,0.385100879509575,0.58,FALSE,0
980,total_cumulative_intensity_below_threshold,12.51,0.156,659.48,1.9,0.149039558080483,0,FALSE,0.313,0.430495088345529,0.586,FALSE,0.313,0.647192154049875,0.796,FALSE,0.313
981,total_cumulative_intensity_below_threshold,0,-0.008,659.14,0,0.95267537419367,0,FALSE,0,0.960375288391318,0.19,FALSE,0,0.968872497107636,0.516,FALSE,0
982,total_cumulative_intensity_below_threshold,0,-0.079,659.5,0,0.469041917512234,0,FALSE,0,0.520420565868335,0.128,FALSE,0,0.764951623157981,0.692,FALSE,0
987,total_cumulative_intensity_below_threshold,0,-0.145,659.17,0,0.115575451022142,0,FALSE,0,0.448859511599712,0.677,FALSE,0,0.695366667182249,0.828,FALSE,0
989,total_cumulative_intensity_below_threshold,439.05,0.188,657.23,66.8,0.0995478326008683,0,FALSE,10.976,0.178764215872813,0.217,FALSE,10.976,0.28623554850464,0.524,FALSE,10.976
1000,total_cumulative_intensity_below_threshold,-111.47,-0.06,660.62,-16.9,0.591969629156442,0,FALSE,-2.787,0.589044785650848,-0.009,FALSE,-2.787,0.707698756267693,0.5,FALSE,-2.787
1006,total_cumulative_intensity_below_threshold,-85.15,-0.147,659.47,-12.9,0.179159506179007,0,FALSE,-2.129,0.257208072624429,0.182,FALSE,-2.129,0.352775655168768,0.5,FALSE,-2.129
1017,total_cumulative_intensity_below_threshold,-1114.06,-0.556,674.95,-165.1,4.5376345142e-7,0,TRUE,-27.851,0.00690779745371398,0.601,TRUE,-27.851,0.0684505577243712,0.753,FALSE,-27.851
1019,total_cumulative_intensity_below_threshold,46.9,0.026,721.35,6.5,0.82480461683375506,0,FALSE,1.172,0.918972521085392,0.707,FALSE,1.172,0.94363770829164,0.802,FALSE,1.172
1026,total_cumulative_intensity_below_threshold,-127.92,-0.279,657.37,-19.5,0.0103003983878716,0,TRUE,-3.198,0.051243310716722,0.29,FALSE,-3.198,0.0769282787258117,0.5,FALSE,-3.198
1033,total_cumulative_intensity_below_threshold,-1.45,-0.099,665.19,-0.2,0.368862378994974,0,FALSE,-0.036,0.457800000338039,0.204,FALSE,-0.036,0.721315641418484,0.709,FALSE,-0.036
1036,total_cumulative_intensity_below_threshold,-213.8,-0.314,657.57,-32.5,0.0036199841726946,0,TRUE,-5.345,0.0409034354991797,0.367,TRUE,-5.345,0.204770621774041,0.669,FALSE,-5.345
1042,total_cumulative_intensity_below_threshold,-0.33,-0.118,657.81,-0,0.277841741046742,0,FALSE,-0.008,0.412657902568976,0.296,FALSE,-0.008,0.67943112713398,0.722,FALSE,-0.008
1055,total_cumulative_intensity_below_threshold,0,0.339,651.33,0,7.590611980028e-5,0,TRUE,0,0.19794765396792,0.883,FALSE,0,0.439321971144697,0.893,FALSE,0
1067,total_cumulative_intensity_below_threshold,-446.27,-0.249,658,-67.8,0.022499516822112,0,TRUE,-11.157,0.0492022589861701,0.159,TRUE,-11.157,0.269956687616025,0.632,FALSE,-11.157
1084,total_cumulative_intensity_below_threshold,-817.63,-0.413,668.06,-122.4,1.8095502252199e-4,0,TRUE,-20.441,2.6922369574633e-4,0.03,TRUE,-20.441,0.00888339933256944,0.5,TRUE,-20.441
1086,total_cumulative_intensity_below_threshold,0,-0.109,660.2,0,0.282501334065419,0,FALSE,0,0.454074838300438,0.375,FALSE,0,0.699543116487099,0.717,FALSE,0
1092,total_cumulative_intensity_below_threshold,-419.77,-0.31,663.61,-63.3,0.00496104280614293,0,TRUE,-10.494,0.00420384998615432,-0.02,TRUE,-10.494,0.0606518866752706,0.517,FALSE,-10.494
1101,total_cumulative_intensity_below_threshold,-234.6,-0.129,677.12,-34.6,0.243859738192464,0,FALSE,-5.865,0.296637772953039,0.119,FALSE,-5.865,0.428877458674681,0.511,FALSE,-5.865
1109,total_cumulative_intensity_below_threshold,0,-0.04,659.51,0,0.720548102772512,0,FALSE,0,0.852458233190861,0.623,FALSE,0,0.909782730935565,0.796,FALSE,0
1112,total_cumulative_intensity_below_threshold,209.84,0.169,658.94,31.8,0.125251457747583,0,FALSE,5.246,0.152139083890849,0.074,FALSE,5.246,0.438595281849634,0.619,FALSE,5.246
1121,total_cumulative_intensity_below_threshold,320.72,0.242,662.02,48.4,0.0284561475369229,0,TRUE,8.018,0.0466433909992093,0.104,TRUE,8.018,0.125418109355721,0.5,FALSE,8.018
1122,total_cumulative_intensity_below_threshold,-518.19,-0.309,663.28,-78.1,0.00516693068809129,0,TRUE,-12.955,0.0138061308209574,0.137,TRUE,-12.955,0.0504317399410032,0.5,FALSE,-12.955
1125,total_cumulative_intensity_below_threshold,320.72,0.242,662.02,48.4,0.0284561475369229,0,TRUE,8.018,0.0466433909992093,0.104,TRUE,8.018,0.125418109355721,0.5,FALSE,8.018
1139,total_cumulative_intensity_below_threshold,0,0.129,659.23,0,0.160016110996662,0,FALSE,0,0.418960614688053,0.545,FALSE,0,0.644259833751587,0.715,FALSE,0
1161,total_cumulative_intensity_below_threshold,0,0.162,659.59,0,0.0990053537011829,0,FALSE,0,0.28541024438938,0.443,FALSE,0,0.670670804258747,0.839,FALSE,0
1163,total_cumulative_intensity_below_threshold,0,0.121,655.5,0,0.210176530121494,0,FALSE,0,0.404542370369945,0.418,FALSE,0,0.67455745587148,0.712,FALSE,0
1164,total_cumulative_intensity_below_threshold,0,-0.19,659.72,0,0.0523746826473766,0,FALSE,0,0.0752301494215092,0.093,FALSE,0,0.557698473246933,0.774,FALSE,0
1170,total_cumulative_intensity_below_threshold,0,0.141,659.45,0,0.168650696133874,0,FALSE,0,0.325254190980158,0.351,FALSE,0,0.612136299717355,0.713,FALSE,0
1171,total_cumulative_intensity_below_threshold,0,0.085,660.29,0,0.3909800743531,0,FALSE,0,0.464646448856551,0.171,FALSE,0,0.664601354453644,0.573,FALSE,0
1176,total_cumulative_intensity_below_threshold,0,0.065,659.23,0,0.527628195109674,0,FALSE,0,0.699732489295331,0.495,FALSE,0,0.824532863151116,0.732,FALSE,0
1179,total_cumulative_intensity_below_threshold,0,0.274,659.46,0,0.00211991802642703,0,TRUE,0,0.183445615091503,0.744,FALSE,0,0.4300623282371,0.804,FALSE,0
1181,total_cumulative_intensity_below_threshold,54.17,0.401,659.48,8.2,6.557173997473e-5,0,TRUE,1.354,0.0117916573262291,0.466,TRUE,1.354,0.145115067308961,0.711,FALSE,1.354
1186,total_cumulative_intensity_below_threshold,215.79,0.432,661.57,32.6,6.161593179447e-5,0,TRUE,5.395,0.0225993991324971,0.553,TRUE,5.395,0.0516211778656503,0.626,FALSE,5.395
1188,total_cumulative_intensity_below_threshold,-809.33,-0.35,663.55,-122,0.00134978138229785,0,TRUE,-20.233,9.0056722583313e-4,-0.038,TRUE,-20.233,0.0266132439097708,0.5,TRUE,-20.233
1190,total_cumulative_intensity_below_threshold,-181.3,-0.135,663.31,-27.3,0.224730714615122,0,FALSE,-4.533,0.452675322153038,0.484,FALSE,-4.533,0.674884999909475,0.77,FALSE,-4.533
1192,total_cumulative_intensity_below_threshold,-17.13,-0.074,672.72,-2.5,0.503945211365854,0,FALSE,-0.428,0.639117249766734,0.368,FALSE,-0.428,0.796377642548774,0.723,FALSE,-0.428
1194,total_cumulative_intensity_below_threshold,278.65,0.31,660.35,42.2,0.00262467267141945,0,TRUE,6.966,0.0200516153762482,0.273,TRUE,6.966,0.0870524348456157,0.55,FALSE,6.966
1208,total_cumulative_intensity_below_threshold,132.8,0.362,660.96,20.1,7.0046167255625e-4,0,TRUE,3.32,0.102589296049083,0.676,FALSE,3.32,0.366310468991643,0.861,FALSE,3.32
1214,total_cumulative_intensity_below_threshold,0,0.342,659.27,0,1.8597275991491e-4,0,TRUE,0,0.2077666105138,0.869,FALSE,0,0.32634733351928,0.806,FALSE,0
1219,total_cumulative_intensity_below_threshold,0,0.126,659.47,0,0.220573227672809,0,FALSE,0,0.426990996177578,0.442,FALSE,0,0.654287690466484,0.716,FALSE,0
1220,total_cumulative_intensity_below_threshold,43.41,0.331,661.02,6.6,0.00236981099767917,0,TRUE,1.085,0.0203614105735809,0.286,TRUE,1.085,0.132526450179204,0.622,FALSE,1.085
1236,total_cumulative_intensity_below_threshold,0,0.201,659.17,0,0.042837496251916,0,TRUE,0,0.0938414805813862,0.203,FALSE,0,0.333473647493681,0.601,FALSE,0
1237,total_cumulative_intensity_below_threshold,111.77,0.217,661.35,16.9,0.0440108963871326,0,TRUE,2.794,0.0725987245147503,0.124,FALSE,2.794,0.170880693013199,0.5,FALSE,2.794
1243,total_cumulative_intensity_below_threshold,0,0.305,659.11,0,4.2613782864283e-4,0,TRUE,0,0.164593967789784,0.795,FALSE,0,0.388159705190815,0.811,FALSE,0
1247,total_cumulative_intensity_below_threshold,13.26,0.246,660.2,2,0.0182629124496106,0,TRUE,0.332,0.0748006808136194,0.296,FALSE,0.332,0.48704704415459,0.811,FALSE,0.332
1249,total_cumulative_intensity_below_threshold,0,-0.06,659.86,0,0.5278035721178,0,FALSE,0,0.724271652376034,0.568,FALSE,0,0.861745251570639,0.795,FALSE,0
1254,total_cumulative_intensity_below_threshold,-68.63,-0.406,660.63,-10.4,1.0913784707371e-4,0,TRUE,-1.716,0.0101761400504611,0.42,TRUE,-1.716,0.177962128139381,0.748,FALSE,-1.716
1258,total_cumulative_intensity_below_threshold,0,0.3,664.8,0,5.324473257623e-4,0,TRUE,0,0.179928649628573,0.805,FALSE,0,0.350448402797088,0.772,FALSE,0
1263,total_cumulative_intensity_below_threshold,0,0.265,659.35,0,0.00379961581428409,0,TRUE,0,0.217684899088577,0.753,FALSE,0,0.371327597465129,0.74,FALSE,0
1269,total_cumulative_intensity_below_threshold,0,-0.008,661.28,0,0.95285416224692,0,FALSE,0,0.962703728922598,0.249,FALSE,0,0.96749099506081,0.5,FALSE,0
1273,total_cumulative_intensity_below_threshold,0,0.218,659.44,0,0.032819248489957,0,TRUE,0,0.157106063944446,0.422,FALSE,0,0.263629041847809,0.576,FALSE,0
1275,total_cumulative_intensity_below_threshold,0,-0.04,659.46,0,0.710867940008927,0,FALSE,0,0.738501027376091,0.113,FALSE,0,0.852402609689941,0.6,FALSE,0
1277,total_cumulative_intensity_below_threshold,0,0.158,659.14,0,0.118547612372996,0,FALSE,0,0.254085850209386,0.329,FALSE,0,0.51760775236914,0.661,FALSE,0
1279,total_cumulative_intensity_below_threshold,350.22,0.313,661.08,53,0.0040662664316379,0,TRUE,8.755,0.129073531890428,0.611,FALSE,8.755,0.268346487265652,0.721,FALSE,8.755
1280,total_cumulative_intensity_below_threshold,0,0.291,659.27,0,0.00192275695350885,0,TRUE,0,0.131744367231541,0.671,FALSE,0,0.418708168323407,0.818,FALSE,0
1283,total_cumulative_intensity_below_threshold,635.86,0.214,680.94,93.4,0.0530881709554106,0,FALSE,15.897,0.131449289013945,0.264,FALSE,15.897,0.568634622314433,0.835,FALSE,15.897
1287,total_cumulative_intensity_below_threshold,175.84,0.195,663.2,26.5,0.0772014455965838,0,FALSE,4.396,0.102555353656192,0.085,FALSE,4.396,0.536992022726005,0.764,FALSE,4.396
1291,total_cumulative_intensity_below_threshold,458.74,0.228,682.72,67.2,0.0391855471705841,0,TRUE,11.469,0.0693558869440434,0.137,FALSE,11.469,0.149093683151397,0.5,FALSE,11.469
1292,total_cumulative_intensity_below_threshold,1309.4,0.492,687.11,190.6,8.10670976081e-6,0,TRUE,32.735,0.00452625080835741,0.459,TRUE,32.735,0.0443742281699936,0.665,TRUE,32.735
1294,total_cumulative_intensity_below_threshold,0,0.215,659.29,0,0.0247659061887263,0,TRUE,0,0.256687401237692,0.644,FALSE,0,0.42227418861905,0.7,FALSE,0
1295,total_cumulative_intensity_below_threshold,0,0.241,659.53,0,0.019571527284708,0,TRUE,0,0.129467079364669,0.44,FALSE,0,0.377390988146736,0.707,FALSE,0
1296,total_cumulative_intensity_below_threshold,0,0.059,659.35,0,0.574273412018006,0,FALSE,0,0.579009538319157,0.013,FALSE,0,0.789422449269562,0.617,FALSE,0
1297,total_cumulative_intensity_below_threshold,219.52,0.123,693.16,31.7,0.268359528829253,0,FALSE,5.488,0.542097040216146,0.579,FALSE,5.488,0.646888071154349,0.698,FALSE,5.488
1302,total_cumulative_intensity_below_threshold,0,0.122,660.11,0,0.222325542772886,0,FALSE,0,0.451989878880427,0.487,FALSE,0,0.63456619771439,0.679,FALSE,0
1317,total_cumulative_intensity_below_threshold,0,0.138,659.12,0,0.176601115008957,0,FALSE,0,0.342019052153897,0.366,FALSE,0,0.590385289298677,0.681,FALSE,0
1586,total_cumulative_intensity_below_threshold,-979.12,-0.559,679.37,-144.1,4.0159524434e-7,0,TRUE,-24.478,0.00104187884903794,0.444,TRUE,-24.478,0.00208391061060487,0.551,TRUE,-24.478
1587,total_cumulative_intensity_below_threshold,-362.45,-0.231,671.3,-54,0.0370207476659053,0,TRUE,-9.061,0.0804824829024628,0.189,FALSE,-9.061,0.22799839401846,0.569,FALSE,-9.061
1592,total_cumulative_intensity_below_threshold,-323.83,-0.29,667.25,-48.5,0.00875481860343392,0,TRUE,-8.096,0.293786164678818,0.787,FALSE,-8.096,0.391263487525597,0.793,FALSE,-8.096
1634,total_cumulative_intensity_below_threshold,-1270.91,-0.536,662.26,-191.9,1.18289511703e-6,0,TRUE,-31.773,0.012560171073991,0.632,TRUE,-31.773,0.0575588759873316,0.721,FALSE,-31.773
1645,total_cumulative_intensity_below_threshold,-714.4,-0.286,661.54,-108,0.00967668204848478,0,TRUE,-17.86,0.0154078360871432,0.071,TRUE,-17.86,0.0752583465106569,0.506,FALSE,-17.86
1654,total_cumulative_intensity_below_threshold,-820.73,-0.378,669.34,-122.6,6.1336024561951e-4,0,TRUE,-20.518,0.0108863766180335,0.312,TRUE,-20.518,0.0165515567797205,0.5,TRUE,-20.518
1655,total_cumulative_intensity_below_threshold,-215.8,-0.144,664.93,-32.5,0.208684670683157,0,FALSE,-5.395,0.246805413803473,0.089,FALSE,-5.395,0.384840621954436,0.5,FALSE,-5.395
1659,total_cumulative_intensity_below_threshold,-144.13,-0.083,734,-19.6,0.455756911816775,0,FALSE,-3.603,0.429868695057412,-0.061,FALSE,-3.603,0.601891911191772,0.5,FALSE,-3.603
1683,total_cumulative_intensity_below_threshold,-84.25,-0.044,663.7,-12.7,0.706056827224919,0,FALSE,-2.106,0.730207692196996,0.097,FALSE,-2.106,0.858898484594407,0.644,FALSE,-2.106
1684,total_cumulative_intensity_below_threshold,-87.11,-0.065,662.48,-13.1,0.560097453980375,0,FALSE,-2.178,0.511922348584615,-0.127,FALSE,-2.178,0.683598271969089,0.5,FALSE,-2.178
1703,total_cumulative_intensity_below_threshold,0,-0.014,655.69,0,0.909597973714556,0,FALSE,0,0.909088904229382,-0.006,FALSE,0,0.937658130236339,0.5,FALSE,0
1714,total_cumulative_intensity_below_threshold,-493.94,-0.215,668.46,-73.9,0.0516880497553147,0,FALSE,-12.349,0.073687133407613,0.091,FALSE,-12.349,0.344958501171741,0.636,FALSE,-12.349
1732,total_cumulative_intensity_below_threshold,-421.24,-0.223,658.19,-64,0.043714750928691,0,TRUE,-10.531,0.0306297221241715,-0.075,TRUE,-10.531,0.197013966369722,0.532,FALSE,-10.531
1739,total_cumulative_intensity_below_threshold,-301.08,-0.103,662.41,-45.5,0.357347193610757,0,FALSE,-7.527,0.276140157206023,-0.18,FALSE,-7.527,0.519598999317476,0.5,FALSE,-7.527
1740,total_cumulative_intensity_below_threshold,-1270.91,-0.536,662.26,-191.9,1.18289511703e-6,0,TRUE,-31.773,0.012560171073991,0.632,TRUE,-31.773,0.0575588759873316,0.721,FALSE,-31.773
1741,total_cumulative_intensity_below_threshold,-1088.24,-0.441,663.18,-164.1,6.311982780589e-5,0,TRUE,-27.206,0.00568139286111465,0.382,TRUE,-27.206,0.0177781474636026,0.56,TRUE,-27.206
1744,total_cumulative_intensity_below_threshold,-620.07,-0.21,849.38,-73,0.0575488796913933,0,FALSE,-15.502,0.132022500730047,0.246,FALSE,-15.502,0.338714960191689,0.621,FALSE,-15.502
1752,total_cumulative_intensity_below_threshold,-415.63,-0.197,679.14,-61.2,0.0746500897742795,0,FALSE,-10.391,0.0586457588959385,-0.064,FALSE,-10.391,0.21233780184582501,0.5,FALSE,-10.391
1753,total_cumulative_intensity_below_threshold,1278.09,0.485,660.39,193.5,4.66232989945e-6,0,TRUE,31.952,0.0185028993189884,0.631,TRUE,31.952,0.144746543756431,0.787,FALSE,31.952
1754,total_cumulative_intensity_below_threshold,0,0.058,652.13,0,0.599815861992686,0,FALSE,0,0.679863301672517,0.255,FALSE,0,0.806257057580383,0.641,FALSE,0
1755,total_cumulative_intensity_below_threshold,-743.78,-0.49,659.6,-112.8,9.03592737954e-6,0,TRUE,-18.595,4.298293049558e-5,0.088,TRUE,-18.595,0.00189719477142802,0.5,TRUE,-18.595
1756,total_cumulative_intensity_below_threshold,0,-0.054,652.26,0,0.604607768177354,0,FALSE,0,0.807374528200499,0.691,FALSE,0,0.885416214252508,0.825,FALSE,0
1761,total_cumulative_intensity_below_threshold,-319.04,-0.16,662.39,-48.2,0.148506666612701,0,FALSE,-7.976,0.228150742774353,0.194,FALSE,-7.976,0.382544065453926,0.553,FALSE,-7.976
1762,total_cumulative_intensity_below_threshold,-619.24,-0.396,653.91,-94.7,2.8408651335732e-4,0,TRUE,-15.481,0.0036522862914717,0.236,TRUE,-15.481,0.0876579215435444,0.643,FALSE,-15.481
1776,total_cumulative_intensity_below_threshold,492.33,0.214,662.81,74.3,0.0477688281425003,0,TRUE,12.308,0.245262218542027,0.528,FALSE,12.308,0.56221387633306,0.828,FALSE,12.308
1796,total_cumulative_intensity_below_threshold,-606.39,-0.3,667.12,-90.9,0.00663376241364479,0,TRUE,-15.16,0.0228043546283407,0.188,TRUE,-15.16,0.144223989416357,0.596,FALSE,-15.16
1848,total_cumulative_intensity_below_threshold,-59.27,-0.094,660.15,-9,0.3994091022203,0,FALSE,-1.482,0.508871342739246,0.258,FALSE,-1.482,0.585487515705024,0.526,FALSE,-1.482
1851,total_cumulative_intensity_below_threshold,0,0.008,659.59,0,0.947387541637791,0,FALSE,0,0.950030420525221,0.056,FALSE,0,0.970747473175896,0.538,FALSE,0
1863,total_cumulative_intensity_below_threshold,0,0.121,663.84,0,0.240198972323902,0,FALSE,0,0.336507148480899,0.214,FALSE,0,0.676137621370669,0.727,FALSE,0
1864,total_cumulative_intensity_below_threshold,-266.36,-0.128,663.57,-40.1,0.248446251679208,0,FALSE,-6.659,0.276769735304481,0.064,FALSE,-6.659,0.507529567162798,0.572,FALSE,-6.659
1869,total_cumulative_intensity_below_threshold,-470.16,-0.214,662.15,-71,0.0526473996392981,0,FALSE,-11.754,0.0548302020675221,0.01,FALSE,-11.754,0.176031569081666,0.5,FALSE,-11.754
1872,total_cumulative_intensity_below_threshold,0,0.072,659.91,0,0.46792107098055,0,FALSE,0,0.489788745091714,0.054,FALSE,0,0.788059879886112,0.693,FALSE,0
1883,total_cumulative_intensity_below_threshold,285.39,0.132,669.24,42.6,0.234641915712454,0,FALSE,7.135,0.382285758505476,0.323,FALSE,7.135,0.632483840669553,0.709,FALSE,7.135
1916,total_cumulative_intensity_below_threshold,-737.82,-0.292,745.49,-99,0.0081742874385338,0,TRUE,-18.445,0.0647348836940641,0.373,FALSE,-18.445,0.202240743467724,0.638,FALSE,-18.445
7313,total_cumulative_intensity_below_threshold,200,0.174,652.05,30.7,0.115702504046809,0,FALSE,5,0.216746608574913,0.257,FALSE,5,0.419597621083,0.607,FALSE,5
7318,total_cumulative_intensity_below_threshold,-165.07,-0.054,663.13,-24.9,0.632869142286627,0,FALSE,-4.127,0.830723565006442,0.724,FALSE,-4.127,0.902699666143719,0.892,FALSE,-4.127
41,mean_level,-8.44,-0.033,908.26,-0.9,0.770840345264592,0,FALSE,-0.211,0.836732609739439,0.36,FALSE,-0.211,0.917918279929984,0.761,FALSE,-0.211
42,mean_level,-0.52,-0.105,106.41,-0.5,0.345305697448102,0,FALSE,-0.013,0.538152503870006,0.436,FALSE,-0.013,0.734606905990092,0.755,FALSE,-0.013
55,mean_level,-2.03,-0.01,106.52,-1.9,0.934998803970505,0,FALSE,-0.051,0.963234388045601,0.559,FALSE,-0.051,0.978829433179965,0.795,FALSE,-0.051
57,mean_level,30.13,0.126,184.1,16.4,0.25841287570987,0,FALSE,0.753,0.491378327969868,0.497,FALSE,0.753,0.681248991357368,0.75,FALSE,0.753
60,mean_level,6.62,0.397,23.5,28.2,3.1800958959306e-4,0,TRUE,0.166,0.0425902809120033,0.562,TRUE,0.166,0.16584645571996,0.727,FALSE,0.166
63,mean_level,9.58,0.095,161.26,5.9,0.395032976640867,0,FALSE,0.239,0.589977245916915,0.463,FALSE,0.239,0.745727025487658,0.731,FALSE,0.239
72,mean_level,-1.14,-0.074,47.3,-2.4,0.506620569504461,0,FALSE,-0.028,0.687988348416539,0.503,FALSE,-0.028,0.826889602534723,0.79,FALSE,-0.028
80,mean_level,-18.01,-0.246,389.1,-4.6,0.0260579122316927,0,TRUE,-0.45,0.0497008790265583,0.135,TRUE,-0.45,0.380298912275066,0.718,FALSE,-0.45
83,mean_level,-57.31,-0.436,362.07,-15.8,7.824897101362e-5,0,TRUE,-1.433,0.0121550379507144,0.461,TRUE,-1.433,0.0176151178364515,0.555,TRUE,-1.433
85,mean_level,-1.35,-0.203,53.38,-2.5,0.0673677916589717,0,FALSE,-0.034,0.0846069188908426,0.064,FALSE,-0.034,0.228196315856949,0.522,FALSE,-0.034
88,mean_level,2.83,0.056,52.58,5.4,0.616375003480359,0,FALSE,0.071,0.684114294135248,0.222,FALSE,0.071,0.829993129929791,0.684,FALSE,0.071
89,mean_level,-52.82,-0.495,146.26,-36.1,7.2692562392e-6,0,TRUE,-1.32,0.0331473023999176,0.686,TRUE,-1.32,0.0868732183425038,0.731,FALSE,-1.32
90,mean_level,-11.34,-0.413,70.26,-16.1,1.8403336440617e-4,0,TRUE,-0.284,0.00144109795132804,0.172,TRUE,-0.284,0.0468519599334651,0.601,TRUE,-0.284
91,mean_level,-18.92,-0.338,129.91,-14.6,0.00218236833197586,0,TRUE,-0.473,0.0415012489903012,0.418,TRUE,-0.473,0.177655422141187,0.674,FALSE,-0.473
93,mean_level,-0.63,-0.41,31.34,-2,2.0185782460191e-4,0,TRUE,-0.016,0.00524740344987882,0.302,TRUE,-0.016,0.00931716959934016,0.5,TRUE,-0.016
94,mean_level,-84.63,-0.454,324.96,-26,3.90863265608e-5,0,TRUE,-2.116,0.00122261946888623,0.255,TRUE,-2.116,0.00401084532237243,0.5,TRUE,-2.116
97,mean_level,-3.76,-0.241,49.3,-7.6,0.0293507310604593,0,TRUE,-0.094,0.0930194781199012,0.275,FALSE,-0.094,0.277954113000523,0.626,FALSE,-0.094
99,mean_level,-0.88,-0.105,20.94,-4.2,0.345305697448102,0,FALSE,-0.022,0.341257053238808,-0.009,FALSE,-0.022,0.563698465746658,0.548,FALSE,-0.022
100,mean_level,-43.94,-0.336,316.37,-13.9,0.00235856472558294,0,TRUE,-1.098,0.0475484287259518,0.437,TRUE,-1.098,0.172587382243656,0.666,FALSE,-1.098
107,mean_level,-32.18,-0.449,433.8,-7.4,5.915368076168e-5,0,TRUE,-0.805,7.2035453262893e-4,0.184,TRUE,-0.805,0.106206129117007,0.709,FALSE,-0.805
111,mean_level,-11.43,-0.187,48.61,-23.5,0.0911427988442931,0,FALSE,-0.286,0.344147053274846,0.566,FALSE,-0.286,0.566808432803777,0.778,FALSE,-0.286
113,mean_level,-1.15,-0.056,12.47,-9.2,0.616375003480359,0,FALSE,-0.029,0.806150647551587,0.665,FALSE,-0.029,0.88654227326007,0.849,FALSE,-0.029
114,mean_level,-3.26,-0.141,27.43,-11.9,0.204097893101901,0,FALSE,-0.081,0.353650130767276,0.329,FALSE,-0.081,0.634006635259337,0.738,FALSE,-0.081
133,mean_level,2.53,0.179,274.26,0.9,0.110313155747859,0,FALSE,0.063,0.251588459473166,0.346,FALSE,0.063,0.337245897540884,0.553,FALSE,0.063
182,mean_level,-145.01,-0.196,709.73,-20.4,0.0815172558207999,0,FALSE,-3.625,0.221954294462906,0.369,FALSE,-3.625,0.48171066602975,0.707,FALSE,-3.625
185,mean_level,-150.26,-0.101,1538.09,-9.8,0.370696984568353,0,FALSE,-3.756,0.731440205437709,0.81,FALSE,-3.756,0.807293333582417,0.868,FALSE,-3.756
204,mean_level,-0.34,-0.049,73.26,-0.5,0.666404182984928,0,FALSE,-0.008,0.675399953371448,0.031,FALSE,-0.008,0.76296554221297,0.5,FALSE,-0.008
292,mean_level,11.5,0.203,40.32,28.5,0.0673677916589717,0,FALSE,0.287,0.181846542507793,0.33,FALSE,0.287,0.365113824458,0.628,FALSE,0.287
293,mean_level,12.16,0.144,70.52,17.2,0.195919478029792,0,FALSE,0.304,0.35686612780432,0.354,FALSE,0.304,0.567048106346866,0.672,FALSE,0.304
297,mean_level,881.26,0.392,3970.26,22.2,3.8004648510722e-4,0,TRUE,22.032,0.0483471370951099,0.573,TRUE,22.032,0.210976406437233,0.763,FALSE,22.032
299,mean_level,498.45,0.346,3413.89,14.6,0.00172365475661521,0,TRUE,12.461,0.0999230322543503,0.616,FALSE,12.461,0.326119443468692,0.81,FALSE,12.461
300,mean_level,119.49,0.326,970.81,12.3,0.00320135424849328,0,TRUE,2.987,0.0832194705643447,0.527,FALSE,2.987,0.24878575616158,0.721,FALSE,2.987
307,mean_level,-1152.5,-0.103,16989.3,-6.8,0.357347193610757,0,FALSE,-28.812,0.744665714950261,0.848,FALSE,-28.812,0.816092224233205,0.897,FALSE,-28.812
319,mean_level,-35.1,-0.503,54.84,-64,5.22475630357e-6,0,TRUE,-0.878,0.00117909961316187,0.354,TRUE,-0.878,0.00143600609239652,0.5,TRUE,-0.878
338,mean_level,-488.8,-0.367,3242.62,-15.1,8.9841922565356e-4,0,TRUE,-12.22,0.0446134054180238,0.503,TRUE,-12.22,0.202263391608272,0.728,FALSE,-12.22
350,mean_level,-7.24,-0.179,44.2,-16.4,0.105341058564677,0,FALSE,-0.181,0.136917832927956,0.092,FALSE,-0.181,0.336853906617795,0.56,FALSE,-0.181
355,mean_level,-34.48,-0.092,1117.42,-3.1,0.408110420461059,0,FALSE,-0.862,0.629121323991171,0.533,FALSE,-0.862,0.779080535487141,0.778,FALSE,-0.862
361,mean_level,-8.97,-0.515,13.17,-68.1,2.9818676131e-6,0,TRUE,-0.224,0.0162927213382661,0.631,TRUE,-0.224,0.0604076066971489,0.71,FALSE,-0.224
362,mean_level,-45.77,-0.197,148.35,-30.8,0.0746500897742795,0,FALSE,-1.144,0.45261103862796,0.759,FALSE,-1.144,0.620209072522287,0.858,FALSE,-1.144
367,mean_level,-28.73,-0.321,45.54,-63.1,0.00371846164139384,0,TRUE,-0.718,0.088629416246488,0.528,FALSE,-0.718,0.31989258996576603,0.774,FALSE,-0.718
370,mean_level,-31.03,-0.172,565.12,-5.5,0.121240531890668,0,FALSE,-0.776,0.198735305862242,0.2,FALSE,-0.776,0.492997802421241,0.672,FALSE,-0.776
372,mean_level,-6.49,-0.333,16.16,-40.1,0.00254769872740663,0,TRUE,-0.162,0.0266706278458281,0.324,TRUE,-0.162,0.0832542387981029,0.572,FALSE,-0.162
373,mean_level,275.64,0.469,503.33,54.8,2.112767449349e-5,0,TRUE,6.891,0.118252673010906,0.83,FALSE,6.891,0.235063249903674,0.857,FALSE,6.891
374,mean_level,2.82,0.031,121.43,2.3,0.788719489903205,0,FALSE,0.07,0.827543460447589,0.221,FALSE,0.07,0.90269143955437,0.66,FALSE,0.07
375,mean_level,-2.74,-0.364,6.16,-44.5,9.763906195981e-4,0,TRUE,-0.069,0.0245510668230183,0.395,TRUE,-0.069,0.118908427254087,0.646,FALSE,-0.069
377,mean_level,4.74,0.033,125.52,3.8,0.770840345264592,0,FALSE,0.119,0.841185270020414,0.387,FALSE,0.119,0.91030214156895,0.725,FALSE,0.119
378,mean_level,-0.02,-0.005,15.42,-0.1,0.972117135841733,0,FALSE,-0.001,0.984252722893876,0.56,FALSE,-0.001,0.990108600800951,0.76,FALSE,-0.001
382,mean_level,-9.53,-0.231,17.4,-54.8,0.0370207476659053,0,TRUE,-0.238,0.188159479896004,0.466,FALSE,-0.238,0.411541943212918,0.718,FALSE,-0.238
383,mean_level,-13.44,-0.164,33.62,-40,0.138958294570753,0,FALSE,-0.336,0.334578244194455,0.437,FALSE,-0.336,0.586114699180412,0.745,FALSE,-0.336
384,mean_level,197.96,0.249,645.49,30.7,0.0245347936263211,0,TRUE,4.949,0.242428003548587,0.623,FALSE,4.949,0.435864125676695,0.769,FALSE,4.949
385,mean_level,1,0.364,1.02,98.3,9.763906195981e-4,0,TRUE,0.025,0.0363022936070127,0.461,TRUE,0.025,0.164135511389138,0.691,FALSE,0.025
386,mean_level,-216.4,-0.213,465.55,-46.5,0.0545528426741626,0,FALSE,-5.41,0.213596266435487,0.444,FALSE,-5.41,0.435327570368924,0.706,FALSE,-5.41
387,mean_level,14.9,0.056,184.92,8.1,0.616375003480359,0,FALSE,0.373,0.717645702192968,0.341,FALSE,0.373,0.806552027650021,0.633,FALSE,0.373
388,mean_level,-58.97,-0.254,94.95,-62.1,0.021718583114218398,0,TRUE,-1.474,0.143155353750465,0.456,FALSE,-1.474,0.371420369327954,0.722,FALSE,-1.474
389,mean_level,-0.08,-0.005,119.31,-0.1,0.972117135841733,0,FALSE,-0.002,0.983754830240363,0.534,FALSE,-0.002,0.990541937419659,0.778,FALSE,-0.002
390,mean_level,6.82,0.203,63.99,10.7,0.0673677916589717,0,FALSE,0.171,0.218733764630836,0.408,FALSE,0.171,0.498421267889045,0.743,FALSE,0.171
391,mean_level,20.16,0.144,177.08,11.4,0.195919478029792,0,FALSE,0.504,0.223632513248615,0.066,FALSE,0.504,0.453592130956477,0.568,FALSE,0.504
392,mean_level,-0.4,-0.015,20.2,-2,0.898021262132282,0,FALSE,-0.01,0.919699328329677,0.255,FALSE,-0.01,0.935464482116899,0.537,FALSE,-0.01
393,mean_level,-32.81,-0.126,733.15,-4.5,0.25841287570987,0,FALSE,-0.82,0.533108833075865,0.578,FALSE,-0.82,0.619347020538482,0.674,FALSE,-0.82
394,mean_level,-31.24,-0.077,322.29,-9.7,0.491823743144037,0,FALSE,-0.781,0.634534432240025,0.382,FALSE,-0.781,0.800484085467844,0.746,FALSE,-0.781
396,mean_level,-278.8,-0.197,884.36,-31.5,0.0746500897742795,0,FALSE,-6.97,0.216513616122107,0.38,FALSE,-6.97,0.488560227369728,0.723,FALSE,-6.97
398,mean_level,0.81,0.015,111.54,0.7,0.898021262132282,0,FALSE,0.02,0.919753621464109,0.255,FALSE,0.02,0.955888547734688,0.682,FALSE,0.02
399,mean_level,-3.16,-0.246,32.77,-9.7,0.0260579122316927,0,TRUE,-0.079,0.158862869766191,0.463,FALSE,-0.079,0.464672285881034,0.791,FALSE,-0.079
411,mean_level,-218.2,-0.146,1265.98,-17.2,0.187983838138654,0,FALSE,-5.455,0.388854909927678,0.433,FALSE,-5.455,0.598753040230617,0.712,FALSE,-5.455
413,mean_level,0.47,0.01,85.98,0.6,0.934998803970505,0,FALSE,0.012,0.97136611972547,0.734,FALSE,0.012,0.982039580553085,0.861,FALSE,0.012
415,mean_level,2.19,0.549,207.12,1.1,6.5250416311e-7,0,TRUE,0.055,0.00121511195295005,0.439,TRUE,0.055,0.0188745242634358,0.647,TRUE,0.055
416,mean_level,22.85,0.008,751.8,3,0.953545373759069,0,FALSE,0.571,0.980941913309534,0.774,FALSE,0.571,0.987020791192632,0.857,FALSE,0.571
421,mean_level,22.19,0.023,764.73,2.9,0.842992183820956,0,FALSE,0.555,0.924013842144803,0.677,FALSE,0.555,0.953514314238622,0.835,FALSE,0.555
423,mean_level,37.74,0.149,243.47,15.5,0.180287946389303,0,FALSE,0.943,0.509953945295684,0.662,FALSE,0.943,0.616779758761082,0.739,FALSE,0.943
430,mean_level,-7.48,-0.056,47.46,-15.8,0.616375003480359,0,FALSE,-0.187,0.789738926972346,0.605,FALSE,-0.187,0.875554418688829,0.811,FALSE,-0.187
438,mean_level,2.28,0.021,81.92,2.8,0.860288704842334,0,FALSE,0.057,0.88177056413372,0.18,FALSE,0.057,0.922523431294879,0.583,FALSE,0.057
449,mean_level,-13.77,-0.226,54.01,-25.5,0.041456909675792,0,TRUE,-0.344,0.123757316334456,0.296,FALSE,-0.344,0.249226857466487,0.578,FALSE,-0.344
451,mean_level,54.95,0.046,3885.13,1.4,0.683430638863361,0,FALSE,1.374,0.820345672759618,0.571,FALSE,1.374,0.889956975753003,0.778,FALSE,1.374
456,mean_level,-2.79,-0.079,51.71,-5.4,0.477262035081051,0,FALSE,-0.07,0.57615406133458,0.255,FALSE,-0.07,0.707452667068956,0.603,FALSE,-0.07
473,mean_level,-12.99,-0.272,24.76,-52.4,0.013956996067476,0,TRUE,-0.325,0.170272261794049,0.569,FALSE,-0.325,0.413287919551777,0.786,FALSE,-0.325
477,mean_level,8.61,0.085,142.22,6.1,0.448859820864049,0,FALSE,0.215,0.624190107980247,0.444,FALSE,0.215,0.766226868682668,0.719,FALSE,0.215
479,mean_level,-401.52,-0.267,884.53,-45.4,0.0158755471413791,0,TRUE,-10.038,0.341082060332634,0.795,FALSE,-10.038,0.516694942627232,0.872,FALSE,-10.038
481,mean_level,-10.31,-0.169,98.38,-10.5,0.126938771346517,0,FALSE,-0.258,0.244246090819967,0.286,FALSE,-0.258,0.39697303512783,0.585,FALSE,-0.258
488,mean_level,-5.77,-0.087,170.56,-3.4,0.435026427854838,0,FALSE,-0.144,0.593848908602661,0.394,FALSE,-0.144,0.729907164736432,0.672,FALSE,-0.144
491,mean_level,0.12,0.097,10.38,1.2,0.382212151761582,0,FALSE,0.003,0.388232159736869,0.014,FALSE,0.003,0.654528334481814,0.615,FALSE,0.003
492,mean_level,44.86,0.092,489.08,9.2,0.408110420461059,0,FALSE,1.122,0.673404127873728,0.637,FALSE,1.122,0.810988843413382,0.843,FALSE,1.122
497,mean_level,19.17,0.362,91.16,21,0.00106058861539896,0,TRUE,0.479,0.0526243149655315,0.521,FALSE,0.479,0.242897574464125,0.758,FALSE,0.479
500,mean_level,3.54,0.177,38.02,9.3,0.110445992364054,0,FALSE,0.088,0.19642097094432,0.225,FALSE,0.088,0.4133151248451,0.615,FALSE,0.088
502,mean_level,-16.76,-0.241,121.12,-13.8,0.0293507310604593,0,TRUE,-0.419,0.0901223212982929,0.266,FALSE,-0.419,0.194801553418915,0.559,FALSE,-0.419
505,mean_level,0.23,0.059,10.59,2.2,0.600072292463655,0,FALSE,0.006,0.737194500670388,0.453,FALSE,0.006,0.853982061844303,0.764,FALSE,0.006
509,mean_level,0.79,0.008,285.94,0.3,0.953545373759069,0,FALSE,0.02,0.96558171560179,0.315,FALSE,0.02,0.983023603581387,0.748,FALSE,0.02
511,mean_level,1.07,0.074,30.45,3.5,0.506620569504461,0,FALSE,0.027,0.594275760967348,0.235,FALSE,0.027,0.751826878271418,0.643,FALSE,0.027
517,mean_level,-8.06,-0.369,98.4,-8.2,8.2625315858255e-4,0,TRUE,-0.202,0.0142562431676377,0.326,TRUE,-0.202,0.044526989791842,0.555,TRUE,-0.202
519,mean_level,-27.15,-0.367,118.36,-22.9,8.9841922565356e-4,0,TRUE,-0.679,0.123364934870826,0.701,FALSE,-0.679,0.320349205441157,0.829,FALSE,-0.679
522,mean_level,1.83,0.028,83.96,2.2,0.80671062228309,0,FALSE,0.046,0.862366932911942,0.359,FALSE,0.046,0.926192729719102,0.734,FALSE,0.046
529,mean_level,-0.08,-0.018,19.03,-0.4,0.879610141396948,0,FALSE,-0.002,0.935762258505162,0.606,FALSE,-0.002,0.962049170574104,0.809,FALSE,-0.002
536,mean_level,3.93,0.105,90.99,4.3,0.345305697448102,0,FALSE,0.098,0.509227145223652,0.371,FALSE,0.098,0.720164111893853,0.733,FALSE,0.098
541,mean_level,6.62,0.036,704.66,0.9,0.753082135935896,0,FALSE,0.166,0.804965646554809,0.257,FALSE,0.166,0.861380678034994,0.585,FALSE,0.166
542,mean_level,-6.89,-0.608,137.61,-5,3.569237101e-8,0,TRUE,-0.172,0.0214492985678865,0.765,TRUE,-0.172,0.0288608650947105,0.715,TRUE,-0.172
572,mean_level,-1.44,-0.205,7.07,-20.3,0.0639519780524364,0,FALSE,-0.036,0.168665926159777,0.312,FALSE,-0.036,0.278554322833475,0.565,FALSE,-0.036
574,mean_level,-12.46,-0.341,27.96,-44.6,0.00201831365617215,0,TRUE,-0.311,0.0362701983076622,0.4,TRUE,-0.311,0.0549863024597844,0.543,FALSE,-0.311
575,mean_level,10.13,0.167,93.85,10.8,0.132843309662691,0,FALSE,0.253,0.220258602415791,0.217,FALSE,0.253,0.338417795611242,0.534,FALSE,0.253
597,mean_level,-14119.04,-0.556,20762.64,-68,4.5376345142e-7,0,TRUE,-352.976,0.100870787103196,0.884,FALSE,-352.976,0.184903919390992,0.881,FALSE,-352.976
601,mean_level,-219.55,-0.231,1647.32,-13.3,0.0370207476659053,0,TRUE,-5.489,0.232577159315531,0.549,FALSE,-5.489,0.452094706314322,0.753,FALSE,-5.489
603,mean_level,-339.32,-0.597,337.92,-100.4,6.036011411e-8,0,TRUE,-8.483,0.0955523315241079,0.905,FALSE,-8.483,0.148887774309422,0.876,FALSE,-8.483
604,mean_level,-96.45,-0.377,129.37,-74.6,6.4074606876577e-4,0,TRUE,-2.411,0.0619143234409006,0.585,FALSE,-2.411,0.194415517405278,0.732,FALSE,-2.411
606,mean_level,-66.63,-0.169,189.98,-35.1,0.126938771346517,0,FALSE,-1.666,0.485558160934248,0.711,FALSE,-1.666,0.665616729036004,0.851,FALSE,-1.666
610,mean_level,-20625.45,-0.692,22236.07,-92.8,3.3877424e-10,0,TRUE,-515.636,0.0778339067153414,0.937,FALSE,-515.636,0.10418141261722,0.887,FALSE,-515.636
613,mean_level,-9.86,-0.256,74.72,-13.2,0.0204191298581656,0,TRUE,-0.246,0.104830503360481,0.371,FALSE,-0.246,0.491712790546931,0.832,FALSE,-0.246
616,mean_level,76.43,0.474,2007.82,3.8,1.713911794761e-5,0,TRUE,1.911,0.013891267479122,0.549,TRUE,1.911,0.0755033788944773,0.699,FALSE,1.911
629,mean_level,14.24,0.418,705.14,2,1.5273110870367e-4,0,TRUE,0.356,0.00696721458269131,0.353,TRUE,0.356,0.00807031448939089,0.5,TRUE,0.356
657,mean_level,-2120.14,-0.515,1287.59,-164.7,2.9818676131e-6,0,TRUE,-53.003,0.200789524615158,0.945,FALSE,-53.003,0.275861541673888,0.929,FALSE,-53.003
664,mean_level,-79.28,-0.554,90.49,-87.6,5.1243908223e-7,0,TRUE,-1.982,0.0283841786793719,0.739,TRUE,-1.982,0.120875697328409,0.816,FALSE,-1.982
753,mean_level,-34.01,-0.008,21110.33,-0.2,0.953545373759069,0,FALSE,-0.85,0.982012387400208,0.805,FALSE,-0.85,0.9871324345796,0.86,FALSE,-0.85
767,mean_level,0.05,0.387,0.28,19.1,4.5325488725069e-4,0,TRUE,0.001,0.0322528876358854,0.495,TRUE,0.001,0.205141514298991,0.753,FALSE,0.001
768,mean_level,0,0,0.73,0,1,0,FALSE,0,1,0.248,FALSE,0,1,0.661,FALSE,0
777,mean_level,5.03,0.187,20.43,24.6,0.0911427988442931,0,FALSE,0.126,0.163953108449915,0.207,FALSE,0.126,0.38571597617079,0.614,FALSE,0.126
780,mean_level,-0.78,-0.046,42.53,-1.8,0.683430638863361,0,FALSE,-0.02,0.743318285499325,0.234,FALSE,-0.02,0.869021405546493,0.707,FALSE,-0.02
784,mean_level,-0.88,-0.051,8.49,-10.4,0.649547898256236,0,FALSE,-0.022,0.771484802042341,0.455,FALSE,-0.022,0.861564668708808,0.728,FALSE,-0.022
789,mean_level,0.5,0.067,70.73,0.7,0.552376505263504,0,FALSE,0.013,0.514400472699746,-0.1,FALSE,0.013,0.6776170536645,0.5,FALSE,0.013
792,mean_level,-0.1,-0.013,117.56,-0.1,0.916487445993529,0,FALSE,-0.002,0.939301182062056,0.335,FALSE,-0.002,0.963029652136894,0.672,FALSE,-0.002
798,mean_level,-6.71,-0.203,75.73,-8.9,0.0673677916589717,0,FALSE,-0.168,0.334105236233459,0.611,FALSE,-0.168,0.527130885107828,0.77,FALSE,-0.168
806,mean_level,0.77,0.09,70.74,1.1,0.421442378942573,0,FALSE,0.019,0.501893544270766,0.193,FALSE,0.019,0.671585808296665,0.604,FALSE,0.019
827,mean_level,-5.89,-0.385,18.35,-32.1,4.946086148123e-4,0,TRUE,-0.147,0.0296772579600757,0.476,TRUE,-0.147,0.0336191418478646,0.55,TRUE,-0.147
837,mean_level,-35.95,-0.331,131.47,-27.3,0.00275061010676541,0,TRUE,-0.899,0.106792167784307,0.596,FALSE,-0.899,0.296509947734389,0.767,FALSE,-0.899
858,mean_level,-0.19,-0.213,0.36,-54.6,0.0545528426741626,0,FALSE,-0.005,0.214847837441283,0.446,FALSE,-0.005,0.382732337515186,0.662,FALSE,-0.005
861,mean_level,13.51,0.3,65.41,20.7,0.00663376241364479,0,TRUE,0.338,0.0173799050824931,0.142,TRUE,0.338,0.206404238006029,0.652,FALSE,0.338
870,mean_level,140.72,0.01,21318.71,0.7,0.934998803970505,0,FALSE,3.518,0.974254167359559,0.793,FALSE,3.518,0.98239665363624,0.869,FALSE,3.518
872,mean_level,135.57,0.403,134.72,100.6,2.6555347838148e-4,0,TRUE,3.389,0.221552231109666,0.871,FALSE,3.389,0.344639065904447,0.887,FALSE,3.389
882,mean_level,2.07,0.095,60.55,3.4,0.395032976640867,0,FALSE,0.052,0.697758618876812,0.711,FALSE,0.052,0.800517358716149,0.832,FALSE,0.052
884,mean_level,-106.86,-0.654,2086.8,-5.1,3.02240672e-9,0,TRUE,-2.671,0.0411530797348749,0.86,TRUE,-2.671,0.0539884496848356,0.795,FALSE,-2.671
885,mean_level,0.98,0.295,17.58,5.5,0.00762845212038399,0,TRUE,0.024,0.120670204477007,0.536,FALSE,0.024,0.404850405878255,0.812,FALSE,0.024
893,mean_level,-8.71,-0.09,120.56,-7.2,0.421442378942573,0,FALSE,-0.218,0.671276637072313,0.612,FALSE,-0.218,0.793684391212921,0.795,FALSE,-0.218
895,mean_level,-92.34,-0.774,470.07,-19.6,2.13188e-12,0,TRUE,-2.309,0.0140188354651302,0.853,TRUE,-2.309,0.0159372891696275,0.773,TRUE,-2.309
898,mean_level,-20.91,-0.062,384.81,-5.4,0.583967534206333,0,FALSE,-0.523,0.7213513786085,0.438,FALSE,-0.523,0.856892130876744,0.79,FALSE,-0.523
913,mean_level,-385.38,-0.272,1546.5,-24.9,0.013956996067476,0,TRUE,-9.634,0.390174898844465,0.853,FALSE,-9.634,0.518911612407328,0.882,FALSE,-9.634
919,mean_level,-0.55,-0.087,29.61,-1.9,0.435026427854838,0,FALSE,-0.014,0.763180003452744,0.806,FALSE,-0.014,0.826048129356675,0.853,FALSE,-0.014
920,mean_level,0.66,0.487,6.53,10.2,1.006640449859e-5,0,TRUE,0.017,0.0145475851259232,0.576,TRUE,0.017,0.143121418329358,0.787,FALSE,0.017
924,mean_level,42.79,0.203,298.04,14.4,0.0673677916589717,0,FALSE,1.07,0.103404539541514,0.125,FALSE,1.07,0.200644079815829,0.5,FALSE,1.07
929,mean_level,-1.41,-0.154,49.97,-2.8,0.165602484830615,0,FALSE,-0.035,0.44831953461754,0.585,FALSE,-0.035,0.687861600803339,0.842,FALSE,-0.035
931,mean_level,-4.1,-0.081,27.93,-14.7,0.481416166517912,0,FALSE,-0.103,0.773788449467069,0.777,FALSE,-0.103,0.850585936602848,0.876,FALSE,-0.103
936,mean_level,-19.39,-0.592,22.37,-86.7,1.1680252934e-7,0,TRUE,-0.485,0.0919352867216826,0.892,FALSE,-0.485,0.163037121688388,0.882,FALSE,-0.485
938,mean_level,-2.56,-0.096,35.92,-7.1,0.39711715725717,0,FALSE,-0.064,0.532032809891609,0.319,FALSE,-0.064,0.649821190107427,0.596,FALSE,-0.064
939,mean_level,-27.58,-0.487,28.02,-98.4,1.331434108203e-5,0,TRUE,-0.689,0.167457572348469,0.894,FALSE,-0.689,0.236786316109647,0.869,FALSE,-0.689
948,mean_level,-52.85,-0.103,305.52,-17.3,0.357347193610757,0,FALSE,-1.321,0.650535707442966,0.662,FALSE,-1.321,0.784080927569787,0.831,FALSE,-1.321
953,mean_level,13.57,0.333,18.17,74.7,0.00254769872740663,0,TRUE,0.339,0.316904712735767,0.876,FALSE,0.339,0.441387090262763,0.893,FALSE,0.339
957,mean_level,-1.38,-0.292,15.56,-8.9,0.0081742874385338,0,TRUE,-0.035,0.0634273097723081,0.368,FALSE,-0.035,0.277021013933963,0.701,FALSE,-0.035
958,mean_level,-61.23,-0.75,29.37,-208.5,1.723352e-11,0,TRUE,-1.531,0.0665544678017472,0.947,FALSE,-1.531,0.124638131095835,0.938,FALSE,-1.531
965,mean_level,-160.97,-0.367,446.63,-36,8.9841922565356e-4,0,TRUE,-4.024,0.0123483610849207,0.298,TRUE,-4.024,0.159397402919536,0.689,FALSE,-4.024
967,mean_level,-31.84,-0.241,279.98,-11.4,0.0293507310604593,0,TRUE,-0.796,0.101573273474673,0.301,FALSE,-0.796,0.285298866525564,0.632,FALSE,-0.796
968,mean_level,-7.34,-0.036,487,-1.5,0.753082135935896,0,FALSE,-0.184,0.761659022040994,0.039,FALSE,-0.184,0.858720574504456,0.577,FALSE,-0.184
972,mean_level,-27.46,-0.241,287.96,-9.5,0.0293507310604593,0,TRUE,-0.687,0.098015527588017,0.29,FALSE,-0.687,0.433746838491313,0.755,FALSE,-0.687
975,mean_level,-14.71,-0.22,161.46,-9.1,0.052858719807539,0,FALSE,-0.368,0.150038142167854,0.312,FALSE,-0.368,0.200790300003847,0.516,FALSE,-0.368
980,mean_level,-13.45,-0.341,82.51,-16.3,0.00201831365617215,0,TRUE,-0.336,0.0619100446791117,0.503,FALSE,-0.336,0.148571425993786,0.65,FALSE,-0.336
981,mean_level,-5.85,-0.141,69.41,-8.4,0.204097893101901,0,FALSE,-0.146,0.24157777933109,0.087,FALSE,-0.146,0.491239610635007,0.594,FALSE,-0.146
982,mean_level,-5.09,-0.11,186.57,-2.7,0.322008969245694,0,FALSE,-0.127,0.439054458997766,0.262,FALSE,-0.127,0.593962565749299,0.596,FALSE,-0.127
987,mean_level,54.58,0.1,225.44,24.2,0.369649732950935,0,FALSE,1.365,0.679773163383699,0.706,FALSE,1.365,0.805952373397902,0.865,FALSE,1.365
989,mean_level,-111.14,-0.132,1718.98,-6.5,0.247429593331888,0,FALSE,-2.779,0.375613698245945,0.282,FALSE,-2.779,0.492334130175558,0.556,FALSE,-2.779
1000,mean_level,-7.46,-0.105,315.4,-2.4,0.345305697448102,0,FALSE,-0.186,0.377260759431993,0.072,FALSE,-0.186,0.509101943881172,0.5,FALSE,-0.186
1006,mean_level,28.71,0.038,1092.24,2.6,0.735453618117175,0,FALSE,0.718,0.758137440721766,0.1,FALSE,0.718,0.813135603672261,0.5,FALSE,0.718
1017,mean_level,-0.24,-0.003,51.55,-0.5,0.990704029723175,0,FALSE,-0.006,0.991854394361235,0.142,FALSE,-0.006,0.993496463684983,0.5,FALSE,-0.006
1019,mean_level,-48.35,-0.292,143.56,-33.7,0.0081742874385338,0,TRUE,-1.209,0.0666657047029073,0.379,FALSE,-1.209,0.211078633206374,0.646,FALSE,-1.209
1026,mean_level,194.49,0.213,3248.92,6,0.0545528426741626,0,FALSE,4.862,0.0803805144584563,0.102,FALSE,4.862,0.178647475759279,0.5,FALSE,4.862
1033,mean_level,105.13,0.138,2006.44,5.2,0.212521935405059,0,FALSE,2.628,0.235190816316727,0.053,FALSE,2.628,0.383111390517061,0.5,FALSE,2.628
1036,mean_level,530.29,0.246,3947.04,13.4,0.0260579122316927,0,TRUE,13.257,0.0454517490559436,0.115,TRUE,13.257,0.158683046409221,0.536,FALSE,13.257
1042,mean_level,134.88,0.169,1592.49,8.5,0.126938771346517,0,FALSE,3.372,0.143950063568201,0.047,FALSE,3.372,0.321468718807239,0.527,FALSE,3.372
1055,mean_level,-413.2,-0.447,294.39,-140.4,6.552723417795e-5,0,TRUE,-10.33,0.250846823569257,0.929,FALSE,-10.33,0.316629325374078,0.901,FALSE,-10.33
1067,mean_level,125.99,0.238,2336.71,5.4,0.0311273101113248,0,TRUE,3.15,0.0415731395268421,0.061,TRUE,3.15,0.13155440619435,0.5,FALSE,3.15
1084,mean_level,7,0.105,54.19,12.9,0.345305697448102,0,FALSE,0.175,0.298227908604436,-0.105,FALSE,0.175,0.509077580198583,0.5,FALSE,0.175
1086,mean_level,-10.56,-0.031,66.61,-15.9,0.788719489903205,0,FALSE,-0.264,0.874772613558574,0.527,FALSE,-0.264,0.93050382295594,0.795,FALSE,-0.264
1092,mean_level,9.26,0.074,69.38,13.3,0.506620569504461,0,FALSE,0.231,0.428609880588599,-0.188,FALSE,0.231,0.642187292059618,0.5,FALSE,0.231
1101,mean_level,19.97,0.051,182.02,11,0.649547898256236,0,FALSE,0.499,0.726549510422323,0.277,FALSE,0.499,0.785594976954964,0.556,FALSE,0.499
1109,mean_level,-9.02,-0.128,30.54,-29.5,0.248724735539182,0,FALSE,-0.226,0.518811803438309,0.567,FALSE,-0.226,0.697059470661576,0.78,FALSE,-0.226
1112,mean_level,-76.84,-0.228,2515.46,-3.1,0.0391855471705841,0,TRUE,-1.921,0.036714950406078,-0.014,TRUE,-1.921,0.149073328680835,0.5,FALSE,-1.921
1121,mean_level,-26.47,-0.274,746.36,-3.5,0.0130768184281793,0,TRUE,-0.662,0.0180980822642859,0.053,TRUE,-0.662,0.0825272168005626,0.5,FALSE,-0.662
1122,mean_level,1.67,0.072,46.52,3.6,0.521648148844523,0,FALSE,0.042,0.512013195052077,-0.025,FALSE,0.042,0.653920310080963,0.5,FALSE,0.042
1125,mean_level,-26.47,-0.274,746.36,-3.5,0.0130768184281793,0,TRUE,-0.662,0.0180980822642859,0.053,TRUE,-0.662,0.0825272168005626,0.5,FALSE,-0.662
1139,mean_level,-71.2,-0.249,229.38,-31,0.0245347936263211,0,TRUE,-1.78,0.252983132335731,0.639,FALSE,-1.78,0.508546560421197,0.836,FALSE,-1.78
1161,mean_level,-15.37,-0.354,52.16,-29.5,0.00135516234741214,0,TRUE,-0.384,0.147647249234213,0.718,FALSE,-0.384,0.349389493162668,0.839,FALSE,-0.384
1163,mean_level,-14.57,-0.243,240.28,-6.1,0.0325797922115127,0,TRUE,-0.364,0.222699858291621,0.551,FALSE,-0.364,0.507996398855485,0.815,FALSE,-0.364
1164,mean_level,82.5,0.105,665.03,12.4,0.345305697448102,0,FALSE,2.062,0.480007416785583,0.305,FALSE,2.062,0.687469758267825,0.686,FALSE,2.062
1170,mean_level,-145.09,-0.331,468.7,-31,0.00275061010676541,0,TRUE,-3.627,0.0435544860222363,0.406,TRUE,-3.627,0.159668949793059,0.648,FALSE,-3.627
1171,mean_level,-28.74,-0.136,202.09,-14.2,0.221194271982253,0,FALSE,-0.718,0.267413152451234,0.106,FALSE,-0.718,0.443496690414232,0.54,FALSE,-0.718
1176,mean_level,-20.32,-0.1,596.26,-3.4,0.369649732950935,0,FALSE,-0.508,0.564379495391479,0.45,FALSE,-0.508,0.753926800564623,0.766,FALSE,-0.508
1179,mean_level,-66.13,-0.121,272.17,-24.3,0.278566049656945,0,FALSE,-1.653,0.638483134333993,0.743,FALSE,-1.653,0.769898234983184,0.87,FALSE,-1.653
1181,mean_level,-167.85,-0.469,1045.58,-16.1,2.112767449349e-5,0,TRUE,-4.196,0.0167335204939363,0.563,TRUE,-4.196,0.104539333761837,0.731,FALSE,-4.196
1186,mean_level,-19.8,-0.103,334.38,-5.9,0.357347193610757,0,FALSE,-0.495,0.507259472758095,0.343,FALSE,-0.495,0.689669478486714,0.68,FALSE,-0.495
1188,mean_level,3.29,0.503,28.05,11.7,5.22475630357e-6,0,TRUE,0.082,0.00125179500995676,0.359,TRUE,0.082,0.00143670163972141,0.5,TRUE,0.082
1190,mean_level,3.2,0.131,41.55,7.7,0.239293511765585,0,FALSE,0.08,0.425378408844667,0.402,FALSE,0.08,0.596338798779543,0.665,FALSE,0.08
1192,mean_level,5.83,0.051,187.44,3.1,0.649547898256236,0,FALSE,0.146,0.735204535319511,0.311,FALSE,0.146,0.853674566647706,0.706,FALSE,0.146
1194,mean_level,-12.83,-0.215,99.2,-12.9,0.0516880497553147,0,FALSE,-0.321,0.13934504576493,0.29,FALSE,-0.321,0.318534162456821,0.615,FALSE,-0.321
1208,mean_level,-38.63,-0.554,157.75,-24.5,5.1243908223e-7,0,TRUE,-0.966,0.0244500938695316,0.723,TRUE,-0.966,0.0966683835482062,0.788,FALSE,-0.966
1214,mean_level,-16.68,-0.418,23.99,-69.5,1.5273110870367e-4,0,TRUE,-0.417,0.141016516373455,0.803,FALSE,-0.417,0.287560632375598,0.854,FALSE,-0.417
1219,mean_level,-8.71,-0.331,84.52,-10.3,0.00275061010676541,0,TRUE,-0.218,0.0698849524055943,0.502,FALSE,-0.218,0.249503691451392,0.727,FALSE,-0.218
1220,mean_level,-9.48,-0.303,59.81,-15.9,0.00618153687649209,0,TRUE,-0.237,0.0145065122631122,0.122,TRUE,-0.237,0.0584074686445411,0.504,FALSE,-0.237
1236,mean_level,-23.03,-0.215,66.75,-34.5,0.0516880497553147,0,FALSE,-0.576,0.281388726381646,0.575,FALSE,-0.576,0.491679890539258,0.761,FALSE,-0.576
1237,mean_level,-9.26,-0.21,65.35,-14.2,0.0575488796913933,0,FALSE,-0.231,0.0805136382769922,0.09,FALSE,-0.231,0.213126569291706,0.523,FALSE,-0.231
1243,mean_level,-330.69,-0.638,152.4,-217,7.01503872e-9,0,TRUE,-8.267,0.0869129490197182,0.92,FALSE,-8.267,0.109207606461262,0.86,FALSE,-8.267
1247,mean_level,-177.64,-0.303,637.68,-27.9,0.00618153687649209,0,TRUE,-4.441,0.109543276410612,0.532,FALSE,-4.441,0.283503909398838,0.72,FALSE,-4.441
1249,mean_level,1.14,0.09,5.51,20.7,0.421442378942573,0,FALSE,0.029,0.684680911837619,0.644,FALSE,0.029,0.81447471794718,0.839,FALSE,0.029
1254,mean_level,66.82,0.444,200.35,33.4,5.829532079701e-5,0,TRUE,1.671,0.0146363191145891,0.499,TRUE,1.671,0.0717462076795625,0.667,FALSE,1.671
1258,mean_level,-44.54,-0.533,22.37,-199.2,1.33025647828e-6,0,TRUE,-1.114,0.0825559751536055,0.841,FALSE,-1.114,0.175105119365303,0.855,FALSE,-1.114
1263,mean_level,-81.15,-0.354,65.88,-123.2,0.00135516234741214,0,TRUE,-2.029,0.171752623765619,0.752,FALSE,-2.029,0.390604382176311,0.873,FALSE,-2.029
1269,mean_level,7.39,0.015,4936.58,0.1,0.898021262132282,0,FALSE,0.185,0.913380490947618,0.176,FALSE,0.185,0.928553840637956,0.5,FALSE,0.185
1273,mean_level,-38.97,-0.174,540.72,-7.2,0.115744368429836,0,FALSE,-0.974,0.255538767211179,0.339,FALSE,-0.974,0.511570082776488,0.695,FALSE,-0.974
1275,mean_level,122.13,0.069,3277.14,3.7,0.536901795304878,0,FALSE,3.053,0.59995879912338,0.175,FALSE,3.053,0.732006990082811,0.585,FALSE,3.053
1277,mean_level,-20.41,-0.185,281.9,-7.2,0.0956939083516393,0,FALSE,-0.51,0.197141027221288,0.271,FALSE,-0.51,0.260959262833089,0.513,FALSE,-0.51
1279,mean_level,-36.43,-0.441,89.19,-40.8,6.433887122217e-5,0,TRUE,-0.911,0.0361263377701028,0.617,TRUE,-0.911,0.228485036421293,0.826,FALSE,-0.911
1280,mean_level,-122.56,-0.203,872.07,-14.1,0.0673677916589717,0,FALSE,-3.064,0.330753182591591,0.606,FALSE,-3.064,0.537448074350317,0.781,FALSE,-3.064
1283,mean_level,-0.27,-0.215,16.43,-1.7,0.0516880497553147,0,FALSE,-0.007,0.0691320895836512,0.074,FALSE,-0.007,0.173438569375038,0.5,FALSE,-0.007
1287,mean_level,-60.46,-0.269,2158.86,-2.8,0.0148890644892535,0,TRUE,-1.511,0.0393132522008341,0.179,TRUE,-1.511,0.334276649729603,0.715,FALSE,-1.511
1291,mean_level,-2.76,-0.467,161.87,-1.7,2.343929585332e-5,0,TRUE,-0.069,7.3712637503198e-4,0.24,TRUE,-0.069,0.00308733516242941,0.5,TRUE,-0.069
1292,mean_level,-0.61,-0.592,9.94,-6.2,7.824610582e-8,0,TRUE,-0.015,2.37200399258e-6,0.139,TRUE,-0.015,0.00611123536029721,0.616,TRUE,-0.015
1294,mean_level,-191.92,-0.177,1147.48,-16.7,0.110445992364054,0,FALSE,-4.798,0.336599437942755,0.507,FALSE,-4.798,0.453728428005931,0.649,FALSE,-4.798
1295,mean_level,-35.14,-0.436,499.83,-7,7.824897101362e-5,0,TRUE,-0.878,0.0231124202039564,0.545,TRUE,-0.878,0.160641879379334,0.759,FALSE,-0.878
1296,mean_level,-7.29,-0.046,199.57,-3.7,0.683430638863361,0,FALSE,-0.182,0.787767763830319,0.425,FALSE,-0.182,0.877408834279455,0.734,FALSE,-0.182
1297,mean_level,-0.21,-0.074,28.3,-0.7,0.506620569504461,0,FALSE,-0.005,0.417241440076267,-0.213,FALSE,-0.005,0.671696311375793,0.533,FALSE,-0.005
1302,mean_level,-20.32,-0.128,452.76,-4.5,0.248724735539182,0,FALSE,-0.508,0.424336372899291,0.381,FALSE,-0.508,0.600554659617915,0.662,FALSE,-0.508
1317,mean_level,-44.13,-0.131,231.09,-19.1,0.239293511765585,0,FALSE,-1.103,0.423299413088351,0.397,FALSE,-1.103,0.633991355312013,0.707,FALSE,-1.103
1586,mean_level,0.87,0.085,14.3,6.1,0.448859820864049,0,FALSE,0.022,0.403947110626779,-0.105,FALSE,0.022,0.596208937245866,0.5,FALSE,0.022
1587,mean_level,2.73,0.077,52.25,5.2,0.491823743144037,0,FALSE,0.068,0.433931431624748,-0.139,FALSE,0.068,0.630564256236452,0.5,FALSE,0.068
1592,mean_level,3.19,0.044,72.88,4.4,0.700619648328836,0,FALSE,0.08,0.808773689015427,0.468,FALSE,0.08,0.855690469179674,0.646,FALSE,0.08
1634,mean_level,10.32,0.151,173.46,6,0.172828610848332,0,FALSE,0.258,0.156997573756517,-0.041,FALSE,0.258,0.340237184139284,0.5,FALSE,0.258
1645,mean_level,5.71,0.151,51.71,11,0.172828610848332,0,FALSE,0.143,0.112666730853326,-0.163,FALSE,0.143,0.340216070766687,0.5,FALSE,0.143
1654,mean_level,12.7,0.256,49.71,25.6,0.0204191298581656,0,TRUE,0.318,0.00743538136272123,-0.154,TRUE,0.318,0.104767684929875,0.5,FALSE,0.318
1655,mean_level,2.23,0.164,121.61,1.8,0.151801505581162,0,FALSE,0.056,0.320940588231484,0.381,FALSE,0.056,0.480112446696194,0.627,FALSE,0.056
1659,mean_level,2.17,0.01,275.07,0.8,0.934998803970505,0,FALSE,0.054,0.930589563444443,-0.071,FALSE,0.054,0.954497287641659,0.5,FALSE,0.054
1683,mean_level,1.06,0.075,109.57,1,0.513279941352429,0,FALSE,0.027,0.529807425560732,0.043,FALSE,0.027,0.651348674260037,0.5,FALSE,0.027
1684,mean_level,21.16,0.185,252.04,8.4,0.0956939083516393,0,FALSE,0.529,0.0559315169699512,-0.148,FALSE,0.529,0.243744279254269,0.5,FALSE,0.529
1703,mean_level,34.57,0.238,226.24,15.3,0.0368939027648545,0,TRUE,0.864,0.0744604824511793,0.168,FALSE,0.864,0.149142726709791,0.5,FALSE,0.864
1714,mean_level,9.24,0.138,272.11,3.4,0.212521935405059,0,FALSE,0.231,0.229929331582663,0.041,FALSE,0.231,0.394013441199924,0.508,FALSE,0.231
1732,mean_level,19.1,0.205,124.74,15.3,0.0639519780524364,0,FALSE,0.477,0.137655852757213,0.236,FALSE,0.477,0.340678806100547,0.613,FALSE,0.477
1739,mean_level,4.31,0.297,31.58,13.6,0.00711551760719677,0,TRUE,0.108,0.0364304250627527,0.267,TRUE,0.108,0.0898438075180751,0.538,FALSE,0.108
1740,mean_level,10.32,0.151,173.46,6,0.172828610848332,0,FALSE,0.258,0.156997573756517,-0.041,FALSE,0.258,0.340237184139284,0.5,FALSE,0.258
1741,mean_level,20.85,0.272,290.13,7.2,0.013956996067476,0,TRUE,0.521,0.0385607912897285,0.185,TRUE,0.521,0.119913177130529,0.536,FALSE,0.521
1744,mean_level,0.84,0.359,24.89,3.4,0.00115146110032372,0,TRUE,0.021,0.0230598939810459,0.372,TRUE,0.021,0.126367970686261,0.648,FALSE,0.021
1752,mean_level,43.94,0.303,933.14,4.7,0.00618153687649209,0,TRUE,1.099,0.00916492323816625,0.053,TRUE,1.099,0.0554211167593074,0.5,FALSE,1.099
1753,mean_level,-410.4,-0.423,1425.03,-28.8,1.2649198690731e-4,0,TRUE,-10.26,0.238083333863694,0.905,FALSE,-10.26,0.316606083847318,0.883,FALSE,-10.26
1754,mean_level,-13.87,-0.128,491.51,-2.8,0.248724735539182,0,FALSE,-0.347,0.390374911666437,0.31,FALSE,-0.347,0.595078889715758,0.656,FALSE,-0.347
1755,mean_level,19.62,0.072,264.38,7.4,0.521648148844523,0,FALSE,0.49,0.621820409351845,0.277,FALSE,0.49,0.713889629962356,0.573,FALSE,0.49
1756,mean_level,71.87,0.026,3952.37,1.8,0.82480461683375506,0,FALSE,1.797,0.923281503767588,0.741,FALSE,1.797,0.945944284204739,0.819,FALSE,1.797
1761,mean_level,45.64,0.095,1832.27,2.5,0.395032976640867,0,FALSE,1.141,0.438221463768261,0.1,FALSE,1.141,0.551825366037658,0.5,FALSE,1.141
1762,mean_level,121.95,0.408,1468.29,8.3,2.2129473971528e-4,0,TRUE,3.049,0.00734790878332413,0.335,TRUE,3.049,0.00976843884485244,0.5,TRUE,3.049
1776,mean_level,-1.72,-0.136,49.29,-3.5,0.221194271982253,0,FALSE,-0.043,0.530470462954846,0.633,FALSE,-0.043,0.704814075674967,0.815,FALSE,-0.043
1796,mean_level,17.52,0.212,273.26,6.4,0.0591452474631967,0,FALSE,0.438,0.0674728767080223,0.034,FALSE,0.438,0.189348910463356,0.5,FALSE,0.438
1848,mean_level,7.46,0.008,629.73,1.2,0.953545373759069,0,FALSE,0.187,0.961972176108763,0.214,FALSE,0.187,0.974484657294112,0.589,FALSE,0.187
1851,mean_level,-47.45,-0.051,2924.46,-1.6,0.649547898256236,0,FALSE,-1.186,0.721398593258939,0.257,FALSE,-1.186,0.790790648482566,0.566,FALSE,-1.186
1863,mean_level,-101.23,-0.055,2662.99,-3.8,0.62847465368392,0,FALSE,-2.531,0.715789090142528,0.3,FALSE,-2.531,0.809914299415662,0.625,FALSE,-2.531
1864,mean_level,-11.45,-0.033,283.29,-4,0.770840345264592,0,FALSE,-0.286,0.799495931777592,0.147,FALSE,-0.286,0.83852332834284,0.5,FALSE,-0.286
1869,mean_level,-24.45,-0.018,529.53,-4.6,0.879610141396948,0,FALSE,-0.611,0.890288034879897,0.101,FALSE,-0.611,0.916753514009907,0.505,FALSE,-0.611
1872,mean_level,-134.2,-0.138,2789.5,-4.8,0.212521935405059,0,FALSE,-3.355,0.350162686642627,0.304,FALSE,-3.355,0.548054034583954,0.639,FALSE,-3.355
1883,mean_level,2.49,0.131,15.03,16.5,0.239293511765585,0,FALSE,0.062,0.157446054616706,-0.196,FALSE,0.062,0.410326325711947,0.5,FALSE,0.062
1916,mean_level,-2.38,-0.033,447.42,-0.5,0.770840345264592,0,FALSE,-0.06,0.810504688568315,0.208,FALSE,-0.06,0.840388931483791,0.504,FALSE,-0.06
7313,mean_level,-130.53,-0.182,1995.78,-6.5,0.105021730775246,0,FALSE,-3.263,0.261152969652272,0.38,FALSE,-3.263,0.486289765095767,0.682,FALSE,-3.263
7318,mean_level,6.45,0.541,298.1,2.2,9.338662769e-7,0,TRUE,0.161,3.6319538002535e-4,0.334,TRUE,0.161,0.0730709795268034,0.748,FALSE,0.161
41,Q7_max,-12.02,-0.426,1272.05,-0.9,1.150256539642e-4,0,TRUE,-0.3,9.666072708508e-5,-0.012,TRUE,-0.3,0.00697397359817675,0.5,TRUE,-0.3
42,Q7_max,-1.78,-0.5,108.66,-1.6,5.83580484714e-6,0,TRUE,-0.044,0.00521171448476086,0.487,TRUE,-0.044,0.017177834240333,0.605,TRUE,-0.044
55,Q7_max,0.73,0.082,181.63,0.4,0.462939488046081,0,FALSE,0.018,0.564180752747373,0.256,FALSE,0.018,0.731946857471125,0.651,FALSE,0.018
57,Q7_max,1.08,0.153,271.51,0.4,0.169157673875391,0,FALSE,0.027,0.374133022708557,0.445,FALSE,0.027,0.542849733830825,0.672,FALSE,0.027
60,Q7_max,0.11,0.059,42.23,0.3,0.600072292463655,0,FALSE,0.003,0.707689571927612,0.35,FALSE,0.003,0.725401969037618,0.516,FALSE,0.003
63,Q7_max,-0.69,-0.245,239.91,-0.3,0.026839317176667,0,TRUE,-0.017,0.0495930729450792,0.129,TRUE,-0.017,0.121455225115165,0.5,FALSE,-0.017
72,Q7_max,-0.45,-0.242,65.91,-0.7,0.0284417914821684,0,TRUE,-0.011,0.0411674934323588,0.076,TRUE,-0.011,0.435523083308834,0.759,FALSE,-0.011
80,Q7_max,-7.99,-0.326,534.55,-1.5,0.00320135424849328,0,TRUE,-0.2,0.0104397621997813,0.151,TRUE,-0.2,0.245917191517718,0.718,FALSE,-0.2
83,Q7_max,-12.04,-0.374,497.3,-2.4,6.9777712607208e-4,0,TRUE,-0.301,0.00193461532161744,0.097,TRUE,-0.301,0.0176934282684923,0.5,TRUE,-0.301
85,Q7_max,-2.12,-0.5,69.31,-3.1,5.83580484714e-6,0,TRUE,-0.053,0.0245085468343463,0.656,TRUE,-0.053,0.0891782217087371,0.738,FALSE,-0.053
88,Q7_max,-2.22,-0.351,100.32,-2.2,0.0014690324003254,0,TRUE,-0.055,0.0104575780083991,0.231,TRUE,-0.055,0.103194799764951,0.615,FALSE,-0.055
89,Q7_max,-38.62,-0.431,226.17,-17.1,9.49697848871e-5,0,TRUE,-0.965,0.0647466251255961,0.688,FALSE,-0.965,0.180371576189757,0.773,FALSE,-0.965
90,Q7_max,-5.7,-0.292,118.36,-4.8,0.0081656173961078,0,TRUE,-0.143,0.00278244718504531,-0.132,TRUE,-0.143,0.0669932243989971,0.504,FALSE,-0.143
91,Q7_max,-16.93,-0.403,186.48,-9.1,2.6555347838148e-4,0,TRUE,-0.423,0.00324569599056554,0.228,TRUE,-0.423,0.0264380115387247,0.55,TRUE,-0.423
93,Q7_max,-0.43,-0.194,32.36,-1.3,0.0805032011416456,0,FALSE,-0.011,0.138385863880425,0.177,FALSE,-0.011,0.366334767511307,0.612,FALSE,-0.011
94,Q7_max,-28.85,-0.405,510.08,-5.7,2.4247847224356e-4,0,TRUE,-0.721,1.0229697006628e-4,-0.061,TRUE,-0.721,0.0102376500187539,0.5,TRUE,-0.721
97,Q7_max,-3.11,-0.372,88.05,-3.5,7.594964414428e-4,0,TRUE,-0.078,4.0963354893742e-4,-0.052,TRUE,-0.078,0.0184827044298093,0.5,TRUE,-0.078
99,Q7_max,-0.73,-0.269,37.56,-1.9,0.0148890644892535,0,TRUE,-0.018,0.00408105603842379,-0.177,TRUE,-0.018,0.0884371684571685,0.5,FALSE,-0.018
100,Q7_max,-3.69,-0.319,421.52,-0.9,0.00385667637892935,0,TRUE,-0.092,0.00178824249762995,-0.084,TRUE,-0.092,0.0432231608606958,0.5,TRUE,-0.092
107,Q7_max,-1.18,-0.093,566.44,-0.2,0.410742704721099,0,FALSE,-0.03,0.402769445083822,-0.018,FALSE,-0.03,0.716254635739139,0.671,FALSE,-0.03
111,Q7_max,-4.57,-0.162,62.76,-7.3,0.145287789095267,0,FALSE,-0.114,0.44355558816235,0.614,FALSE,-0.114,0.621129712719439,0.778,FALSE,-0.114
113,Q7_max,-1.24,-0.165,16.8,-7.4,0.135794547677017,0,FALSE,-0.031,0.486495550862385,0.697,FALSE,-0.031,0.652326414562458,0.825,FALSE,-0.031
114,Q7_max,-0.25,-0.095,46.34,-0.5,0.395032976640867,0,FALSE,-0.006,0.372047722317802,-0.052,FALSE,-0.006,0.551820992416956,0.5,FALSE,-0.006
133,Q7_max,-0.82,-0.152,296.44,-0.3,0.175465440542809,0,FALSE,-0.02,0.249514392726108,0.174,FALSE,-0.02,0.552911259077923,0.675,FALSE,-0.02
182,Q7_max,-64.38,-0.177,1053.36,-6.1,0.115812990012686,0,FALSE,-1.609,0.137829652497358,0.063,FALSE,-1.609,0.347441904052212,0.555,FALSE,-1.609
185,Q7_max,-138.76,-0.158,1775.23,-7.8,0.160546113795999,0,FALSE,-3.469,0.586860656334562,0.805,FALSE,-3.469,0.708974001351362,0.877,FALSE,-3.469
204,Q7_max,0.28,0.151,81.05,0.3,0.172711981988767,0,FALSE,0.007,0.156089995735865,-0.043,FALSE,0.007,0.45852453883991,0.592,FALSE,0.007
292,Q7_max,-0.66,-0.015,74,-0.9,0.898021262132282,0,FALSE,-0.017,0.91359378551886,0.178,FALSE,-0.017,0.932089876349739,0.518,FALSE,-0.017
293,Q7_max,-11.27,-0.144,117.38,-9.6,0.195919478029792,0,FALSE,-0.282,0.277097103861811,0.186,FALSE,-0.282,0.475136255294862,0.587,FALSE,-0.282
297,Q7_max,-297.83,-0.174,5675.12,-5.2,0.115744368429836,0,FALSE,-7.446,0.152114215090983,0.101,FALSE,-7.446,0.271163085150254,0.5,FALSE,-7.446
299,Q7_max,-50.86,-0.295,4105.38,-1.2,0.00762845212038399,0,TRUE,-1.272,0.0592796504726101,0.361,FALSE,-1.272,0.0619602076482584,0.5,FALSE,-1.272
300,Q7_max,175.1,0.241,1113.39,15.7,0.0293507310604593,0,TRUE,4.377,0.0849009397176652,0.249,FALSE,4.377,0.319846661388038,0.659,FALSE,4.377
307,Q7_max,-1784.67,-0.138,18155.18,-9.8,0.212521935405059,0,FALSE,-44.617,0.632763677246385,0.81,FALSE,-44.617,0.746351406220527,0.886,FALSE,-44.617
319,Q7_max,-0.22,-0.046,119.86,-0.2,0.683430638863361,0,FALSE,-0.006,0.736399993058567,0.205,FALSE,-0.006,0.827161932357054,0.598,FALSE,-0.006
338,Q7_max,1.01,0.021,4199.52,0,0.861263883621309,0,FALSE,0.025,0.842776496231745,-0.136,FALSE,0.025,0.938055675372924,0.67,FALSE,0.025
350,Q7_max,-4.64,-0.277,79.9,-5.8,0.0122460938446986,0,TRUE,-0.116,0.00333644125950476,-0.17,TRUE,-0.116,0.126258792903348,0.549,FALSE,-0.116
355,Q7_max,-17.71,-0.026,1294.78,-1.4,0.82480461683375506,0,FALSE,-0.443,0.868039937559956,0.302,FALSE,-0.443,0.909451562225736,0.614,FALSE,-0.443
361,Q7_max,-5.6,-0.382,19.22,-29.1,5.3945914285281e-4,0,TRUE,-0.14,0.283319982355303,0.902,FALSE,-0.14,0.349754740240332,0.87,FALSE,-0.14
362,Q7_max,-41.1,-0.192,197.17,-20.8,0.082563100854813,0,FALSE,-1.027,0.392335121712531,0.661,FALSE,-1.027,0.617912061922763,0.845,FALSE,-1.027
367,Q7_max,-22.86,-0.264,74.97,-30.5,0.0169190539927849,0,TRUE,-0.571,0.187402095628946,0.578,FALSE,-0.571,0.426731259846565,0.786,FALSE,-0.571
370,Q7_max,-18.56,-0.238,780.72,-2.4,0.0311273101113248,0,TRUE,-0.464,0.0321784970328013,0.007,TRUE,-0.464,0.333184149979798,0.666,FALSE,-0.464
372,Q7_max,-0.98,-0.387,30.56,-3.2,4.5325488725069e-4,0,TRUE,-0.024,8.8298454079644e-4,0.057,TRUE,-0.024,0.0141473050863618,0.5,TRUE,-0.024
373,Q7_max,288.15,0.438,672.94,42.8,7.097221897558e-5,0,TRUE,7.204,0.10973324810101,0.784,FALSE,7.204,0.179362510158023,0.78,FALSE,7.204
374,Q7_max,-0.92,-0.149,167.19,-0.6,0.180287946389303,0,FALSE,-0.023,0.239110934452549,0.139,FALSE,-0.023,0.348559090289217,0.5,FALSE,-0.023
375,Q7_max,-0.47,-0.459,13.48,-3.5,3.190576683127e-5,0,TRUE,-0.012,2.84683382368e-6,-0.127,TRUE,-0.012,0.00361422258774771,0.5,TRUE,-0.012
377,Q7_max,-17.75,-0.321,193.44,-9.2,0.00371846164139384,0,TRUE,-0.444,0.0125502630423138,0.161,TRUE,-0.444,0.128285265610627,0.606,FALSE,-0.444
378,Q7_max,0.14,0.178,18.4,0.7,0.107781955688705,0,FALSE,0.003,0.337526705322372,0.515,FALSE,0.003,0.539023934580256,0.73,FALSE,0.003
382,Q7_max,-8.43,-0.331,32.83,-25.7,0.00275061010676541,0,TRUE,-0.211,0.132405513777996,0.647,FALSE,-0.211,0.412908404868832,0.865,FALSE,-0.211
383,Q7_max,-3.65,-0.241,65.21,-5.6,0.0293507310604593,0,TRUE,-0.091,0.097757005473407,0.29,FALSE,-0.091,0.28924252821845,0.635,FALSE,-0.091
384,Q7_max,53.3,0.256,920.82,5.8,0.0204191298581656,0,TRUE,1.332,0.255474404389335,0.664,FALSE,1.332,0.509100968300116,0.849,FALSE,1.332
385,Q7_max,1.5,0.122,4.85,31,0.273397669683921,0,FALSE,0.038,0.399993927114446,0.279,FALSE,0.038,0.544285694803003,0.586,FALSE,0.038
386,Q7_max,-124.42,-0.223,743.13,-16.7,0.0438387871621092,0,TRUE,-3.111,0.2156989197689,0.49,FALSE,-3.111,0.406165172810569,0.7,FALSE,-3.111
387,Q7_max,-31.81,-0.218,324.06,-9.8,0.048950238599653,0,TRUE,-0.795,0.150415164783015,0.329,FALSE,-0.795,0.406705920543412,0.691,FALSE,-0.795
388,Q7_max,-59.62,-0.297,174.01,-34.3,0.00711551760719677,0,TRUE,-1.491,0.112580642724864,0.524,FALSE,-1.491,0.264377977809565,0.697,FALSE,-1.491
389,Q7_max,-12.47,-0.087,171.56,-7.3,0.435026427854838,0,FALSE,-0.312,0.693411660446716,0.644,FALSE,-0.312,0.820281506531821,0.84,FALSE,-0.312
390,Q7_max,0.33,0.041,89.62,0.4,0.7179633437776,0,FALSE,0.008,0.822387018111867,0.479,FALSE,0.008,0.881363577092122,0.699,FALSE,0.008
391,Q7_max,-2.23,-0.503,326.34,-0.7,5.22475630357e-6,0,TRUE,-0.056,1.0486573992134e-4,0.172,TRUE,-0.056,0.155007499852495,0.812,FALSE,-0.056
392,Q7_max,-0.71,-0.282,36.09,-2,0.010723675801035,0,TRUE,-0.018,0.0416346050491006,0.24,TRUE,-0.018,0.186187062280339,0.611,FALSE,-0.018
393,Q7_max,-54.7,-0.113,873.59,-6.3,0.310754560425242,0,FALSE,-1.367,0.502215103518679,0.423,FALSE,-1.367,0.64207824551907,0.658,FALSE,-1.367
394,Q7_max,-21.01,-0.197,466.23,-4.5,0.0746500897742795,0,FALSE,-0.525,0.169359111775281,0.275,FALSE,-0.525,0.533896949680788,0.767,FALSE,-0.525
396,Q7_max,-20.87,-0.267,1359,-1.5,0.0158755471413791,0,TRUE,-0.522,0.144802970256949,0.503,FALSE,-0.522,0.375125139950817,0.745,FALSE,-0.522
398,Q7_max,1.69,0.113,173.12,1,0.310754560425242,0,FALSE,0.042,0.424258879337968,0.253,FALSE,0.042,0.478219583988446,0.5,FALSE,0.042
399,Q7_max,-8.79,-0.582,40.45,-21.7,1.3065943843e-7,0,TRUE,-0.22,0.0486470834352643,0.822,TRUE,-0.22,0.110308672457115,0.824,FALSE,-0.22
411,Q7_max,-24.35,-0.136,2008.1,-1.2,0.221194271982253,0,FALSE,-0.609,0.531903214710888,0.635,FALSE,-0.609,0.645623373563913,0.737,FALSE,-0.609
413,Q7_max,-3.37,-0.369,119.02,-2.8,8.2625315858255e-4,0,TRUE,-0.084,0.00873299988902521,0.258,TRUE,-0.084,0.0726204231128205,0.597,FALSE,-0.084
415,Q7_max,-0.72,-0.394,223.47,-0.3,3.6322052084875e-4,0,TRUE,-0.018,0.00162256897552256,0.133,TRUE,-0.018,0.0126154265967226,0.5,TRUE,-0.018
416,Q7_max,-42.56,-0.031,938.21,-4.5,0.788719489903205,0,FALSE,-1.064,0.914337178463575,0.786,FALSE,-1.064,0.940748127025412,0.859,FALSE,-1.064
421,Q7_max,-80.72,-0.077,970.3,-8.3,0.491823743144037,0,FALSE,-2.018,0.711919756590862,0.598,FALSE,-2.018,0.822291861535547,0.793,FALSE,-2.018
423,Q7_max,14.14,0.079,360.48,3.9,0.477262035081051,0,FALSE,0.354,0.639529809122326,0.427,FALSE,0.354,0.767858704778352,0.697,FALSE,0.354
430,Q7_max,-1.46,-0.028,66.7,-2.2,0.80671062228309,0,FALSE,-0.036,0.897395623420661,0.613,FALSE,-0.036,0.93760709421062,0.802,FALSE,-0.036
438,Q7_max,-0.17,-0.01,125.94,-0.1,0.939861966275782,0,FALSE,-0.004,0.941873643598314,0.037,FALSE,-0.004,0.960045951269087,0.514,FALSE,-0.004
449,Q7_max,-2.46,-0.218,86.09,-2.9,0.048950238599653,0,TRUE,-0.061,0.265492899308576,0.558,FALSE,-0.061,0.465963733630411,0.743,FALSE,-0.061
451,Q7_max,-119.97,-0.054,4116.33,-2.9,0.632869142286627,0,FALSE,-2.999,0.799435914191,0.606,FALSE,-2.999,0.882369729047226,0.815,FALSE,-2.999
456,Q7_max,-4.48,-0.226,72.97,-6.1,0.041456909675792,0,TRUE,-0.112,0.215834887935126,0.5,FALSE,-0.112,0.474396311460663,0.764,FALSE,-0.112
473,Q7_max,-0.07,-0.051,37.01,-0.2,0.648537430026022,0,FALSE,-0.002,0.786708432727638,0.519,FALSE,-0.002,0.894167738434927,0.838,FALSE,-0.002
477,Q7_max,-4.59,-0.344,179.83,-2.6,0.00186564692544231,0,TRUE,-0.115,0.0985459666552485,0.607,FALSE,-0.115,0.291623056797734,0.778,FALSE,-0.115
479,Q7_max,-410.68,-0.295,1056.45,-38.9,0.00762845212038399,0,TRUE,-10.267,0.29442205108675,0.797,FALSE,-10.267,0.467383841315274,0.867,FALSE,-10.267
481,Q7_max,-0.5,-0.064,133.67,-0.4,0.568066960851392,0,FALSE,-0.013,0.750779608404104,0.571,FALSE,-0.013,0.808162098668821,0.687,FALSE,-0.013
488,Q7_max,-4.39,-0.256,201.82,-2.2,0.0204191298581656,0,TRUE,-0.11,0.174183914566159,0.529,FALSE,-0.11,0.426156144044944,0.773,FALSE,-0.11
491,Q7_max,-0.08,-0.051,12.18,-0.7,0.649547898256236,0,FALSE,-0.002,0.734892035456122,0.309,FALSE,-0.002,0.837462150932021,0.664,FALSE,-0.002
492,Q7_max,7.41,0.038,576.8,1.3,0.735453618117175,0,FALSE,0.185,0.844129323854078,0.535,FALSE,0.185,0.912664728521018,0.796,FALSE,0.185
497,Q7_max,1.84,0.205,114.63,1.6,0.0639519780524364,0,FALSE,0.046,0.10134142123206,0.132,FALSE,0.046,0.315412976270237,0.594,FALSE,0.046
500,Q7_max,-0.01,-0.006,50.62,-0,0.962826212408198,0,FALSE,-0,0.961957164172791,-0.025,FALSE,-0,0.979273762081673,0.583,FALSE,-0
502,Q7_max,0.69,0.131,181.77,0.4,0.239293511765585,0,FALSE,0.017,0.238671878210561,-0.001,FALSE,0.017,0.410351605159494,0.5,FALSE,0.017
505,Q7_max,0.03,0.036,13.03,0.3,0.753082135935896,0,FALSE,0.001,0.756675122303187,0.016,FALSE,0.001,0.864269676062349,0.593,FALSE,0.001
509,Q7_max,1.26,0.056,313.93,0.4,0.616375003480359,0,FALSE,0.032,0.621112998406489,0.015,FALSE,0.032,0.83299923818518,0.692,FALSE,0.032
511,Q7_max,-1.54,-0.262,37.62,-4.1,0.0180222821867531,0,TRUE,-0.038,0.0137060991294529,-0.045,TRUE,-0.038,0.31678745820082,0.689,FALSE,-0.038
517,Q7_max,-0.23,-0.01,123.01,-0.2,0.934998803970505,0,FALSE,-0.006,0.944787700110902,0.175,FALSE,-0.006,0.954498636742927,0.5,FALSE,-0.006
519,Q7_max,-12.05,-0.403,148.2,-8.1,2.6555347838148e-4,0,TRUE,-0.301,0.0104349011555159,0.367,TRUE,-0.301,0.0759939362757185,0.635,FALSE,-0.301
522,Q7_max,-0.75,-0.128,96.57,-0.8,0.248724735539182,0,FALSE,-0.019,0.259998843307594,0.026,FALSE,-0.019,0.509954306477863,0.574,FALSE,-0.019
529,Q7_max,0.38,0.136,21.39,1.8,0.221194271982253,0,FALSE,0.009,0.46308420995369,0.51,FALSE,0.009,0.639840140405689,0.73,FALSE,0.009
536,Q7_max,-10.37,-0.244,120.81,-8.6,0.0276620923629247,0,TRUE,-0.259,0.0937272854592754,0.288,FALSE,-0.259,0.175303434840416,0.546,FALSE,-0.259
541,Q7_max,-1.27,-0.01,894.32,-0.1,0.934998803970505,0,FALSE,-0.032,0.94557812082221,0.19,FALSE,-0.032,0.954498908641508,0.5,FALSE,-0.032
542,Q7_max,-1.84,-0.249,142.19,-1.3,0.0245347936263211,0,TRUE,-0.046,0.0615645529898417,0.198,FALSE,-0.046,0.115679012200862,0.5,FALSE,-0.046
572,Q7_max,0,0.108,11.59,0,0.3193972161358,0,FALSE,0,0.391334831197075,0.161,FALSE,0,0.498697991870921,0.5,FALSE,0
574,Q7_max,-0.44,-0.195,44.87,-1,0.0785255109265469,0,FALSE,-0.011,0.16387668726088,0.249,FALSE,-0.011,0.218388258690059,0.5,FALSE,-0.011
575,Q7_max,4.06,0.31,145.1,2.8,0.00498658125974084,0,TRUE,0.101,0.0166602473596483,0.171,TRUE,0.101,0.0494768874978505,0.5,TRUE,0.101
597,Q7_max,-14813.11,-0.549,22711.97,-65.2,6.5250416311e-7,0,TRUE,-370.328,0.0901781931911411,0.864,FALSE,-370.328,0.173409165905786,0.865,FALSE,-370.328
601,Q7_max,-193.69,-0.269,1826.29,-10.6,0.0148890644892535,0,TRUE,-4.842,0.131896854876454,0.483,FALSE,-4.842,0.285447752890676,0.675,FALSE,-4.842
603,Q7_max,-283.8,-0.623,383.28,-74,1.597476475e-8,0,TRUE,-7.095,0.0684715878176176,0.887,FALSE,-7.095,0.137761343688944,0.881,FALSE,-7.095
604,Q7_max,-33.09,-0.149,187.03,-17.7,0.180287946389303,0,FALSE,-0.827,0.507523287747857,0.658,FALSE,-0.827,0.694422565914837,0.837,FALSE,-0.827
606,Q7_max,-101.55,-0.369,238.12,-42.6,8.2625315858255e-4,0,TRUE,-2.539,0.0837285801237776,0.627,FALSE,-2.539,0.302114380109416,0.816,FALSE,-2.539
610,Q7_max,-21006,-0.679,23512.76,-89.3,7.1200571e-10,0,TRUE,-525.15,0.0827326232981698,0.936,FALSE,-525.15,0.105893950730026,0.882,FALSE,-525.15
613,Q7_max,-32.86,-0.385,106.75,-30.8,4.946086148123e-4,0,TRUE,-0.822,0.0788441590007463,0.645,FALSE,-0.822,0.226485064226664,0.769,FALSE,-0.822
616,Q7_max,-46.93,-0.318,2161.97,-2.2,0.00400451910265771,0,TRUE,-1.173,0.0470359655986958,0.384,TRUE,-1.173,0.121607988196087,0.596,FALSE,-1.173
629,Q7_max,-15.81,-0.295,746.85,-2.1,0.00762845212038399,0,TRUE,-0.395,0.0622341307264117,0.372,FALSE,-0.395,0.136053708692905,0.582,FALSE,-0.395
657,Q7_max,-2020.11,-0.538,1487.27,-135.8,1.05130653375e-6,0,TRUE,-50.503,0.192762876890503,0.954,FALSE,-50.503,0.267167459367612,0.939,FALSE,-50.503
664,Q7_max,-150.87,-0.477,149.87,-100.7,1.542474281238e-5,0,TRUE,-3.772,0.0922098623094249,0.802,FALSE,-3.772,0.157846890809622,0.793,FALSE,-3.772
753,Q7_max,797.08,0.033,23166.89,3.4,0.770840345264592,0,FALSE,19.927,0.900379638285651,0.748,FALSE,19.927,0.933918136308682,0.849,FALSE,19.927
767,Q7_max,0.04,0.2,0.36,11.8,0.0709323430729971,0,FALSE,0.001,0.131314284992403,0.192,FALSE,0.001,0.284163213673731,0.56,FALSE,0.001
768,Q7_max,0.01,0.099,0.92,1.3,0.37586613879768,0,FALSE,0,0.447743096295657,0.165,FALSE,0,0.550445995227675,0.513,FALSE,0
777,Q7_max,17.56,0.2,47.85,36.7,0.0709323430729971,0,FALSE,0.439,0.171477263111508,0.293,FALSE,0.439,0.392968056507432,0.646,FALSE,0.439
780,Q7_max,4.28,0.062,79.21,5.4,0.583967534206333,0,FALSE,0.107,0.684379921165838,0.313,FALSE,0.107,0.83179060586623,0.724,FALSE,0.107
784,Q7_max,-1.63,-0.249,11.39,-14.3,0.0245347936263211,0,TRUE,-0.041,0.16534093204091,0.486,FALSE,-0.041,0.438415448876312,0.772,FALSE,-0.041
789,Q7_max,4.48,0.118,93.47,4.8,0.289033542541944,0,FALSE,0.112,0.257873349138661,-0.07,FALSE,0.112,0.458226848926899,0.5,FALSE,0.112
792,Q7_max,2.07,0.269,130.23,1.6,0.014875465439524,0,TRUE,0.052,0.0144111047582085,-0.005,TRUE,0.052,0.0884506993411338,0.5,FALSE,0.052
798,Q7_max,0.12,0,102.61,0.1,1,0,FALSE,0.003,1,0.394,FALSE,0.003,1,0.737,FALSE,0.003
806,Q7_max,0.04,0,79.66,0.1,1,0,FALSE,0.001,1,0.152,FALSE,0.001,1,0.657,FALSE,0.001
827,Q7_max,-1.63,-0.059,24.42,-6.7,0.600072292463655,0,FALSE,-0.041,0.718260986713637,0.387,FALSE,-0.041,0.83126967949943,0.705,FALSE,-0.041
837,Q7_max,-25,-0.118,163.98,-15.2,0.289033542541944,0,FALSE,-0.625,0.470422462979909,0.397,FALSE,-0.625,0.670100506967321,0.71,FALSE,-0.625
858,Q7_max,-0.02,-0.159,0.93,-1.7,0.151650428811589,0,FALSE,-0,0.131248405257854,-0.055,FALSE,-0,0.316044927423833,0.5,FALSE,-0
861,Q7_max,47.61,0.218,116.75,40.8,0.048950238599653,0,TRUE,1.19,0.128245594295207,0.273,FALSE,1.19,0.252625282567242,0.568,FALSE,1.19
870,Q7_max,-301.11,-0.021,23371.79,-1.3,0.861263883621309,0,FALSE,-7.528,0.944204558172532,0.787,FALSE,-7.528,0.959576575916033,0.841,FALSE,-7.528
872,Q7_max,130.73,0.397,158.3,82.6,3.1800958959306e-4,0,TRUE,3.268,0.202261794401052,0.847,FALSE,3.268,0.343269655511179,0.88,FALSE,3.268
882,Q7_max,1.65,0.159,66.42,2.5,0.151835761826554,0,FALSE,0.041,0.451667740285595,0.615,FALSE,0.041,0.623157855009816,0.774,FALSE,0.041
884,Q7_max,-117.61,-0.626,2127.5,-5.5,1.394572772e-8,0,TRUE,-2.94,0.0444300836451508,0.847,TRUE,-2.94,0.0803500805377366,0.817,FALSE,-2.94
885,Q7_max,0.02,0.021,18.86,0.1,0.861263883621309,0,FALSE,0.001,0.891328031918582,0.261,FALSE,0.001,0.946543717235522,0.728,FALSE,0.001
893,Q7_max,-15.15,-0.264,142.47,-10.6,0.0169190539927849,0,TRUE,-0.379,0.245794014030488,0.671,FALSE,-0.379,0.467197730798525,0.822,FALSE,-0.379
895,Q7_max,-110.9,-0.665,518.72,-21.4,1.58328419e-9,0,TRUE,-2.772,0.00342374026063298,0.672,TRUE,-2.772,0.00215383457959654,0.618,TRUE,-2.772
898,Q7_max,-34.54,-0.072,647.59,-5.3,0.521648148844523,0,FALSE,-0.864,0.60980417880886,0.242,FALSE,-0.864,0.748507768834497,0.624,FALSE,-0.864
913,Q7_max,-411.92,-0.3,1777.9,-23.2,0.00663376241364479,0,TRUE,-10.298,0.331706160515807,0.843,FALSE,-10.298,0.451180503752377,0.859,FALSE,-10.298
919,Q7_max,-0.73,-0.046,33.54,-2.2,0.683430638863361,0,FALSE,-0.018,0.849805587287401,0.7,FALSE,-0.018,0.891853466083082,0.785,FALSE,-0.018
920,Q7_max,0.41,0.485,7.29,5.6,1.114719219819e-5,0,TRUE,0.01,0.0099446020910456,0.529,TRUE,0.01,0.00332369591880307,0.516,TRUE,0.01
924,Q7_max,28.86,0.046,420.04,6.9,0.683430638863361,0,FALSE,0.721,0.703367181944481,0.074,FALSE,0.721,0.775423612333456,0.5,FALSE,0.721
929,Q7_max,-3.12,-0.445,54.58,-5.7,5.541454382355e-5,0,TRUE,-0.078,0.0332458386297407,0.611,TRUE,-0.078,0.125682815542133,0.732,FALSE,-0.078
931,Q7_max,-1.98,-0.411,42.24,-4.7,2.9314792785182e-4,0,TRUE,-0.05,0.140665811247233,0.779,FALSE,-0.05,0.156126310539965,0.719,FALSE,-0.05
936,Q7_max,-31.79,-0.66,28.34,-112.2,3.5635812e-9,0,TRUE,-0.795,0.0606807303289518,0.893,FALSE,-0.795,0.114780501848501,0.876,FALSE,-0.795
938,Q7_max,-3.05,-0.236,47.48,-6.4,0.0353038603319558,0,TRUE,-0.076,0.118066749407124,0.313,FALSE,-0.076,0.380227716065782,0.694,FALSE,-0.076
939,Q7_max,-31.96,-0.522,33.15,-96.4,3.02091286102e-6,0,TRUE,-0.799,0.130506261909993,0.885,FALSE,-0.799,0.203065950911537,0.867,FALSE,-0.799
948,Q7_max,-70.57,-0.162,371.86,-19,0.145287789095267,0,FALSE,-1.764,0.483605722907804,0.677,FALSE,-1.764,0.670555872113055,0.839,FALSE,-1.764
953,Q7_max,15.56,0.303,21.69,71.7,0.00618153687649209,0,TRUE,0.389,0.375921653632302,0.886,FALSE,0.389,0.482658737446214,0.891,FALSE,0.389
957,Q7_max,-0.69,-0.138,17.36,-4,0.212521935405059,0,FALSE,-0.017,0.259658534985401,0.109,FALSE,-0.017,0.550290273338798,0.641,FALSE,-0.017
958,Q7_max,-64.58,-0.748,32.9,-196.3,2.035111e-11,0,TRUE,-1.615,0.0604311170727312,0.938,FALSE,-1.615,0.110299195500109,0.921,FALSE,-1.615
965,Q7_max,-117.33,-0.079,860.68,-13.6,0.477262035081051,0,FALSE,-2.933,0.490769997414005,0.033,FALSE,-2.933,0.619035457763525,0.5,FALSE,-2.933
967,Q7_max,-42.02,-0.077,432.79,-9.7,0.491823743144037,0,FALSE,-1.051,0.460716102450124,-0.076,FALSE,-1.051,0.630576909130762,0.5,FALSE,-1.051
968,Q7_max,24.61,0.046,635.71,3.9,0.683430638863361,0,FALSE,0.615,0.666275125490996,-0.06,FALSE,0.615,0.775421010433871,0.5,FALSE,0.615
972,Q7_max,-23.34,-0.177,323.74,-7.2,0.110445992364054,0,FALSE,-0.584,0.144552471164577,0.097,FALSE,-0.584,0.547646204778329,0.736,FALSE,-0.584
975,Q7_max,-52.38,-0.218,217.41,-24.1,0.0560136381458959,0,FALSE,-1.309,0.0690595045236666,0.054,FALSE,-1.309,0.186533619067909,0.5,FALSE,-1.309
980,Q7_max,-42.6,-0.292,134.29,-31.7,0.0081742874385338,0,TRUE,-1.065,0.0140270756985577,0.08,TRUE,-1.065,0.0919301275747017,0.534,FALSE,-1.065
981,Q7_max,-28.71,-0.203,113.72,-25.2,0.0673677916589717,0,FALSE,-0.718,0.0744850375731844,0.027,FALSE,-0.718,0.222927668231592,0.517,FALSE,-0.718
982,Q7_max,-30.94,-0.154,245.74,-12.6,0.165602484830615,0,FALSE,-0.774,0.175061641816592,0.024,FALSE,-0.774,0.332055745255015,0.5,FALSE,-0.774
987,Q7_max,18.43,0.062,285.17,6.5,0.583967534206333,0,FALSE,0.461,0.794029950010954,0.683,FALSE,0.461,0.874452769787701,0.843,FALSE,0.461
989,Q7_max,-1091.46,-0.212,3062.61,-35.6,0.0627947627299341,0,FALSE,-27.287,0.140695618300247,0.248,FALSE,-27.287,0.19839317448791,0.5,FALSE,-27.287
1000,Q7_max,-58.16,-0.144,433.85,-13.4,0.195919478029792,0,FALSE,-1.454,0.227377817199774,0.074,FALSE,-1.454,0.365583652119905,0.5,FALSE,-1.454
1006,Q7_max,10.15,0.005,1347.93,0.8,0.972117135841733,0,FALSE,0.254,0.969924432132086,-0.082,FALSE,0.254,0.980490391605912,0.5,FALSE,0.254
1017,Q7_max,-4.96,-0.013,182.89,-2.7,0.916487445993529,0,FALSE,-0.124,0.914026711013096,-0.032,FALSE,-0.124,0.94151733420234,0.5,FALSE,-0.124
1019,Q7_max,-178.27,-0.292,380.64,-46.8,0.0081742874385338,0,TRUE,-4.457,0.012286453483832,0.059,TRUE,-4.457,0.0642649576681815,0.5,FALSE,-4.457
1026,Q7_max,-33.77,-0.021,3685.72,-0.9,0.861263883621309,0,FALSE,-0.844,0.845753926107419,-0.115,FALSE,-0.844,0.902685557130638,0.5,FALSE,-0.844
1033,Q7_max,115.83,0.259,2266.21,5.1,0.0191880165372879,0,TRUE,2.896,0.0310481589474608,0.089,TRUE,2.896,0.10134488354847,0.5,FALSE,2.896
1036,Q7_max,738.07,0.167,4896.26,15.1,0.132843309662691,0,FALSE,18.452,0.0986791714883361,-0.101,FALSE,18.452,0.293019101951542,0.5,FALSE,18.452
1042,Q7_max,188.61,0.156,1922.5,9.8,0.158606077060869,0,FALSE,4.715,0.147586376385637,-0.029,FALSE,4.715,0.323982771346586,0.5,FALSE,4.715
1055,Q7_max,-448.77,-0.457,331.3,-135.5,4.337172018892e-5,0,TRUE,-11.219,0.229241221304806,0.921,FALSE,-11.219,0.294956862875078,0.893,FALSE,-11.219
1067,Q7_max,178.64,0.141,2731.41,6.5,0.204097893101901,0,FALSE,4.466,0.249561937428228,0.106,FALSE,4.466,0.374291069206929,0.5,FALSE,4.466
1084,Q7_max,28.94,0.056,173.8,16.6,0.616375003480359,0,FALSE,0.723,0.61422589518982,-0.007,FALSE,0.723,0.725954613332253,0.5,FALSE,0.723
1086,Q7_max,-3.59,-0.031,94.04,-3.8,0.788719489903205,0,FALSE,-0.09,0.868498301569945,0.485,FALSE,-0.09,0.930594574877391,0.795,FALSE,-0.09
1092,Q7_max,70.55,0.108,254.42,27.7,0.333526103088346,0,FALSE,1.764,0.276424311361226,-0.127,FALSE,1.764,0.498679176919693,0.5,FALSE,1.764
1101,Q7_max,83.64,0.1,470.54,17.8,0.369649732950935,0,FALSE,2.091,0.466301997263378,0.222,FALSE,2.091,0.616637228234364,0.583,FALSE,2.091
1109,Q7_max,-24.15,-0.379,50.39,-47.9,5.8807575070884e-4,0,TRUE,-0.604,0.026768003011914,0.447,TRUE,-0.604,0.219120388861007,0.757,FALSE,-0.604
1112,Q7_max,40.79,0.069,2855.6,1.4,0.536901795304878,0,FALSE,1.02,0.486779897876925,-0.128,FALSE,1.02,0.665730662327827,0.5,FALSE,1.02
1121,Q7_max,28.5,0.11,864.73,3.3,0.322008969245694,0,FALSE,0.713,0.359219193785676,0.083,FALSE,0.713,0.599262001897335,0.602,FALSE,0.713
1122,Q7_max,-6.37,-0.023,109.2,-5.8,0.842992183820956,0,FALSE,-0.159,0.842640174147588,-0.002,FALSE,-0.159,0.889788883248264,0.5,FALSE,-0.159
1125,Q7_max,28.5,0.11,864.73,3.3,0.322008969245694,0,FALSE,0.713,0.359219193785676,0.083,FALSE,0.713,0.599262001897335,0.602,FALSE,0.713
1139,Q7_max,-78.67,-0.31,268.19,-29.3,0.00498658125974084,0,TRUE,-1.967,0.117146372811814,0.569,FALSE,-1.967,0.351477816722068,0.787,FALSE,-1.967
1161,Q7_max,-16.79,-0.492,60.11,-27.9,8.10670976081e-6,0,TRUE,-0.42,0.0379351101958402,0.699,TRUE,-0.42,0.187098111124583,0.834,FALSE,-0.42
1163,Q7_max,-11.01,-0.326,256.05,-4.3,0.00415176792904906,0,TRUE,-0.275,0.080335992585177,0.496,FALSE,-0.275,0.412586418696898,0.849,FALSE,-0.275
1164,Q7_max,40.97,0.018,891.21,4.6,0.879610141396948,0,FALSE,1.024,0.887687721471362,0.076,FALSE,1.024,0.917323849331164,0.507,FALSE,1.024
1170,Q7_max,-149.78,-0.179,646.12,-23.2,0.105341058564677,0,FALSE,-3.744,0.213262121654726,0.278,FALSE,-3.744,0.334191445422531,0.558,FALSE,-3.744
1171,Q7_max,-40.41,-0.09,297,-13.6,0.421442378942573,0,FALSE,-1.01,0.500463880132762,0.189,FALSE,-1.01,0.57382025315151,0.5,FALSE,-1.01
1176,Q7_max,-54.79,-0.538,651.73,-8.4,1.05130653375e-6,0,TRUE,-1.37,0.0030902211866072,0.501,TRUE,-1.37,0.0721950537486484,0.745,FALSE,-1.37
1179,Q7_max,-83.33,-0.149,309.5,-26.9,0.180287946389303,0,FALSE,-2.083,0.534524600415282,0.702,FALSE,-2.083,0.698216600340079,0.842,FALSE,-2.083
1181,Q7_max,-99.42,-0.377,1171.72,-8.5,6.4074606876577e-4,0,TRUE,-2.486,0.0445015536115537,0.526,TRUE,-2.486,0.220444133676671,0.755,FALSE,-2.486
1186,Q7_max,17.18,0.023,471.21,3.6,0.842992183820956,0,FALSE,0.43,0.881609781117588,0.3,FALSE,0.43,0.936527532792885,0.71,FALSE,0.43
1188,Q7_max,2.8,0.603,30.07,9.3,4.646447885e-8,0,TRUE,0.07,7.7226352161185e-4,0.488,TRUE,0.07,0.0240053155560654,0.699,TRUE,0.07
1190,Q7_max,-1.28,-0.046,52.79,-2.4,0.683430638863361,0,FALSE,-0.032,0.743334558906065,0.234,FALSE,-0.032,0.872469585098011,0.718,FALSE,-0.032
1192,Q7_max,35.71,0.103,296.02,12.1,0.357347193610757,0,FALSE,0.893,0.488611877563099,0.3,FALSE,0.893,0.736843343733705,0.748,FALSE,0.893
1194,Q7_max,-7.23,-0.023,143.14,-5.1,0.842992183820956,0,FALSE,-0.181,0.881889489903007,0.303,FALSE,-0.181,0.911816382106275,0.582,FALSE,-0.181
1208,Q7_max,-24.94,-0.505,165.71,-15.1,4.67524608951e-6,0,TRUE,-0.624,0.0411971094809447,0.726,TRUE,-0.624,0.177374719555929,0.835,FALSE,-0.624
1214,Q7_max,-20,-0.459,28.23,-70.8,3.190576683127e-5,0,TRUE,-0.5,0.0666187796008642,0.733,FALSE,-0.5,0.220314142081373,0.835,FALSE,-0.5
1219,Q7_max,-9.16,-0.436,94.36,-9.7,7.824897101362e-5,0,TRUE,-0.229,0.00948490851018725,0.43,TRUE,-0.229,0.215788495053358,0.81,FALSE,-0.229
1220,Q7_max,-5.12,-0.046,88.39,-5.8,0.683430638863361,0,FALSE,-0.128,0.679282594245678,-0.015,FALSE,-0.128,0.775417576423569,0.5,FALSE,-0.128
1236,Q7_max,-49.09,-0.2,132.53,-37,0.0709323430729971,0,FALSE,-1.227,0.223716951453635,0.407,FALSE,-1.227,0.474202042792102,0.715,FALSE,-1.227
1237,Q7_max,-4.06,-0.046,115.13,-3.5,0.683430638863361,0,FALSE,-0.102,0.712341953505507,0.109,FALSE,-0.102,0.778546780623279,0.505,FALSE,-0.102
1243,Q7_max,-372.42,-0.662,180.42,-206.4,1.96974169e-9,0,TRUE,-9.311,0.0734675651048558,0.916,FALSE,-9.311,0.10747381613392,0.873,FALSE,-9.311
1247,Q7_max,-182.91,-0.146,934.21,-19.6,0.187983838138654,0,FALSE,-4.573,0.340644869116644,0.338,FALSE,-4.573,0.491848045493226,0.608,FALSE,-4.573
1249,Q7_max,0.7,0.038,6.95,10,0.735453618117175,0,FALSE,0.017,0.846486993182304,0.548,FALSE,0.017,0.919624524991304,0.83,FALSE,0.017
1254,Q7_max,112.67,0.382,285.69,39.4,5.3945914285281e-4,0,TRUE,2.817,0.00370427136851394,0.188,TRUE,2.817,0.067268668794608,0.603,FALSE,2.817
1258,Q7_max,-50.01,-0.549,27.89,-179.3,6.5250416311e-7,0,TRUE,-1.25,0.0587123919444068,0.814,FALSE,-1.25,0.154376349177334,0.847,FALSE,-1.25
1263,Q7_max,-99.89,-0.321,86.44,-115.6,0.00371846164139384,0,TRUE,-2.497,0.246068379032149,0.788,FALSE,-2.497,0.439958003824422,0.876,FALSE,-2.497
1269,Q7_max,26.36,0.059,5619.07,0.5,0.600072292463655,0,FALSE,0.659,0.685584438067669,0.274,FALSE,0.659,0.771205942165386,0.585,FALSE,0.659
1273,Q7_max,18.37,0.056,699.16,2.6,0.616375003480359,0,FALSE,0.459,0.71261643271686,0.323,FALSE,0.459,0.801674541561591,0.623,FALSE,0.459
1275,Q7_max,-60.65,-0.023,4149.28,-1.5,0.842992183820956,0,FALSE,-1.516,0.888392676243594,0.359,FALSE,-1.516,0.94141538021933,0.742,FALSE,-1.516
1277,Q7_max,-21.43,-0.069,359.54,-6,0.536901795304878,0,FALSE,-0.536,0.625609120281906,0.25,FALSE,-0.536,0.748145813422992,0.609,FALSE,-0.536
1279,Q7_max,-43.88,-0.587,178.36,-24.6,1.0121840961e-7,0,TRUE,-1.097,4.2674423863925e-4,0.423,TRUE,-1.097,0.157931792094561,0.877,FALSE,-1.097
1280,Q7_max,-76.89,-0.333,979.09,-7.9,0.00254769872740663,0,TRUE,-1.922,0.16898365243313,0.712,FALSE,-1.922,0.344850084238241,0.811,FALSE,-1.922
1283,Q7_max,-0.55,-0.133,18.11,-3.1,0.230117374958221,0,FALSE,-0.014,0.214986237276506,-0.035,FALSE,-0.014,0.412414127932126,0.509,FALSE,-0.014
1287,Q7_max,-68.91,-0.279,2319.89,-3,0.0114624693753633,0,TRUE,-1.723,0.096881415325612,0.43,FALSE,-1.723,0.306683459022866,0.707,FALSE,-1.723
1291,Q7_max,-4.8,-0.777,164.51,-2.9,1.80368e-12,0,TRUE,-0.12,0.00681537270131559,0.809,TRUE,-0.12,1.649654360728e-5,0.549,TRUE,-0.12
1292,Q7_max,-0.89,-0.61,21.83,-4.1,3.12578199e-8,0,TRUE,-0.022,4.7948919013777e-4,0.466,TRUE,-0.022,0.0069252957486156,0.634,TRUE,-0.022
1294,Q7_max,-18.17,-0.026,1428.08,-1.3,0.82480461683375506,0,FALSE,-0.454,0.878196623082131,0.381,FALSE,-0.454,0.915539989562646,0.641,FALSE,-0.454
1295,Q7_max,-41.1,-0.426,537.75,-7.6,1.150256539642e-4,0,TRUE,-1.027,0.0516022680039648,0.644,FALSE,-1.027,0.140189816095875,0.73,FALSE,-1.027
1296,Q7_max,27.4,0.056,314.52,8.7,0.616375003480359,0,FALSE,0.685,0.747921989720109,0.451,FALSE,0.685,0.84067266789159,0.711,FALSE,0.685
1297,Q7_max,-0.45,-0.208,29.62,-1.5,0.0606804726654334,0,FALSE,-0.011,0.383993600572073,0.701,FALSE,-0.011,0.616483916794844,0.875,FALSE,-0.011
1302,Q7_max,-23.76,-0.077,545.07,-4.4,0.491823743144037,0,FALSE,-0.594,0.52316330675978,0.08,FALSE,-0.594,0.748410350408121,0.651,FALSE,-0.594
1317,Q7_max,-10.86,-0.049,281.35,-3.9,0.666219654683119,0,FALSE,-0.272,0.751481406722249,0.324,FALSE,-0.272,0.882823709923978,0.775,FALSE,-0.272
1586,Q7_max,7.35,0.038,61.76,11.9,0.735453618117175,0,FALSE,0.184,0.729411414135705,-0.025,FALSE,0.184,0.813123733383359,0.5,FALSE,0.184
1587,Q7_max,3.48,0.01,135.28,2.6,0.934998803970505,0,FALSE,0.087,0.929174759928771,-0.093,FALSE,0.087,0.954497375596398,0.5,FALSE,0.087
1592,Q7_max,-12.88,-0.036,163.83,-7.9,0.753082135935896,0,FALSE,-0.322,0.762489958753093,0.043,FALSE,-0.322,0.857820907583585,0.575,FALSE,-0.322
1634,Q7_max,36.22,0.126,305.62,11.9,0.25841287570987,0,FALSE,0.906,0.306506255409512,0.108,FALSE,0.906,0.429142896053844,0.5,FALSE,0.906
1645,Q7_max,14.78,0.126,96.66,15.3,0.25841287570987,0,FALSE,0.369,0.141494218314252,-0.278,FALSE,0.369,0.429099256369553,0.5,FALSE,0.369
1654,Q7_max,44.74,0.19,122.81,36.4,0.0867673622125098,0,FALSE,1.119,0.0474381883555926,-0.157,TRUE,1.119,0.230808291032154,0.5,FALSE,1.119
1655,Q7_max,14.59,0.178,147.31,9.9,0.119016217443612,0,FALSE,0.365,0.152468990428323,0.092,FALSE,0.365,0.33582337746788,0.541,FALSE,0.365
1659,Q7_max,-40.52,-0.054,423.44,-9.6,0.632869142286627,0,FALSE,-1.013,0.593023592264681,-0.121,FALSE,-1.013,0.738221845395961,0.5,FALSE,-1.013
1683,Q7_max,20.39,0.178,151.64,13.4,0.119016217443612,0,FALSE,0.51,0.118805373142352,-0.001,FALSE,0.51,0.281209568939402,0.5,FALSE,0.51
1684,Q7_max,68.31,0.149,382.52,17.9,0.180287946389303,0,FALSE,1.708,0.185048359976207,0.012,FALSE,1.708,0.348552081499677,0.5,FALSE,1.708
1703,Q7_max,58.7,0.238,283.05,20.7,0.0368939027648545,0,TRUE,1.467,0.0867502401224336,0.211,FALSE,1.467,0.16190683576963,0.511,FALSE,1.467
1714,Q7_max,27.12,0.072,415.33,6.5,0.521648148844523,0,FALSE,0.678,0.546198509650677,0.065,FALSE,0.678,0.653932142884606,0.5,FALSE,0.678
1732,Q7_max,41,0.09,236.83,17.3,0.421442378942573,0,FALSE,1.025,0.480196911960809,0.14,FALSE,1.025,0.57378832512007,0.5,FALSE,1.025
1739,Q7_max,14.73,0.131,72.74,20.2,0.239293511765585,0,FALSE,0.368,0.23283966507728,-0.015,FALSE,0.368,0.410344872373176,0.5,FALSE,0.368
1740,Q7_max,36.22,0.126,305.62,11.9,0.25841287570987,0,FALSE,0.906,0.306506255409512,0.108,FALSE,0.906,0.429142896053844,0.5,FALSE,0.906
1741,Q7_max,33.02,0.064,442.56,7.5,0.568066960851392,0,FALSE,0.825,0.64346029983301,0.224,FALSE,0.825,0.760723340987332,0.6,FALSE,0.825
1744,Q7_max,1.44,0.195,30.73,4.7,0.0785255109265469,0,FALSE,0.036,0.0539099389088234,-0.098,FALSE,0.036,0.218373445723022,0.5,FALSE,0.036
1752,Q7_max,227,0.233,1368.08,16.6,0.0349586316177944,0,TRUE,5.675,0.0711592424042036,0.167,FALSE,5.675,0.140112489707496,0.5,FALSE,5.675
1753,Q7_max,-565.05,-0.295,1984.78,-28.5,0.00762845212038399,0,TRUE,-14.126,0.0813355297565356,0.435,FALSE,-14.126,0.273517099227282,0.702,FALSE,-14.126
1754,Q7_max,-14.25,-0.387,529.26,-2.7,4.5325488725069e-4,0,TRUE,-0.356,0.00805212777239324,0.296,TRUE,-0.356,0.0141484759723277,0.5,TRUE,-0.356
1755,Q7_max,-6.82,-0.013,500.76,-1.4,0.916487445993529,0,FALSE,-0.171,0.936872681155054,0.296,FALSE,-0.171,0.9524647256419,0.576,FALSE,-0.171
1756,Q7_max,-568.95,-0.169,5186.55,-11,0.126938771346517,0,FALSE,-14.224,0.347206461990146,0.487,FALSE,-14.224,0.584286498372722,0.756,FALSE,-14.224
1761,Q7_max,-154.08,-0.103,2464.86,-6.3,0.357347193610757,0,FALSE,-3.852,0.500744762563465,0.328,FALSE,-3.852,0.673409701481069,0.658,FALSE,-3.852
1762,Q7_max,58.93,0.141,1736.24,3.4,0.204097893101901,0,FALSE,1.473,0.210055880928537,0.014,FALSE,1.473,0.374273621158064,0.5,FALSE,1.473
1776,Q7_max,0.87,0.021,62.72,1.4,0.861263883621309,0,FALSE,0.022,0.867763490143794,0.052,FALSE,0.022,0.902685480723747,0.5,FALSE,0.022
1796,Q7_max,14.15,0.034,434.83,3.3,0.771567660086717,0,FALSE,0.354,0.802437777396327,0.16,FALSE,0.354,0.872321956596491,0.584,FALSE,0.354
1848,Q7_max,-87.57,-0.036,1139.55,-7.7,0.753082135935896,0,FALSE,-2.189,0.802429396422119,0.243,FALSE,-2.189,0.865342589354823,0.596,FALSE,-2.189
1851,Q7_max,-64.11,-0.09,3236.32,-2,0.421442378942573,0,FALSE,-1.603,0.451635015368659,0.071,FALSE,-1.603,0.613487082442922,0.539,FALSE,-1.603
1863,Q7_max,-212.94,-0.233,3027.26,-7,0.0374648476140977,0,TRUE,-5.324,0.0819661744862895,0.192,FALSE,-5.324,0.164405205084644,0.514,FALSE,-5.324
1864,Q7_max,-12.99,-0.008,495.52,-2.6,0.953545373759069,0,FALSE,-0.325,0.960312450260248,0.169,FALSE,-0.325,0.973222738918359,0.571,FALSE,-0.325
1869,Q7_max,29.92,0.008,980.8,3.1,0.953545373759069,0,FALSE,0.748,0.958309603588659,0.117,FALSE,0.748,0.970609519628167,0.536,FALSE,0.748
1872,Q7_max,-219.99,-0.185,3188.08,-6.9,0.0956939083516393,0,FALSE,-5.5,0.140546763324662,0.132,FALSE,-5.5,0.243778618695914,0.5,FALSE,-5.5
1883,Q7_max,16.26,0.141,56.94,28.6,0.204097893101901,0,FALSE,0.406,0.26851778132557,0.148,FALSE,0.406,0.41852743268889,0.534,FALSE,0.406
1916,Q7_max,-9.4,-0.305,476.65,-2,0.00574405311922425,0,TRUE,-0.235,0.14501253039206,0.612,FALSE,-0.235,0.350338477209503,0.779,FALSE,-0.235
7313,Q7_max,-89.35,-0.117,2316.21,-3.9,0.298186128815875,0,FALSE,-2.234,0.34370250351926,0.101,FALSE,-2.234,0.633997255992442,0.657,FALSE,-2.234
7318,Q7_max,3.41,0.262,329.6,1,0.0180222821867531,0,TRUE,0.085,0.0230861963301999,0.043,TRUE,0.085,0.373222476012157,0.736,FALSE,0.085
41,Q7_min_time,0,0.013,96.83,0,0.915770494571828,0,FALSE,0,0.90587159569705,-0.12,FALSE,0,0.941516689727862,0.5,FALSE,0
42,Q7_min_time,12.72,0.029,211.72,6,0.797607530326148,0,FALSE,0.318,0.791271089957256,-0.034,FALSE,0.318,0.857679612672802,0.5,FALSE,0.318
55,Q7_min_time,-5.08,-0.091,277.08,-1.8,0.414438339902736,0,FALSE,-0.127,0.402320415605589,-0.028,FALSE,-0.127,0.568255555391704,0.5,FALSE,-0.127
57,Q7_min_time,0,0.045,290.35,0,0.690292036507565,0,FALSE,0,0.655867145946558,-0.12,FALSE,0,0.781659987740856,0.5,FALSE,0
60,Q7_min_time,5.16,0.04,217.85,2.4,0.72644698403686,0,FALSE,0.129,0.834158223154531,0.512,FALSE,0.129,0.860047938760243,0.621,FALSE,0.129
63,Q7_min_time,1.82,0.119,274.68,0.7,0.277739251384851,0,FALSE,0.045,0.401902303361895,0.274,FALSE,0.045,0.453305703868444,0.5,FALSE,0.045
72,Q7_min_time,-23.33,-0.262,309.48,-7.5,0.0179026546808087,0,TRUE,-0.583,0.044814639416151,0.177,TRUE,-0.583,0.0979836807189615,0.5,FALSE,-0.583
80,Q7_min_time,0,0.005,216.4,0,0.972093142976345,0,FALSE,0,0.9594590634287,-0.386,FALSE,0,0.98048956155632,0.5,FALSE,0
83,Q7_min_time,16,0.122,113.67,14.1,0.273115306656476,0,FALSE,0.4,0.290014550569694,0.038,FALSE,0.4,0.443538998005525,0.5,FALSE,0.4
85,Q7_min_time,1.21,0.009,209.38,0.6,0.944246899752691,0,FALSE,0.03,0.922503368596302,-0.344,FALSE,0.03,0.96099085935308,0.5,FALSE,0.03
88,Q7_min_time,10,0.077,211.12,4.7,0.4915884364806,0,FALSE,0.25,0.395657709818186,-0.225,FALSE,0.25,0.630562905830616,0.5,FALSE,0.25
89,Q7_min_time,31.17,0.163,164.6,18.9,0.141852336005435,0,FALSE,0.779,0.159114879733453,0.046,FALSE,0.779,0.304401909027214,0.5,FALSE,0.779
90,Q7_min_time,-26.67,-0.185,258.3,-10.3,0.0953936142118792,0,FALSE,-0.667,0.300641906819351,0.481,FALSE,-0.667,0.484201335503942,0.692,FALSE,-0.667
91,Q7_min_time,11.29,0.035,229.32,4.9,0.761867186450893,0,FALSE,0.282,0.757350911359566,-0.021,FALSE,0.282,0.853304497249255,0.549,FALSE,0.282
93,Q7_min_time,21.6,0.032,194.62,11.1,0.779721655053401,0,FALSE,0.54,0.741167257360619,-0.178,FALSE,0.54,0.844898676281515,0.5,FALSE,0.54
94,Q7_min_time,14.57,0.112,244.25,6,0.316009266652514,0,FALSE,0.364,0.318559897152554,0.006,FALSE,0.364,0.48328229445969,0.5,FALSE,0.364
97,Q7_min_time,15.19,0.103,264.4,5.7,0.357085972323252,0,FALSE,0.38,0.371141276712208,0.032,FALSE,0.38,0.519613447575697,0.5,FALSE,0.38
99,Q7_min_time,-41.84,-0.272,264.35,-15.8,0.0138663311188786,0,TRUE,-1.046,0.00852337694124958,-0.072,TRUE,-1.046,0.0854477644073317,0.5,FALSE,-1.046
100,Q7_min_time,28.29,0.183,181.05,15.6,0.0973753996242435,0,FALSE,0.707,0.201635560926464,0.276,FALSE,0.707,0.276543818978649,0.522,FALSE,0.707
107,Q7_min_time,13.33,0.063,300.77,4.4,0.577583359893768,0,FALSE,0.333,0.565286305793299,-0.035,FALSE,0.333,0.801444031442355,0.662,FALSE,0.333
111,Q7_min_time,21,0.058,149.35,14.1,0.608061283931995,0,FALSE,0.525,0.662317618983918,0.172,FALSE,0.525,0.719853326508569,0.5,FALSE,0.525
113,Q7_min_time,-6.86,-0.078,258.58,-2.7,0.484147160061839,0,FALSE,-0.172,0.598196414694085,0.299,FALSE,-0.172,0.687624960043578,0.571,FALSE,-0.172
114,Q7_min_time,22.86,0.306,274.4,8.3,0.00548788645398298,0,TRUE,0.571,0.00648981098774367,0.022,TRUE,0.571,0.0523821068761192,0.5,FALSE,0.571
133,Q7_min_time,-2.22,-0.005,176.51,-1.3,0.971048513631528,0,FALSE,-0.056,0.959485719311816,-0.35,FALSE,-0.056,0.979862225897344,0.5,FALSE,-0.056
182,Q7_min_time,30,0.162,184.44,16.3,0.149911563766497,0,FALSE,0.75,0.192017362484691,0.106,FALSE,0.75,0.316737010246244,0.5,FALSE,0.75
185,Q7_min_time,-6.4,-0.04,248.51,-2.6,0.7255965139713,0,FALSE,-0.16,0.738700854998406,0.055,FALSE,-0.16,0.809145428776051,0.504,FALSE,-0.16
204,Q7_min_time,0,0.005,195.25,0,0.972100726360789,0,FALSE,0,0.969957953034395,-0.08,FALSE,0,0.981983930427658,0.529,FALSE,0
292,Q7_min_time,26.67,0.159,228.38,11.7,0.15178017025047,0,FALSE,0.667,0.118414815033231,-0.092,FALSE,0.667,0.316049054690821,0.5,FALSE,0.667
293,Q7_min_time,37.13,0.165,151.12,24.6,0.135493373338101,0,FALSE,0.928,0.089967175967238,-0.137,FALSE,0.928,0.296760949901533,0.5,FALSE,0.928
297,Q7_min_time,5.71,0.14,92.72,6.2,0.204750341129989,0,FALSE,0.143,0.205262924468383,0.001,FALSE,0.143,0.378669048555007,0.5,FALSE,0.143
299,Q7_min_time,0,0.073,95.75,0,0.508459704229426,0,FALSE,0,0.412440609119674,-0.229,FALSE,0,0.648030187200922,0.5,FALSE,0
300,Q7_min_time,0,0.054,87.85,0,0.627056607589918,0,FALSE,0,0.556284578719624,-0.204,FALSE,0,0.738213753189132,0.5,FALSE,0
307,Q7_min_time,-2.5,-0.073,75.4,-3.3,0.510301648296623,0,FALSE,-0.062,0.439682008020367,-0.172,FALSE,-0.062,0.648039059299175,0.5,FALSE,-0.062
319,Q7_min_time,-10.67,-0.078,243.3,-4.4,0.484206576561641,0,FALSE,-0.267,0.42444282521136,-0.142,FALSE,-0.267,0.62477954342395,0.5,FALSE,-0.267
338,Q7_min_time,57.58,0.263,140,41.1,0.0172624022466658,0,TRUE,1.44,0.0567056701691012,0.237,FALSE,1.44,0.0963448251188639,0.5,FALSE,1.44
350,Q7_min_time,53.33,0.622,313.2,17,1.67302541e-8,0,TRUE,1.333,0.0568896540224515,0.868,FALSE,1.333,0.133043831614852,0.876,FALSE,1.333
355,Q7_min_time,9.71,0.106,111.58,8.7,0.338496354255158,0,FALSE,0.243,0.230914545760432,-0.239,FALSE,0.243,0.503854507998048,0.5,FALSE,0.243
361,Q7_min_time,-16.18,-0.179,269.15,-6,0.104868306102743,0,FALSE,-0.405,0.114271975537951,0.029,FALSE,-0.405,0.257212021402952,0.5,FALSE,-0.405
362,Q7_min_time,18.56,0.178,237.57,7.8,0.107367426846744,0,FALSE,0.464,0.0654296851732267,-0.145,FALSE,0.464,0.308881198352705,0.536,FALSE,0.464
367,Q7_min_time,10,0.123,252.48,4,0.26699165420652,0,FALSE,0.25,0.174600292680899,-0.215,FALSE,0.25,0.438703689545179,0.5,FALSE,0.25
370,Q7_min_time,9.63,0.065,207.82,4.6,0.559919732859466,0,FALSE,0.241,0.664790601714098,0.312,FALSE,0.241,0.838209643604117,0.765,FALSE,0.241
372,Q7_min_time,0,-0.009,274.58,0,0.944059434538592,0,FALSE,0,0.94633875281111,0.045,FALSE,0,0.968580139266477,0.579,FALSE,0
373,Q7_min_time,15.78,0.195,177.9,8.9,0.0780795814531521,0,FALSE,0.394,0.0986561116864625,0.07,FALSE,0.394,0.218381184382942,0.5,FALSE,0.394
374,Q7_min_time,3.08,0.072,236.7,1.3,0.52091166155314,0,FALSE,0.077,0.662902000235157,0.399,FALSE,0.077,0.747477633458229,0.622,FALSE,0.077
375,Q7_min_time,-2.16,-0.072,270.75,-0.8,0.519924411406899,0,FALSE,-0.054,0.451076721538931,-0.169,FALSE,-0.054,0.653903924271775,0.5,FALSE,-0.054
377,Q7_min_time,1.43,0.033,203.35,0.7,0.770294118422448,0,FALSE,0.036,0.761299732960521,-0.043,FALSE,0.036,0.838524594093816,0.5,FALSE,0.036
378,Q7_min_time,-45,-0.208,231.52,-19.4,0.0605172722488409,0,FALSE,-1.125,0.0943507023238734,0.124,FALSE,-1.125,0.201177002979184,0.509,FALSE,-1.125
382,Q7_min_time,0,-0.015,276.4,0,0.897851035970441,0,FALSE,0,0.891447106402403,-0.066,FALSE,0,0.929323556849033,0.504,FALSE,0
383,Q7_min_time,-9.51,-0.165,266.6,-3.6,0.135192019841148,0,FALSE,-0.238,0.268584422381577,0.316,FALSE,-0.238,0.528050972534943,0.689,FALSE,-0.238
384,Q7_min_time,7.64,0.135,194.43,3.9,0.222617672956919,0,FALSE,0.191,0.0738674913603616,-0.394,FALSE,0.191,0.396552839554802,0.5,FALSE,0.191
385,Q7_min_time,52.94,0.201,159.68,33.2,0.0675663715653686,0,FALSE,1.323,0.102111025790996,0.12,FALSE,1.323,0.203513689073667,0.5,FALSE,1.323
386,Q7_min_time,-13.33,-0.269,280.38,-4.8,0.014744287286482,0,TRUE,-0.333,0.0150952713871937,0.004,TRUE,-0.333,0.301124959839202,0.688,FALSE,-0.333
387,Q7_min_time,-2.97,-0.042,236.35,-1.3,0.708863706104432,0,FALSE,-0.074,0.695062915083357,-0.053,FALSE,-0.074,0.794215524452581,0.5,FALSE,-0.074
388,Q7_min_time,-20,-0.263,259.85,-7.7,0.0173689466686783,0,TRUE,-0.5,0.00897530549610579,-0.101,TRUE,-0.5,0.116492641849884,0.521,FALSE,-0.5
389,Q7_min_time,5.37,0.112,245.3,2.2,0.315240556685594,0,FALSE,0.134,0.238048974126479,-0.173,FALSE,0.134,0.483272995433034,0.5,FALSE,0.134
390,Q7_min_time,-6.78,-0.068,290.72,-2.3,0.544274663440012,0,FALSE,-0.17,0.53964892886932,-0.012,FALSE,-0.17,0.727852589155344,0.572,FALSE,-0.17
391,Q7_min_time,29.21,0.173,206.28,14.2,0.118292482540838,0,FALSE,0.73,0.16537743498100901,0.128,FALSE,0.73,0.274731042256014,0.5,FALSE,0.73
392,Q7_min_time,-4.33,-0.047,218.68,-2,0.674695337738828,0,FALSE,-0.108,0.76598894521175,0.358,FALSE,-0.108,0.769183499918763,0.5,FALSE,-0.108
393,Q7_min_time,8.17,0.056,154.78,5.3,0.616183408872788,0,FALSE,0.204,0.667697907558249,0.166,FALSE,0.204,0.725967894185213,0.5,FALSE,0.204
394,Q7_min_time,0,0.041,102.3,0,0.71617510068726,0,FALSE,0,0.698454469584626,-0.069,FALSE,0,0.80050378799309,0.5,FALSE,0
396,Q7_min_time,7.64,0.064,201.1,3.8,0.567681184798477,0,FALSE,0.191,0.560209429604925,-0.021,FALSE,0.191,0.689590130590585,0.5,FALSE,0.191
398,Q7_min_time,-15.43,-0.127,188.32,-8.2,0.252492846859633,0,FALSE,-0.386,0.220577910154921,-0.074,FALSE,-0.386,0.424373003076591,0.5,FALSE,-0.386
399,Q7_min_time,13.33,0.068,230.2,5.8,0.543891016733395,0,FALSE,0.333,0.591276233386095,0.132,FALSE,0.333,0.759907008751819,0.621,FALSE,0.333
411,Q7_min_time,-7.75,-0.115,263.88,-2.9,0.299325105956293,0,FALSE,-0.194,0.233000181976682,-0.149,FALSE,-0.194,0.468169228664593,0.5,FALSE,-0.194
413,Q7_min_time,-3.08,-0.008,182.55,-1.7,0.95353277077713,0,FALSE,-0.077,0.948064313969089,-0.12,FALSE,-0.077,0.967488241457373,0.5,FALSE,-0.077
415,Q7_min_time,-2.1,-0.014,192.18,-1.1,0.907229280778987,0,FALSE,-0.053,0.908335671595581,0.013,FALSE,-0.053,0.935747187287674,0.504,FALSE,-0.053
416,Q7_min_time,-37.11,-0.35,219.4,-16.9,0.00149885560437865,0,TRUE,-0.928,0.00736600278418206,0.182,TRUE,-0.928,0.0487780511893153,0.543,TRUE,-0.928
421,Q7_min_time,-22.17,-0.151,90.4,-24.5,0.171855599305364,0,FALSE,-0.554,0.138551519154776,-0.087,FALSE,-0.554,0.34022415772892,0.5,FALSE,-0.554
423,Q7_min_time,-20,-0.14,112.38,-17.8,0.207051991695939,0,FALSE,-0.5,0.279399802356701,0.165,FALSE,-0.5,0.496309533222647,0.594,FALSE,-0.5
430,Q7_min_time,1.48,0.042,247.85,0.6,0.708319967342821,0,FALSE,0.037,0.664163388341611,-0.16,FALSE,0.037,0.794204973481757,0.5,FALSE,0.037
438,Q7_min_time,0,0.006,189.47,0,0.969843597049392,0,FALSE,0,0.965089475077092,-0.157,FALSE,0,0.979199767916429,0.5,FALSE,0
449,Q7_min_time,0,-0.001,230.82,0,1,0,FALSE,0,1,0.223,FALSE,0,1,0.5,FALSE,0
451,Q7_min_time,0,-0.038,93.8,0,0.733778716154405,0,FALSE,0,0.682850077691636,-0.196,FALSE,0,0.813121431312426,0.5,FALSE,0
456,Q7_min_time,37.37,0.131,173.18,21.6,0.238889313940787,0,FALSE,0.934,0.246945893606539,0.018,FALSE,0.934,0.410331180518501,0.5,FALSE,0.934
473,Q7_min_time,-30,-0.25,253.05,-11.9,0.0236916787346931,0,TRUE,-0.75,0.0198411316549824,-0.032,TRUE,-0.75,0.113794690350039,0.5,FALSE,-0.75
477,Q7_min_time,4.04,0.013,228.52,1.8,0.916453540187032,0,FALSE,0.101,0.907601427799338,-0.109,FALSE,0.101,0.942671993822637,0.507,FALSE,0.101
479,Q7_min_time,20.67,0.182,251,8.2,0.100040482780055,0,FALSE,0.517,0.0845862114718385,-0.051,FALSE,0.517,0.250434985828766,0.5,FALSE,0.517
481,Q7_min_time,62.67,0.286,285.98,21.9,0.009679971760812,0,TRUE,1.567,0.00527586801531736,-0.081,TRUE,1.567,0.220403828830926,0.645,FALSE,1.567
488,Q7_min_time,0,0,224.9,0,1,0,FALSE,0,1,0.346,FALSE,0,1,0.685,FALSE,0
491,Q7_min_time,0,0.021,270.35,0,0.861027147098628,0,FALSE,0,0.871634477419735,0.086,FALSE,0,0.902682411312445,0.5,FALSE,0
492,Q7_min_time,0,0.058,100.2,0,0.604337383515392,0,FALSE,0,0.568184031382184,-0.104,FALSE,0,0.719851261908404,0.5,FALSE,0
497,Q7_min_time,-13.33,-0.156,109.15,-12.2,0.155864944441144,0,FALSE,-0.333,0.11121873351659,-0.124,FALSE,-0.333,0.323985136420138,0.5,FALSE,-0.333
500,Q7_min_time,-13.33,-0.112,123.03,-10.8,0.315152549012602,0,FALSE,-0.333,0.300986009639002,-0.032,FALSE,-0.333,0.483268632954345,0.5,FALSE,-0.333
502,Q7_min_time,-32.38,-0.306,106.05,-30.5,0.00527116327226417,0,TRUE,-0.809,0.00897122958846886,0.071,TRUE,-0.809,0.0523698149594822,0.5,FALSE,-0.809
505,Q7_min_time,66.13,0.208,189,35,0.0605638954366576,0,FALSE,1.653,0.0667652819164805,0.025,FALSE,1.653,0.189389041357399,0.5,FALSE,1.653
509,Q7_min_time,2.08,0.094,116.8,1.8,0.397940189654523,0,FALSE,0.052,0.497865229837112,0.235,FALSE,0.052,0.615068985091264,0.556,FALSE,0.052
511,Q7_min_time,-8.44,-0.017,244.1,-3.5,0.888785703558443,0,FALSE,-0.211,0.901658860823478,0.133,FALSE,-0.211,0.924638081610164,0.512,FALSE,-0.211
517,Q7_min_time,-10,-0.21,101.12,-9.9,0.0546565792306876,0,FALSE,-0.25,0.0192395555054209,-0.211,TRUE,-0.25,0.183935417429528,0.5,FALSE,-0.25
519,Q7_min_time,0,-0.004,102.88,0,0.981287441696502,0,FALSE,0,0.981895809785957,0.036,FALSE,0,0.986992797313998,0.5,FALSE,0
522,Q7_min_time,-54.85,-0.217,141.25,-38.8,0.0497889471199892,0,TRUE,-1.371,0.117945855435004,0.241,FALSE,-1.371,0.242223628434576,0.557,FALSE,-1.371
529,Q7_min_time,0,0.022,181.98,0,0.850432846909916,0,FALSE,0,0.883965620837106,0.271,FALSE,0,0.915661027041618,0.576,FALSE,0
536,Q7_min_time,1.95,0.072,120.4,1.6,0.519523995470485,0,FALSE,0.049,0.541370687041314,0.057,FALSE,0.049,0.653925234102654,0.5,FALSE,0.049
541,Q7_min_time,-4.58,-0.1,110.17,-4.2,0.36595840468248,0,FALSE,-0.114,0.385001249321754,0.043,FALSE,-0.114,0.530241519101673,0.5,FALSE,-0.114
542,Q7_min_time,-20,-0.035,199.7,-10,0.761929900908658,0,FALSE,-0.5,0.801129632702644,0.197,FALSE,-0.5,0.8728639337489,0.603,FALSE,-0.5
572,Q7_min_time,-9.88,-0.135,171.48,-5.8,0.217011520739193,0,FALSE,-0.247,0.21258319483083,-0.01,FALSE,-0.247,0.478837528598193,0.565,FALSE,-0.247
574,Q7_min_time,30.56,0.118,192.6,15.9,0.28747964130778503,0,FALSE,0.764,0.235975036234124,-0.116,FALSE,0.764,0.458218815087736,0.5,FALSE,0.764
575,Q7_min_time,24.86,0.094,187.9,13.2,0.401358591720007,0,FALSE,0.622,0.432176622096645,0.071,FALSE,0.622,0.557281297940139,0.5,FALSE,0.622
597,Q7_min_time,8,0.186,89.7,8.9,0.0885198633739564,0,FALSE,0.2,0.0713818903493633,-0.061,FALSE,0.2,0.240474237542438,0.5,FALSE,0.2
601,Q7_min_time,0,-0.006,109.55,0,0.962549128507365,0,FALSE,0,0.961907142912137,-0.018,FALSE,0,0.973989176348438,0.5,FALSE,0
603,Q7_min_time,-23.25,-0.201,95.15,-24.4,0.0683578540080126,0,FALSE,-0.581,0.0105853723709185,-0.352,TRUE,-0.581,0.203502794352396,0.5,FALSE,-0.581
604,Q7_min_time,29.84,0.077,155.57,19.2,0.491509929087156,0,FALSE,0.746,0.480663281858596,-0.027,FALSE,0.746,0.630575144013173,0.5,FALSE,0.746
606,Q7_min_time,48.15,0.149,193.43,24.9,0.179597294846557,0,FALSE,1.204,0.046794355066851,-0.404,TRUE,1.204,0.348521967603059,0.5,FALSE,1.204
610,Q7_min_time,20.87,0.046,210.68,9.9,0.683159333555978,0,FALSE,0.522,0.743987837285038,0.237,FALSE,0.522,0.832697222302657,0.611,FALSE,0.522
613,Q7_min_time,53.73,0.079,171.07,31.4,0.477122453578134,0,FALSE,1.343,0.499691667776367,0.056,FALSE,1.343,0.619311558458107,0.5,FALSE,1.343
616,Q7_min_time,19.28,0.127,303.32,6.4,0.253246450773504,0,FALSE,0.482,0.33176922055558,0.175,FALSE,0.482,0.507486568744665,0.568,FALSE,0.482
629,Q7_min_time,-43.97,-0.114,144.55,-30.4,0.305127384458142,0,FALSE,-1.099,0.396318649372455,0.203,FALSE,-1.099,0.476985456766868,0.503,FALSE,-1.099
657,Q7_min_time,-18.04,-0.072,222.4,-8.1,0.521459627055836,0,FALSE,-0.451,0.50211622313523,-0.05,FALSE,-0.451,0.653907137509861,0.5,FALSE,-0.451
664,Q7_min_time,0,0.008,246.1,0,0.953503323883508,0,FALSE,0,0.953889796369486,0.009,FALSE,0,0.967490334458223,0.5,FALSE,0
753,Q7_min_time,0,0.031,80.5,0,0.787704196619862,0,FALSE,0,0.756873951545129,-0.15,FALSE,0,0.851279158046195,0.5,FALSE,0
767,Q7_min_time,80,0.312,108.08,74,0.00472255594855442,0,TRUE,2,0.018300221094954,0.193,TRUE,2,0.100407969911847,0.566,FALSE,2
768,Q7_min_time,-20,-0.088,97.17,-20.6,0.428025336030505,0,FALSE,-0.5,0.542624169891231,0.279,FALSE,-0.5,0.599456790583364,0.519,FALSE,-0.5
777,Q7_min_time,-21.77,-0.05,194.65,-11.2,0.657889070134608,0,FALSE,-0.544,0.60008240126714,-0.181,FALSE,-0.544,0.756739986876618,0.5,FALSE,-0.544
780,Q7_min_time,33.21,0.114,193.05,17.2,0.305061697958968,0,FALSE,0.83,0.261363329991727,-0.098,FALSE,0.83,0.473162689743975,0.5,FALSE,0.83
784,Q7_min_time,134.77,0.322,219,61.5,0.00357571383388942,0,TRUE,3.369,0.0335244116323217,0.33,TRUE,3.369,0.0415730733082869,0.5,TRUE,3.369
789,Q7_min_time,15.09,0.118,63.73,23.7,0.288662334831011,0,FALSE,0.377,0.337795893680434,0.11,FALSE,0.377,0.458233291744362,0.5,FALSE,0.377
792,Q7_min_time,5.8,0.054,67.8,8.6,0.632004449684659,0,FALSE,0.145,0.638132166978204,0.02,FALSE,0.145,0.73822307731728,0.5,FALSE,0.145
798,Q7_min_time,-18.28,-0.087,226.05,-8.1,0.434964074969717,0,FALSE,-0.457,0.610298876345584,0.436,FALSE,-0.457,0.810031147106859,0.817,FALSE,-0.457
806,Q7_min_time,0,-0.001,96.97,0,1,0,FALSE,0,1,0.208,FALSE,0,1,0.589,FALSE,0
827,Q7_min_time,0,-0.001,186.4,0,1,0,FALSE,0,1,-0.081,FALSE,0,1,0.5,FALSE,0
837,Q7_min_time,2.97,0.015,78.47,3.8,0.897979934103214,0,FALSE,0.074,0.921870746068546,0.283,FALSE,0.074,0.938967218346196,0.557,FALSE,0.074
858,Q7_min_time,28.29,0.041,188.68,15,0.717926687156997,0,FALSE,0.707,0.693973918735027,-0.092,FALSE,0.707,0.800508669503447,0.5,FALSE,0.707
861,Q7_min_time,75.5,0.238,148.25,50.9,0.0310510896195709,0,TRUE,1.888,0.0641973333376423,0.164,FALSE,1.888,0.164344332469805,0.529,FALSE,1.888
870,Q7_min_time,-48.82,-0.081,163.52,-29.9,0.469779074677602,0,FALSE,-1.221,0.438234897041881,-0.075,FALSE,-1.221,0.613287135237452,0.5,FALSE,-1.221
872,Q7_min_time,12.52,0.073,257.4,4.9,0.513122304301954,0,FALSE,0.313,0.559541373777117,0.123,FALSE,0.313,0.710077760700627,0.575,FALSE,0.313
882,Q7_min_time,53.73,0.214,193.35,27.8,0.0529160897651456,0,FALSE,1.343,0.0783265843856089,0.102,FALSE,1.343,0.217231452249762,0.533,FALSE,1.343
884,Q7_min_time,62,0.113,192.28,32.2,0.310688870387251,0,FALSE,1.55,0.28028328448041,-0.068,FALSE,1.55,0.478221994286962,0.5,FALSE,1.55
885,Q7_min_time,-218.57,-0.406,177.25,-123.3,2.2932134616974e-4,0,TRUE,-5.464,0.0629096952049722,0.644,FALSE,-5.464,0.178746009457797,0.748,FALSE,-5.464
893,Q7_min_time,-3.33,-0.054,236.93,-1.4,0.63201994410583,0,FALSE,-0.083,0.557287878605327,-0.217,FALSE,-0.083,0.738223060429278,0.5,FALSE,-0.083
895,Q7_min_time,-12.98,-0.064,118.62,-10.9,0.567961851099459,0,FALSE,-0.325,0.633362077054839,0.193,FALSE,-0.325,0.730681583459424,0.554,FALSE,-0.325
898,Q7_min_time,-6.67,-0.133,258.58,-2.6,0.228976469219344,0,FALSE,-0.167,0.445269277858328,0.461,FALSE,-0.167,0.641028588369519,0.723,FALSE,-0.167
913,Q7_min_time,-9.71,-0.144,213.18,-4.6,0.195088924376744,0,FALSE,-0.243,0.243683667764369,0.114,FALSE,-0.243,0.372804770325331,0.505,FALSE,-0.243
919,Q7_min_time,-36.18,-0.1,244.22,-14.8,0.369433037590773,0,FALSE,-0.905,0.428809580488338,0.136,FALSE,-0.905,0.556553033099081,0.523,FALSE,-0.905
920,Q7_min_time,-18.4,-0.101,227.6,-8.1,0.363216086930711,0,FALSE,-0.46,0.392415969399723,0.066,FALSE,-0.46,0.524914097106018,0.5,FALSE,-0.46
924,Q7_min_time,2.2,0.01,112.67,2,0.93498118852183,0,FALSE,0.055,0.925997950446871,-0.139,FALSE,0.055,0.954496551762773,0.5,FALSE,0.055
929,Q7_min_time,-26.24,-0.099,226.12,-11.6,0.375801317365949,0,FALSE,-0.656,0.37809947543627,0.005,FALSE,-0.656,0.535592477221292,0.5,FALSE,-0.656
931,Q7_min_time,-68.57,-0.152,168.82,-40.6,0.182448388445502,0,FALSE,-1.714,0.351978098434788,0.373,FALSE,-1.714,0.558647702152955,0.673,FALSE,-1.714
936,Q7_min_time,71.11,0.367,254.59,27.9,0.00103772896487836,0,TRUE,1.778,0.0208343960169273,0.364,TRUE,1.778,0.300041212515674,0.807,FALSE,1.778
938,Q7_min_time,0,-0.02,238.26,0,0.865262344823685,0,FALSE,0,0.853610785373275,-0.09,FALSE,0,0.912656065841301,0.526,FALSE,0
939,Q7_min_time,-72,-0.252,218.26,-33,0.0242321550066102,0,TRUE,-1.8,0.028078196360177,0.028,TRUE,-1.8,0.117591540105927,0.5,FALSE,-1.8
948,Q7_min_time,-10.53,-0.045,224.18,-4.7,0.691773654661471,0,FALSE,-0.263,0.671978111836115,-0.071,FALSE,-0.263,0.781657762683198,0.5,FALSE,-0.263
953,Q7_min_time,6.08,0.059,240.48,2.5,0.599294627711468,0,FALSE,0.152,0.66375753272107,0.203,FALSE,0.152,0.713749048339182,0.5,FALSE,0.152
957,Q7_min_time,26.35,0.076,233.93,11.3,0.499105633198797,0,FALSE,0.659,0.562551926382737,0.166,FALSE,0.659,0.692984172475676,0.565,FALSE,0.659
958,Q7_min_time,-32,-0.119,229.38,-14,0.290961832555076,0,FALSE,-0.8,0.442354013152198,0.333,FALSE,-0.8,0.580930095255976,0.604,FALSE,-0.8
965,Q7_min_time,-19.11,-0.086,79.08,-24.2,0.44155030872381,0,FALSE,-0.478,0.550905554649612,0.27,FALSE,-0.478,0.590589490757523,0.5,FALSE,-0.478
967,Q7_min_time,-160,-0.262,144.95,-110.4,0.017991043783493,0,TRUE,-4,0.0765531035069377,0.305,FALSE,-4,0.11562559860352,0.518,FALSE,-4
968,Q7_min_time,-127.28,-0.39,120.83,-105.3,4.1164716652262e-4,0,TRUE,-3.182,5.5618774106486e-4,0.025,TRUE,-3.182,0.0135128092256542,0.5,TRUE,-3.182
972,Q7_min_time,-79.17,-0.167,167.55,-47.2,0.13279069360453,0,FALSE,-1.979,0.0851473293210736,-0.146,FALSE,-1.979,0.293015709907109,0.5,FALSE,-1.979
975,Q7_min_time,-53.33,-0.104,129.37,-41.2,0.365371548508621,0,FALSE,-1.333,0.263410650940733,-0.225,FALSE,-1.333,0.531495695628065,0.5,FALSE,-1.333
980,Q7_min_time,-15.95,-0.058,118.6,-13.5,0.60807752923957,0,FALSE,-0.399,0.571364446981669,-0.106,FALSE,-0.399,0.71984460104282,0.5,FALSE,-0.399
981,Q7_min_time,-10.79,-0.047,181.02,-6,0.674695337738828,0,FALSE,-0.27,0.681088200804318,0.023,FALSE,-0.27,0.769183665164481,0.5,FALSE,-0.27
982,Q7_min_time,-4.37,-0.022,98.97,-4.4,0.852108190052163,0,FALSE,-0.109,0.881197037400448,0.235,FALSE,-0.109,0.917504196299841,0.584,FALSE,-0.109
987,Q7_min_time,23,0.188,269.92,8.5,0.0887671976464149,0,FALSE,0.575,0.0644909962717364,-0.089,FALSE,0.575,0.238428680493224,0.503,FALSE,0.575
989,Q7_min_time,35.29,0.067,221.03,16,0.562994738982459,0,FALSE,0.882,0.539496937766216,-0.064,FALSE,0.882,0.689343832763852,0.5,FALSE,0.882
1000,Q7_min_time,-48.7,-0.115,196.95,-24.7,0.299609728376077,0,FALSE,-1.218,0.311933393721518,0.028,FALSE,-1.218,0.468155929005629,0.5,FALSE,-1.218
1006,Q7_min_time,-50.59,-0.129,178.45,-28.4,0.243795692565411,0,FALSE,-1.265,0.272337478979999,0.065,FALSE,-1.265,0.414984939196333,0.5,FALSE,-1.265
1017,Q7_min_time,-34.03,-0.092,174.2,-19.5,0.408046775124761,0,FALSE,-0.851,0.375874071714592,-0.073,FALSE,-0.851,0.562762608001976,0.5,FALSE,-0.851
1019,Q7_min_time,-22.53,-0.138,68.92,-32.7,0.212252817921506,0,FALSE,-0.563,0.21103770520079,-0.003,FALSE,-0.563,0.383106177929991,0.5,FALSE,-0.563
1026,Q7_min_time,-33.77,-0.101,186.57,-18.1,0.363150872203403,0,FALSE,-0.844,0.466701242666168,0.237,FALSE,-0.844,0.580020802205277,0.55,FALSE,-0.844
1033,Q7_min_time,-26.46,-0.064,204.18,-13,0.567786498416307,0,FALSE,-0.661,0.576705488086088,0.025,FALSE,-0.661,0.689594094262739,0.5,FALSE,-0.661
1036,Q7_min_time,-50,-0.146,194.45,-25.7,0.187664009029,0,FALSE,-1.25,0.230940135901672,0.103,FALSE,-1.25,0.35700178785152,0.5,FALSE,-1.25
1042,Q7_min_time,-72.03,-0.164,176.95,-40.7,0.138904662249596,0,FALSE,-1.801,0.109650841252267,-0.084,FALSE,-1.801,0.300539138389608,0.5,FALSE,-1.801
1055,Q7_min_time,0,0.018,128.95,0,0.883996763455627,0,FALSE,0,0.869366664896451,-0.129,FALSE,0,0.919581554503515,0.5,FALSE,0
1067,Q7_min_time,-61.7,-0.251,266.2,-23.2,0.0230521769812646,0,TRUE,-1.542,0.0821471526144055,0.283,FALSE,-1.542,0.111956490879498,0.5,FALSE,-1.542
1084,Q7_min_time,0,0.005,279.88,0,0.972105778517263,0,FALSE,0,0.970741163408146,-0.052,FALSE,0,0.980490379962727,0.5,FALSE,0
1086,Q7_min_time,-8.33,-0.067,148.52,-5.6,0.551148798705874,0,FALSE,-0.208,0.605698769610694,0.154,FALSE,-0.208,0.73440163337937,0.574,FALSE,-0.208
1092,Q7_min_time,-7.85,-0.041,267.95,-2.9,0.717804395197309,0,FALSE,-0.196,0.700752249603204,-0.066,FALSE,-0.196,0.800509335901722,0.5,FALSE,-0.196
1101,Q7_min_time,16.9,0.079,160.98,10.5,0.477142400548786,0,FALSE,0.423,0.511182956407642,0.085,FALSE,0.423,0.630776440204845,0.512,FALSE,0.423
1109,Q7_min_time,43.22,0.123,223.35,19.4,0.267947724412146,0,FALSE,1.081,0.252583337891867,-0.035,FALSE,1.081,0.438708736831087,0.5,FALSE,1.081
1112,Q7_min_time,4.04,0.015,273.1,1.5,0.897993715695215,0,FALSE,0.101,0.894805127175721,-0.033,FALSE,0.101,0.928555463116445,0.5,FALSE,0.101
1121,Q7_min_time,13.33,0.056,266.5,5,0.616327131647527,0,FALSE,0.333,0.593950871349882,-0.067,FALSE,0.333,0.725965729982774,0.5,FALSE,0.333
1122,Q7_min_time,-13.95,-0.072,271.2,-5.1,0.52151620679701,0,FALSE,-0.349,0.452967398247981,-0.169,FALSE,-0.349,0.65391581988024,0.5,FALSE,-0.349
1125,Q7_min_time,13.33,0.056,266.5,5,0.616327131647527,0,FALSE,0.333,0.593950871349882,-0.067,FALSE,0.333,0.7259652847288,0.5,FALSE,0.333
1139,Q7_min_time,-53.24,-0.137,174.62,-30.5,0.216504377154514,0,FALSE,-1.331,0.127868944008985,-0.222,FALSE,-1.331,0.387547259461027,0.5,FALSE,-1.331
1161,Q7_min_time,-54.87,-0.212,158.95,-34.5,0.0554843576276824,0,FALSE,-1.372,0.0295138801059033,-0.138,TRUE,-1.372,0.181266327845352,0.5,FALSE,-1.372
1163,Q7_min_time,5.33,0.023,275.97,1.9,0.850333493518034,0,FALSE,0.133,0.840547432944672,-0.069,FALSE,0.133,0.896286447162511,0.5,FALSE,0.133
1164,Q7_min_time,23.01,0.069,217.7,10.6,0.53660672931437,0,FALSE,0.575,0.583760147056136,0.129,FALSE,0.575,0.716512064590083,0.563,FALSE,0.575
1170,Q7_min_time,54,0.213,233.3,23.1,0.0544872288940071,0,FALSE,1.35,0.0709148241916812,0.068,FALSE,1.35,0.178648060134741,0.5,FALSE,1.35
1171,Q7_min_time,65,0.172,211.8,30.7,0.121139482946516,0,FALSE,1.625,0.126470921260324,0.015,FALSE,1.625,0.278305037774585,0.5,FALSE,1.625
1176,Q7_min_time,-52.73,-0.14,174.25,-30.3,0.208104033465245,0,FALSE,-1.318,0.207641654671802,-0.001,FALSE,-1.318,0.378660613349366,0.5,FALSE,-1.318
1179,Q7_min_time,-103.67,-0.337,129.5,-80.1,0.00221551793265155,0,TRUE,-2.592,0.00473049905709583,0.086,TRUE,-2.592,0.0327042710475882,0.5,TRUE,-2.592
1181,Q7_min_time,-76.9,-0.176,186.72,-41.2,0.112785384756371,0,FALSE,-1.923,0.104167500896575,-0.026,FALSE,-1.923,0.267594366402942,0.5,FALSE,-1.923
1186,Q7_min_time,54.1,0.167,258.2,21,0.13279069360453,0,FALSE,1.352,0.0874187368840292,-0.138,FALSE,1.352,0.292992613612328,0.5,FALSE,1.352
1188,Q7_min_time,-48.86,-0.173,240.25,-20.3,0.118342480083006,0,FALSE,-1.221,0.16592292380945,0.129,FALSE,-1.221,0.274720748660774,0.5,FALSE,-1.221
1190,Q7_min_time,28.57,0.154,266.22,10.7,0.165410996947646,0,FALSE,0.714,0.182568991130253,0.043,FALSE,0.714,0.332046998481171,0.5,FALSE,0.714
1192,Q7_min_time,10.33,0.059,270.55,3.8,0.599857645141217,0,FALSE,0.258,0.631620185430866,0.097,FALSE,0.258,0.713766649554657,0.5,FALSE,0.258
1194,Q7_min_time,9.44,0.038,218.72,4.3,0.73538446025798,0,FALSE,0.236,0.725812905040015,-0.04,FALSE,0.236,0.813128164855728,0.5,FALSE,0.236
1208,Q7_min_time,-15.69,-0.042,169.2,-9.3,0.709253824535276,0,FALSE,-0.392,0.660447823427448,-0.176,FALSE,-0.392,0.7942051452865,0.5,FALSE,-0.392
1214,Q7_min_time,0,0.013,126.95,0,0.915704749726066,0,FALSE,0,0.900046150781724,-0.183,FALSE,0,0.94151816409829,0.5,FALSE,0
1219,Q7_min_time,8.44,0.036,247.78,3.4,0.7530497024157,0,FALSE,0.211,0.74600925850186,-0.031,FALSE,0.211,0.825803345747006,0.5,FALSE,0.211
1220,Q7_min_time,-91.27,-0.231,222.1,-41.1,0.0369694184824866,0,TRUE,-2.282,0.0362547826885048,-0.004,TRUE,-2.282,0.144535615900975,0.5,FALSE,-2.282
1236,Q7_min_time,-21.7,-0.108,157.8,-13.8,0.333329156502762,0,FALSE,-0.543,0.300456274059561,-0.073,FALSE,-0.543,0.498687178740276,0.5,FALSE,-0.543
1237,Q7_min_time,-24.64,-0.077,198.18,-12.4,0.491764946760552,0,FALSE,-0.616,0.379758998099851,-0.26,FALSE,-0.616,0.630544634495698,0.5,FALSE,-0.616
1243,Q7_min_time,0,-0.04,129.85,0,0.723618384223059,0,FALSE,0,0.723334280233781,-0.001,FALSE,0,0.806816698592448,0.5,FALSE,0
1247,Q7_min_time,-60.67,-0.162,168.52,-36,0.145160320667815,0,FALSE,-1.517,0.0879023042544165,-0.17,FALSE,-1.517,0.308224076867386,0.5,FALSE,-1.517
1249,Q7_min_time,0,0.026,134.05,0,0.824216765795841,0,FALSE,0,0.841439075109336,0.113,FALSE,0,0.898854350586965,0.572,FALSE,0
1254,Q7_min_time,-31.33,-0.11,208.62,-15,0.321877558711664,0,FALSE,-0.783,0.262352209630232,-0.133,FALSE,-0.783,0.488381701924223,0.5,FALSE,-0.783
1258,Q7_min_time,-62.2,-0.186,152.48,-40.8,0.0918164156404764,0,FALSE,-1.555,0.141648043279612,0.148,FALSE,-1.555,0.240488627991981,0.5,FALSE,-1.555
1263,Q7_min_time,-16.18,-0.076,185.7,-8.7,0.498619259484254,0,FALSE,-0.405,0.464668900494071,-0.084,FALSE,-0.405,0.63637260565185,0.5,FALSE,-0.405
1269,Q7_min_time,8.89,0.06,281.55,3.2,0.591818670071117,0,FALSE,0.222,0.655300918007329,0.196,FALSE,0.222,0.754892434548355,0.567,FALSE,0.222
1273,Q7_min_time,0,-0.003,175.9,0,0.990699820735245,0,FALSE,0,0.990955147094112,0.03,FALSE,0,0.994222621145474,0.543,FALSE,0
1275,Q7_min_time,37.38,0.135,254.48,14.7,0.225403800009494,0,FALSE,0.935,0.26778143670647,0.097,FALSE,0.935,0.396589291890681,0.5,FALSE,0.935
1277,Q7_min_time,-75.14,-0.197,186.55,-40.3,0.0745187007664708,0,FALSE,-1.879,0.0474238837690716,-0.114,TRUE,-1.879,0.212319566637854,0.5,FALSE,-1.879
1279,Q7_min_time,41.45,0.092,146.62,28.3,0.407983109774667,0,FALSE,1.036,0.366868606206601,-0.093,FALSE,1.036,0.562769557889597,0.5,FALSE,1.036
1280,Q7_min_time,-63.58,-0.179,203.88,-31.2,0.105041676534072,0,FALSE,-1.589,0.045025049287785,-0.226,TRUE,-1.589,0.257174518907835,0.5,FALSE,-1.589
1283,Q7_min_time,-120,-0.222,152.55,-78.7,0.0450287151048363,0,TRUE,-3,0.019807598624207,-0.161,TRUE,-3,0.160890751439476,0.5,FALSE,-3
1287,Q7_min_time,-6.86,-0.021,259.42,-2.6,0.861226584588788,0,FALSE,-0.172,0.866396526716382,0.041,FALSE,-0.172,0.902682119325078,0.5,FALSE,-0.172
1291,Q7_min_time,-145.35,-0.226,174.8,-83.2,0.0414016637644858,0,TRUE,-3.634,0.0424142284142343,0.005,TRUE,-3.634,0.153720473535205,0.5,FALSE,-3.634
1292,Q7_min_time,-61.63,-0.128,181.45,-34,0.248596238515031,0,FALSE,-1.541,0.205180645820293,-0.101,FALSE,-1.541,0.419674802337349,0.5,FALSE,-1.541
1294,Q7_min_time,-66.67,-0.217,207.35,-32.2,0.0501111013352036,0,FALSE,-1.667,0.0573209742889984,0.033,FALSE,-1.667,0.170857627150858,0.5,FALSE,-1.667
1295,Q7_min_time,51.2,0.185,279.72,18.3,0.0956488680826152,0,FALSE,1.28,0.063381150649379,-0.116,FALSE,1.28,0.243752267859165,0.5,FALSE,1.28
1296,Q7_min_time,-27.33,-0.079,219.9,-12.4,0.477122453578134,0,FALSE,-0.683,0.362592044245372,-0.262,FALSE,-0.683,0.619017910675729,0.5,FALSE,-0.683
1297,Q7_min_time,25.58,0.091,118.9,21.5,0.414438339902736,0,FALSE,0.64,0.420413811842611,0.014,FALSE,0.64,0.596629091415082,0.527,FALSE,0.64
1302,Q7_min_time,-113.33,-0.273,181.75,-62.4,0.0134789330753921,0,TRUE,-2.833,0.00984140539018464,-0.047,TRUE,-2.833,0.0839617167331403,0.5,FALSE,-2.833
1317,Q7_min_time,-43.83,-0.173,180.32,-24.3,0.118225813231477,0,FALSE,-1.096,0.137587447616906,0.055,FALSE,-1.096,0.274722031195091,0.5,FALSE,-1.096
1586,Q7_min_time,-8,-0.036,164.88,-4.9,0.7530497024157,0,FALSE,-0.2,0.700991185263067,-0.213,FALSE,-0.2,0.825801797783418,0.5,FALSE,-0.2
1587,Q7_min_time,25.74,0.164,129.22,19.9,0.138743729902394,0,FALSE,0.644,0.0530746132724024,-0.282,FALSE,0.644,0.300544501389301,0.5,FALSE,0.644
1592,Q7_min_time,52.67,0.21,165.48,31.8,0.0574811091611522,0,FALSE,1.317,0.113999767544826,0.197,FALSE,1.317,0.406326625907558,0.676,FALSE,1.317
1634,Q7_min_time,-2.81,-0.021,211.28,-1.3,0.86117680571882,0,FALSE,-0.07,0.873312600552372,0.1,FALSE,-0.07,0.913695035170405,0.543,FALSE,-0.07
1645,Q7_min_time,35.56,0.254,163.62,21.7,0.0216591289193691,0,TRUE,0.889,0.0375674917710678,0.107,TRUE,0.889,0.10832519076401,0.5,FALSE,0.889
1654,Q7_min_time,35,0.123,177.78,19.7,0.268294548856508,0,FALSE,0.875,0.273554065847677,0.012,FALSE,0.875,0.47357000320615,0.528,FALSE,0.875
1655,Q7_min_time,13.33,0.065,168.11,7.9,0.571482233683357,0,FALSE,0.333,0.565655767009415,-0.016,FALSE,0.333,0.695751150995765,0.5,FALSE,0.333
1659,Q7_min_time,1.82,0.029,89.9,2,0.797265900533338,0,FALSE,0.046,0.838459806858558,0.246,FALSE,0.046,0.857678007938578,0.5,FALSE,0.046
1683,Q7_min_time,11.76,0.051,146.76,8,0.659799042061172,0,FALSE,0.294,0.601016987586288,-0.184,FALSE,0.294,0.760995980267983,0.5,FALSE,0.294
1684,Q7_min_time,6.3,0.029,278.32,2.3,0.797688190046568,0,FALSE,0.158,0.832949944849128,0.208,FALSE,0.158,0.888777713562361,0.591,FALSE,0.158
1703,Q7_min_time,-11.43,-0.034,146.03,-7.8,0.772411201592593,0,FALSE,-0.286,0.79293634029726,0.105,FALSE,-0.286,0.841574920578044,0.5,FALSE,-0.286
1714,Q7_min_time,20,0.108,147.62,13.5,0.333329156502762,0,FALSE,0.5,0.324789515466703,-0.019,FALSE,0.5,0.498684890690476,0.5,FALSE,0.5
1732,Q7_min_time,-29.35,-0.16,152.6,-19.2,0.148322923048697,0,FALSE,-0.734,0.209303563560205,0.151,FALSE,-0.734,0.312135239971238,0.5,FALSE,-0.734
1739,Q7_min_time,6,0.044,155.68,3.9,0.70050355143956,0,FALSE,0.15,0.570525143863192,-0.4,FALSE,0.15,0.78792146300113,0.5,FALSE,0.15
1740,Q7_min_time,-2.81,-0.021,211.28,-1.3,0.86117680571882,0,FALSE,-0.07,0.873312600552372,0.1,FALSE,-0.07,0.913695035170405,0.543,FALSE,-0.07
1741,Q7_min_time,-40.61,-0.162,128.7,-31.6,0.144941720875339,0,FALSE,-1.015,0.233877779160419,0.216,FALSE,-1.015,0.374330469246325,0.55,FALSE,-1.015
1744,Q7_min_time,6.67,0.054,210.7,3.2,0.63260728931244,0,FALSE,0.167,0.44872478641165,-0.465,FALSE,0.167,0.738210585758677,0.5,FALSE,0.167
1752,Q7_min_time,62.2,0.236,145.57,42.7,0.0329716107322333,0,TRUE,1.555,0.0596257439933933,0.134,FALSE,1.555,0.135775225485221,0.5,FALSE,1.555
1753,Q7_min_time,-10.7,-0.049,208.68,-5.1,0.666205447532246,0,FALSE,-0.267,0.687887089592474,0.077,FALSE,-0.267,0.762957090465592,0.5,FALSE,-0.267
1754,Q7_min_time,-13,-0.032,222.98,-5.8,0.779750791615175,0,FALSE,-0.325,0.778395581712232,-0.007,FALSE,-0.325,0.844898140100756,0.5,FALSE,-0.325
1755,Q7_min_time,-12.72,-0.046,163.8,-7.8,0.683308637641035,0,FALSE,-0.318,0.733355433709038,0.193,FALSE,-0.318,0.859810362113463,0.68,FALSE,-0.318
1756,Q7_min_time,-17.46,-0.079,245.48,-7.1,0.477142400548786,0,FALSE,-0.437,0.490882115059241,0.034,FALSE,-0.437,0.619020741689906,0.5,FALSE,-0.437
1761,Q7_min_time,-6.97,-0.017,193.07,-3.6,0.888770695600297,0,FALSE,-0.174,0.883262880552053,-0.053,FALSE,-0.174,0.922077593111351,0.5,FALSE,-0.174
1762,Q7_min_time,8.44,0.058,276.6,3.1,0.607898720040542,0,FALSE,0.211,0.56093127260949,-0.135,FALSE,0.211,0.71984368699925,0.5,FALSE,0.211
1776,Q7_min_time,51.27,0.097,218.4,23.5,0.382061346219537,0,FALSE,1.282,0.348439714125485,-0.076,FALSE,1.282,0.540957447998836,0.5,FALSE,1.282
1796,Q7_min_time,-36.67,-0.115,259.49,-14.1,0.309351523820678,0,FALSE,-0.917,0.351825804115248,0.095,FALSE,-0.917,0.493169573449757,0.511,FALSE,-0.917
1848,Q7_min_time,17.14,0.156,236.45,7.3,0.158342205767145,0,FALSE,0.429,0.167431811852717,0.023,FALSE,0.429,0.323977636265516,0.5,FALSE,0.429
1851,Q7_min_time,22.73,0.059,214.28,10.6,0.599758460934573,0,FALSE,0.568,0.630121043045934,0.093,FALSE,0.568,0.72718745628302806,0.518,FALSE,0.568
1863,Q7_min_time,0,-0.02,233,0,0.865052759986716,0,FALSE,0,0.848343067556396,-0.127,FALSE,0,0.90623529422913,0.5,FALSE,0
1864,Q7_min_time,36.18,0.173,221.52,16.3,0.118225813231477,0,FALSE,0.905,0.147774735560118,0.082,FALSE,0.905,0.338544772417527,0.548,FALSE,0.905
1869,Q7_min_time,22.68,0.176,219.52,10.3,0.112573344850917,0,FALSE,0.567,0.124076435853473,0.034,FALSE,0.567,0.337714735069802,0.553,FALSE,0.567
1872,Q7_min_time,17.89,0.059,240.32,7.4,0.599907209701928,0,FALSE,0.447,0.594767723208412,-0.015,FALSE,0.447,0.713762730267037,0.5,FALSE,0.447
1883,Q7_min_time,34.53,0.174,251.18,13.7,0.115645465320832,0,FALSE,0.863,0.116141150536801,0.001,FALSE,0.863,0.271155105742721,0.5,FALSE,0.863
1916,Q7_min_time,-45.21,-0.133,231.75,-19.5,0.230054105336918,0,FALSE,-1.13,0.249292788808739,0.044,FALSE,-1.13,0.401152812049991,0.5,FALSE,-1.13
7313,Q7_min_time,18.95,0.127,112.59,16.8,0.257674772844416,0,FALSE,0.474,0.308413798595914,0.114,FALSE,0.474,0.433954128541944,0.5,FALSE,0.474
7318,Q7_min_time,-53.87,-0.223,150.85,-35.7,0.0437433677697986,0,TRUE,-1.347,0.123653631815126,0.285,FALSE,-1.347,0.214017605719475,0.546,FALSE,-1.347
41,Q7_max_time,0,0.021,207.65,0,0.860977153233422,0,FALSE,0,0.833362243117521,-0.196,FALSE,0,0.902681957824985,0.5,FALSE,0
42,Q7_max_time,-17.47,-0.104,181.55,-9.6,0.351130235531939,0,FALSE,-0.437,0.309624296817454,-0.093,FALSE,-0.437,0.514334419968475,0.5,FALSE,-0.437
55,Q7_max_time,-2.03,-0.027,141.88,-1.4,0.815544416764439,0,FALSE,-0.051,0.8189942060297,0.021,FALSE,-0.051,0.870497865157173,0.5,FALSE,-0.051
57,Q7_max_time,21.58,0.167,155.72,13.9,0.132474886246848,0,FALSE,0.539,0.313546699165691,0.412,FALSE,0.539,0.524875085484438,0.689,FALSE,0.539
60,Q7_max_time,3.9,0.032,163.22,2.4,0.779624449625932,0,FALSE,0.098,0.79688287656702,0.09,FALSE,0.098,0.878869179297332,0.591,FALSE,0.098
63,Q7_max_time,8,0.074,166.15,4.8,0.506158367797762,0,FALSE,0.2,0.542671570543905,0.095,FALSE,0.2,0.727163380027786,0.605,FALSE,0.2
72,Q7_max_time,-0.56,-0.019,137.62,-0.4,0.870279856802248,0,FALSE,-0.014,0.871356306887321,0.009,FALSE,-0.014,0.909144493992666,0.5,FALSE,-0.014
80,Q7_max_time,-40,-0.34,152.4,-26.2,0.00208860043292837,0,TRUE,-1,0.0338213678671143,0.385,TRUE,-1,0.212097544022807,0.706,FALSE,-1
83,Q7_max_time,-56.61,-0.365,145.2,-39,9.3140422191846e-4,0,TRUE,-1.415,0.0193975230750568,0.362,TRUE,-1.415,0.064949411212615,0.583,FALSE,-1.415
85,Q7_max_time,-71.27,-0.301,207.6,-34.3,0.00636939936313113,0,TRUE,-1.782,0.0138285912216163,0.111,TRUE,-1.782,0.0564664317584714,0.5,FALSE,-1.782
88,Q7_max_time,-14.2,-0.088,161.65,-8.8,0.427962572532336,0,FALSE,-0.355,0.472677356637127,0.106,FALSE,-0.355,0.632297230924944,0.553,FALSE,-0.355
89,Q7_max_time,-34.38,-0.264,160.32,-21.4,0.0168097258164976,0,TRUE,-0.86,3.2894364534421e-4,-0.417,TRUE,-0.86,0.0946949553850236,0.5,FALSE,-0.86
90,Q7_max_time,-19.41,-0.186,138.82,-14,0.0931366305939502,0,FALSE,-0.485,0.0918741659172114,-0.004,FALSE,-0.485,0.24047590505686,0.5,FALSE,-0.485
91,Q7_max_time,23.01,0.201,117.67,19.6,0.0689110717546316,0,FALSE,0.575,0.101062083994748,0.112,FALSE,0.575,0.315065433785111,0.586,FALSE,0.575
93,Q7_max_time,47.85,0.096,156.8,30.5,0.388558167994933,0,FALSE,1.196,0.55577696265425,0.393,FALSE,1.196,0.687817275849157,0.651,FALSE,1.196
94,Q7_max_time,-51.83,-0.371,144.45,-35.9,7.8032472987436e-4,0,TRUE,-1.296,0.0023307847177925,0.106,TRUE,-1.296,0.0188949639188088,0.5,TRUE,-1.296
97,Q7_max_time,-17.97,-0.2,164.25,-10.9,0.0706260000133781,0,FALSE,-0.449,0.133070830903334,0.198,FALSE,-0.449,0.351699632815578,0.612,FALSE,-0.449
99,Q7_max_time,-22.45,-0.246,159.25,-14.1,0.0259431715416469,0,TRUE,-0.561,0.104648492259028,0.332,FALSE,-0.561,0.305459202133586,0.656,FALSE,-0.561
100,Q7_max_time,-34.93,-0.258,155.35,-22.5,0.0197200774672045,0,TRUE,-0.873,0.0232899905938264,0.03,TRUE,-0.873,0.103037632243382,0.5,FALSE,-0.873
107,Q7_max_time,-17.33,-0.158,141.1,-12.3,0.160280774094755,0,FALSE,-0.433,0.186331132302165,0.065,FALSE,-0.433,0.331351710236226,0.502,FALSE,-0.433
111,Q7_max_time,8,0.083,119.75,6.7,0.455348470726859,0,FALSE,0.2,0.554060939180487,0.247,FALSE,0.2,0.690781870064812,0.6,FALSE,0.2
113,Q7_max_time,0,-0.017,114.53,0,0.88865543238175,0,FALSE,0,0.910024348992815,0.228,FALSE,0,0.929711313030808,0.537,FALSE,0
114,Q7_max_time,6.83,0.082,120.83,5.7,0.462168651466629,0,FALSE,0.171,0.390347795512899,-0.167,FALSE,0.171,0.60758070775552,0.5,FALSE,0.171
133,Q7_max_time,-40,-0.117,144.59,-27.7,0.298044681824442,0,FALSE,-1,0.330058092405361,0.071,FALSE,-1,0.469345147592538,0.5,FALSE,-1
182,Q7_max_time,-12.31,-0.072,143.95,-8.6,0.528700658698384,0,FALSE,-0.308,0.475087123172778,-0.135,FALSE,-0.308,0.661740527471818,0.5,FALSE,-0.308
185,Q7_max_time,1.25,0.049,92.69,1.3,0.670607866876119,0,FALSE,0.031,0.659623015151643,-0.038,FALSE,0.031,0.807420590142432,0.569,FALSE,0.031
204,Q7_max_time,-11.05,-0.055,208.48,-5.3,0.624418189423259,0,FALSE,-0.276,0.523190259294374,-0.28,FALSE,-0.276,0.732066953726477,0.5,FALSE,-0.276
292,Q7_max_time,2.67,0.063,184.9,1.4,0.57546369819537,0,FALSE,0.067,0.578857862158086,0.01,FALSE,0.067,0.695603340378176,0.5,FALSE,0.067
293,Q7_max_time,18.79,0.097,139.55,13.5,0.382018239290804,0,FALSE,0.47,0.495367630082315,0.263,FALSE,0.47,0.688536006724332,0.658,FALSE,0.47
297,Q7_max_time,-19.07,-0.154,225.57,-8.5,0.165372688170281,0,FALSE,-0.477,0.136494697551196,-0.076,FALSE,-0.477,0.332055981900641,0.5,FALSE,-0.477
299,Q7_max_time,-32.99,-0.373,201.52,-16.4,7.1815682687313e-4,0,TRUE,-0.825,0.00367688981465186,0.163,TRUE,-0.825,0.02279330143222,0.513,TRUE,-0.825
300,Q7_max_time,0,0.003,184.07,0,0.990693074446646,0,FALSE,0,0.990687850449424,-0.001,FALSE,0,0.993496349869989,0.5,FALSE,0
307,Q7_max_time,-9.86,-0.092,157.32,-6.3,0.40745178551843,0,FALSE,-0.247,0.536847824273422,0.309,FALSE,-0.247,0.724506305318857,0.687,FALSE,-0.247
319,Q7_max_time,-8.28,-0.115,169.18,-4.9,0.298886595015993,0,FALSE,-0.207,0.330485290532016,0.071,FALSE,-0.207,0.468182173665449,0.5,FALSE,-0.207
338,Q7_max_time,-23.82,-0.268,178.25,-13.4,0.0152109413674291,0,TRUE,-0.595,0.0347314174255346,0.15,TRUE,-0.595,0.089995858019581,0.5,FALSE,-0.595
350,Q7_max_time,-9.47,-0.078,132.07,-7.2,0.483948958488471,0,FALSE,-0.237,0.542950303153814,0.151,FALSE,-0.237,0.698273019523012,0.585,FALSE,-0.237
355,Q7_max_time,-10.79,-0.095,207.6,-5.2,0.394754757848094,0,FALSE,-0.27,0.328005162802686,-0.149,FALSE,-0.27,0.551799591913559,0.5,FALSE,-0.27
361,Q7_max_time,24,0.114,110.7,21.7,0.304974088916437,0,FALSE,0.6,0.39097179630162,0.191,FALSE,0.6,0.523159694851769,0.542,FALSE,0.6
362,Q7_max_time,-26.67,-0.224,135.72,-19.6,0.0412095306084189,0,TRUE,-0.667,0.161289930899205,0.389,FALSE,-0.667,0.379069210906816,0.68,FALSE,-0.667
367,Q7_max_time,-2.61,-0.018,149.35,-1.7,0.879545217219503,0,FALSE,-0.065,0.871744657119381,-0.068,FALSE,-0.065,0.915609810727656,0.5,FALSE,-0.065
370,Q7_max_time,-16.66,-0.212,169.22,-9.8,0.0556730961422444,0,FALSE,-0.417,0.0632259218754262,0.032,FALSE,-0.417,0.181284845298841,0.5,FALSE,-0.417
372,Q7_max_time,-6.04,-0.047,125.2,-4.8,0.674737010828583,0,FALSE,-0.151,0.672654254261856,-0.007,FALSE,-0.151,0.769186476143686,0.5,FALSE,-0.151
373,Q7_max_time,10.65,0.154,190.65,5.6,0.165315218004542,0,FALSE,0.266,0.294545305418331,0.296,FALSE,0.266,0.498958750503045,0.634,FALSE,0.266
374,Q7_max_time,11.07,0.113,149.9,7.4,0.310404010156181,0,FALSE,0.277,0.266841080630565,-0.097,FALSE,0.277,0.47821105239554,0.5,FALSE,0.277
375,Q7_max_time,2.97,0.033,120.72,2.5,0.770648598783144,0,FALSE,0.074,0.804482123179529,0.175,FALSE,0.074,0.856770105859684,0.544,FALSE,0.074
377,Q7_max_time,3.9,0.069,166.5,2.3,0.536329595810623,0,FALSE,0.098,0.606652606224268,0.196,FALSE,0.098,0.729025902069361,0.581,FALSE,0.098
378,Q7_max_time,-9.85,-0.095,159.45,-6.2,0.394626223372872,0,FALSE,-0.246,0.403291425113598,0.02,FALSE,-0.246,0.551819792190076,0.5,FALSE,-0.246
382,Q7_max_time,-9.23,-0.155,109.45,-8.4,0.161153507145731,0,FALSE,-0.231,0.242453298418639,0.194,FALSE,-0.231,0.481835387673073,0.622,FALSE,-0.231
383,Q7_max_time,8,0.081,123,6.5,0.469517279734282,0,FALSE,0.2,0.486803818134756,0.042,FALSE,0.2,0.647018966787115,0.535,FALSE,0.2
384,Q7_max_time,0,-0.01,174.98,0,0.934889946667525,0,FALSE,0,0.915449018018648,-0.277,FALSE,0,0.95449511603168,0.5,FALSE,0
385,Q7_max_time,0.57,0.009,160.52,0.4,0.944239336432925,0,FALSE,0.014,0.946760246489863,0.05,FALSE,0.014,0.960993419497218,0.5,FALSE,0.014
386,Q7_max_time,0,-0.008,119.4,0,0.953456936873746,0,FALSE,0,0.952152546683027,-0.03,FALSE,0,0.967489630621775,0.5,FALSE,0
387,Q7_max_time,-9,-0.056,131.82,-6.8,0.616071513097209,0,FALSE,-0.225,0.615101196808205,-0.003,FALSE,-0.225,0.772039760659395,0.569,FALSE,-0.225
388,Q7_max_time,-5.47,-0.076,121.08,-4.5,0.498229149637382,0,FALSE,-0.137,0.518539051631696,0.052,FALSE,-0.137,0.636381447795912,0.5,FALSE,-0.137
389,Q7_max_time,11.17,0.094,122.92,9.1,0.400846234234947,0,FALSE,0.279,0.53660117145041,0.322,FALSE,0.279,0.693553940575137,0.648,FALSE,0.279
390,Q7_max_time,2.58,0.044,152.15,1.7,0.700232133123679,0,FALSE,0.065,0.685983411321017,-0.053,FALSE,0.065,0.787933079940246,0.5,FALSE,0.065
391,Q7_max_time,40,0.354,187.35,21.4,0.00134155894219596,0,TRUE,1,0.0512210154692435,0.499,FALSE,1,0.179864354017265,0.694,FALSE,1
392,Q7_max_time,9.66,0.094,146.15,6.6,0.401315944098511,0,FALSE,0.241,0.410905799849459,0.022,FALSE,0.241,0.557283136650935,0.5,FALSE,0.241
393,Q7_max_time,-36.1,-0.299,178.98,-20.2,0.00683676009422291,0,TRUE,-0.902,0.0519560872777117,0.345,FALSE,-0.902,0.101844041159743,0.552,FALSE,-0.902
394,Q7_max_time,-6.49,-0.069,163.55,-4,0.536625187345401,0,FALSE,-0.162,0.408593458008532,-0.306,FALSE,-0.162,0.665705920542104,0.5,FALSE,-0.162
396,Q7_max_time,-2.86,-0.032,164.9,-1.7,0.779536854656515,0,FALSE,-0.072,0.790674939036807,0.057,FALSE,-0.072,0.854875168361562,0.524,FALSE,-0.072
398,Q7_max_time,0,0.008,197.7,0,0.953503323883508,0,FALSE,0,0.954360732808069,0.02,FALSE,0,0.967490612973759,0.5,FALSE,0
399,Q7_max_time,28.4,0.131,156.7,18.1,0.239102119613682,0,FALSE,0.71,0.307585252735098,0.154,FALSE,0.71,0.416163940565593,0.504,FALSE,0.71
411,Q7_max_time,-26.86,-0.138,132.6,-20.3,0.212314942271657,0,FALSE,-0.672,0.272724150386227,0.138,FALSE,-0.672,0.445871703186788,0.549,FALSE,-0.672
413,Q7_max_time,-11.71,-0.036,185.85,-6.3,0.753017256117108,0,FALSE,-0.293,0.750390648633884,-0.012,FALSE,-0.293,0.825805517705826,0.5,FALSE,-0.293
415,Q7_max_time,-18.38,-0.11,191.3,-9.6,0.321789911648153,0,FALSE,-0.459,0.259377089238586,-0.139,FALSE,-0.459,0.488381342196368,0.5,FALSE,-0.459
416,Q7_max_time,3.82,0.026,142.52,2.7,0.824710956857278,0,FALSE,0.095,0.824233670246131,-0.003,FALSE,0.095,0.876922180987654,0.5,FALSE,0.095
421,Q7_max_time,-25.63,-0.25,178.43,-14.4,0.0236473645808111,0,TRUE,-0.641,0.0346152330069245,0.074,TRUE,-0.641,0.113787185504488,0.5,FALSE,-0.641
423,Q7_max_time,12.89,0.126,197.65,6.5,0.257895325432975,0,FALSE,0.322,0.227485584812562,-0.07,FALSE,0.322,0.429140455756478,0.5,FALSE,0.322
430,Q7_max_time,2.62,0.028,135.68,1.9,0.806573308314292,0,FALSE,0.066,0.811531224391896,0.029,FALSE,0.066,0.878108531713479,0.54,FALSE,0.066
438,Q7_max_time,-6.67,-0.077,151.18,-4.4,0.50472935321882,0,FALSE,-0.167,0.436306669340339,-0.166,FALSE,-0.167,0.645090233819523,0.5,FALSE,-0.167
449,Q7_max_time,-15.69,-0.138,156.43,-10,0.212252817921506,0,FALSE,-0.392,0.148606899496114,-0.157,FALSE,-0.392,0.383091824735218,0.5,FALSE,-0.392
451,Q7_max_time,-39.35,-0.169,183.93,-21.4,0.126766824352416,0,FALSE,-0.984,0.150330228210771,0.065,FALSE,-0.984,0.285604813669866,0.5,FALSE,-0.984
456,Q7_max_time,-9.42,-0.163,166.82,-5.6,0.140948866993277,0,FALSE,-0.235,0.11852348155043,-0.063,FALSE,-0.235,0.304371888080658,0.5,FALSE,-0.235
473,Q7_max_time,-9.23,-0.108,148.78,-6.2,0.332539710493304,0,FALSE,-0.231,0.363132561034569,0.069,FALSE,-0.231,0.498700762163376,0.5,FALSE,-0.231
477,Q7_max_time,-31.04,-0.205,151.1,-20.5,0.0636754552259654,0,FALSE,-0.776,0.107567252806362,0.152,FALSE,-0.776,0.19495410215044,0.5,FALSE,-0.776
479,Q7_max_time,-4.22,-0.045,121.95,-3.5,0.69132208406952,0,FALSE,-0.106,0.666320739112277,-0.089,FALSE,-0.106,0.781666297194381,0.5,FALSE,-0.106
481,Q7_max_time,0,-0.026,121.3,0,0.824271882387444,0,FALSE,0,0.808783483243769,-0.093,FALSE,0,0.876918780994745,0.5,FALSE,0
488,Q7_max_time,-31.39,-0.146,140.95,-22.3,0.18786393658315,0,FALSE,-0.785,0.288244325453609,0.229,FALSE,-0.785,0.492557079792441,0.608,FALSE,-0.785
491,Q7_max_time,-40,-0.119,213.07,-18.8,0.283516438971662,0,FALSE,-1,0.26650792044562,-0.038,FALSE,-1,0.453306537567322,0.5,FALSE,-1
492,Q7_max_time,-4.44,-0.055,196.85,-2.3,0.624386793548256,0,FALSE,-0.111,0.643374985197842,0.06,FALSE,-0.111,0.732088675636881,0.5,FALSE,-0.111
497,Q7_max_time,-37.45,-0.41,192.02,-19.5,2.0011739910937e-4,0,TRUE,-0.936,0.00345769071927361,0.255,TRUE,-0.936,0.00931424621276826,0.5,TRUE,-0.936
500,Q7_max_time,0,0.01,183.75,0,0.934940030049991,0,FALSE,0,0.931976611223085,-0.048,FALSE,0,0.954497567787429,0.5,FALSE,0
502,Q7_max_time,-26.67,-0.324,203.15,-13.1,0.00328225223026435,0,TRUE,-0.667,0.00705498316945875,0.094,TRUE,-0.667,0.0399612391189275,0.5,TRUE,-0.667
505,Q7_max_time,-23.16,-0.119,201.32,-11.5,0.283603658229306,0,FALSE,-0.579,0.324249774878717,0.091,FALSE,-0.579,0.453307631485584,0.5,FALSE,-0.579
509,Q7_max_time,13.81,0.091,182.5,7.6,0.414501769360347,0,FALSE,0.345,0.437756969640473,0.054,FALSE,0.345,0.568281001177902,0.5,FALSE,0.345
511,Q7_max_time,32.73,0.104,121.97,26.8,0.351130235531939,0,FALSE,0.818,0.352713122980098,0.004,FALSE,0.818,0.514335475525914,0.5,FALSE,0.818
517,Q7_max_time,-26.48,-0.286,202.18,-13.1,0.00960772521856628,0,TRUE,-0.662,0.00918302265011029,-0.006,TRUE,-0.662,0.0703448455124213,0.5,FALSE,-0.662
519,Q7_max_time,-12.98,-0.078,208.38,-6.2,0.484246176297108,0,FALSE,-0.325,0.369704082479609,-0.263,FALSE,-0.325,0.624771575826879,0.5,FALSE,-0.325
522,Q7_max_time,-17.98,-0.106,184.7,-9.7,0.339219160668884,0,FALSE,-0.449,0.271351199778632,-0.151,FALSE,-0.449,0.503867917810399,0.5,FALSE,-0.449
529,Q7_max_time,-20.53,-0.129,159.9,-12.8,0.243325587940387,0,FALSE,-0.513,0.259821508600801,0.038,FALSE,-0.513,0.415005022161552,0.5,FALSE,-0.513
536,Q7_max_time,-21.07,-0.288,181.3,-11.6,0.0089480096533358,0,TRUE,-0.527,0.0229687428118287,0.15,TRUE,-0.527,0.0678613722795534,0.5,FALSE,-0.527
541,Q7_max_time,-30.47,-0.247,185.07,-16.5,0.0251971724925389,0,TRUE,-0.762,0.0264519837214066,0.009,TRUE,-0.762,0.117565255381115,0.5,FALSE,-0.762
542,Q7_max_time,45.81,0.094,191.35,23.9,0.40150778859199,0,FALSE,1.145,0.416645088837252,0.035,FALSE,1.145,0.5572697112722,0.5,FALSE,1.145
572,Q7_max_time,-14.91,-0.179,145.55,-10.2,0.105025916914164,0,FALSE,-0.373,0.141836018722755,0.106,FALSE,-0.373,0.282079791369143,0.519,FALSE,-0.373
574,Q7_max_time,-21.74,-0.238,165.18,-13.2,0.0310282345686512,0,TRUE,-0.544,0.0385432527291411,0.045,TRUE,-0.544,0.131541745353647,0.5,FALSE,-0.544
575,Q7_max_time,-24.31,-0.255,166.05,-14.6,0.0209525508025472,0,TRUE,-0.608,0.0216686434281797,0.006,TRUE,-0.608,0.106512755413464,0.5,FALSE,-0.608
597,Q7_max_time,0,0.005,182.12,0,0.97208681876337,0,FALSE,0,0.971898694277668,-0.007,FALSE,0,0.980491002194395,0.5,FALSE,0
601,Q7_max_time,-44.58,-0.214,167.48,-26.6,0.0529483479172132,0,FALSE,-1.114,0.0214683195872284,-0.185,TRUE,-1.114,0.176003120191101,0.5,FALSE,-1.114
603,Q7_max_time,-30.94,-0.222,200.82,-15.4,0.0450287151048363,0,TRUE,-0.773,0.0720773991076864,0.117,FALSE,-0.773,0.187546559277342,0.522,FALSE,-0.773
604,Q7_max_time,12.11,0.083,154.62,7.8,0.455634474423552,0,FALSE,0.303,0.322264427561155,-0.298,FALSE,0.303,0.601868469001455,0.5,FALSE,0.303
606,Q7_max_time,-8.35,-0.056,133.8,-6.2,0.615622952322458,0,FALSE,-0.209,0.5724819554127,-0.126,FALSE,-0.209,0.725959127659533,0.5,FALSE,-0.209
610,Q7_max_time,0,-0.085,98.7,0,0.435442289260479,0,FALSE,0,0.3707114522942,-0.148,FALSE,0,0.596205184482683,0.5,FALSE,0
613,Q7_max_time,-25.98,-0.16,146.02,-17.8,0.148378054079757,0,FALSE,-0.65,0.087886251571973,-0.178,FALSE,-0.65,0.312123481440637,0.5,FALSE,-0.65
616,Q7_max_time,17.78,0.051,132.02,13.5,0.649414659062381,0,FALSE,0.444,0.705860913743701,0.199,FALSE,0.444,0.770371757970954,0.531,FALSE,0.444
629,Q7_max_time,11.12,0.047,164.48,6.8,0.674695337738828,0,FALSE,0.278,0.555140640265392,-0.355,FALSE,0.278,0.769168139616616,0.5,FALSE,0.278
657,Q7_max_time,-3.64,-0.062,116.85,-3.1,0.58256507113975,0,FALSE,-0.091,0.504619189558639,-0.207,FALSE,-0.091,0.70161916443317,0.5,FALSE,-0.091
664,Q7_max_time,49.62,0.195,126.4,39.3,0.0783092943904489,0,FALSE,1.24,0.187270910383611,0.304,FALSE,1.24,0.44904319699524903,0.683,FALSE,1.24
753,Q7_max_time,-4.44,-0.067,190.82,-2.3,0.552034477891822,0,FALSE,-0.111,0.568303836208534,0.045,FALSE,-0.111,0.677624047721068,0.5,FALSE,-0.111
767,Q7_max_time,-20,-0.087,191.02,-10.5,0.434756085765975,0,FALSE,-0.5,0.414819671040671,-0.047,FALSE,-0.5,0.584962588325101,0.5,FALSE,-0.5
768,Q7_max_time,-8.06,-0.038,162.45,-5,0.73538446025798,0,FALSE,-0.201,0.757165899244811,0.096,FALSE,-0.201,0.813134830787852,0.5,FALSE,-0.201
777,Q7_max_time,84,0.382,136.82,61.4,5.0841963586473e-4,0,TRUE,2.1,9.6182860301206e-4,0.056,TRUE,2.1,0.0154786382635038,0.5,TRUE,2.1
780,Q7_max_time,23.88,0.156,127.47,18.7,0.157095965123434,0,FALSE,0.597,0.103806270084973,-0.15,FALSE,0.597,0.323950850474481,0.5,FALSE,0.597
784,Q7_max_time,12.13,0.056,115.17,10.5,0.616279241942713,0,FALSE,0.303,0.577042082269876,-0.115,FALSE,0.303,0.725948806741019,0.5,FALSE,0.303
789,Q7_max_time,-24.88,-0.127,166.7,-14.9,0.253289452705312,0,FALSE,-0.622,0.186429815667209,-0.156,FALSE,-0.622,0.424378044292445,0.5,FALSE,-0.622
792,Q7_max_time,-40,-0.176,174.72,-22.9,0.112899535002476,0,FALSE,-1,0.114580061678636,0.005,FALSE,-1,0.267624269004327,0.5,FALSE,-1
798,Q7_max_time,-15,-0.103,118.4,-12.7,0.357129530420871,0,FALSE,-0.375,0.38229438613468,0.057,FALSE,-0.375,0.519613922030477,0.5,FALSE,-0.375
806,Q7_max_time,7.01,0.036,179.28,3.9,0.753017256117108,0,FALSE,0.175,0.778369074305598,0.12,FALSE,0.175,0.866635193183405,0.599,FALSE,0.175
827,Q7_max_time,2.72,0.022,113.42,2.4,0.852015483637887,0,FALSE,0.068,0.821401620707509,-0.204,FALSE,0.068,0.896231192712157,0.5,FALSE,0.068
837,Q7_max_time,-4.58,-0.049,124.17,-3.7,0.66603482032537,0,FALSE,-0.114,0.636783883358822,-0.097,FALSE,-0.114,0.76294805800735,0.5,FALSE,-0.114
858,Q7_max_time,94.93,0.178,190.85,49.7,0.107797895092381,0,FALSE,2.373,0.114828065307377,0.021,FALSE,2.373,0.260648835020414,0.5,FALSE,2.373
861,Q7_max_time,-10.26,-0.06,182.45,-5.6,0.591684344025059,0,FALSE,-0.257,0.620266781450663,0.086,FALSE,-0.257,0.707698464690659,0.5,FALSE,-0.257
870,Q7_max_time,29.55,0.156,146.78,20.1,0.157530687066225,0,FALSE,0.739,0.302123760473121,0.33,FALSE,0.739,0.50544978990026,0.646,FALSE,0.739
872,Q7_max_time,-2.87,-0.083,127.6,-2.3,0.45339594693069,0,FALSE,-0.072,0.532359114839066,0.196,FALSE,-0.072,0.691051985206644,0.6,FALSE,-0.072
882,Q7_max_time,13.33,0.079,155.22,8.6,0.477142400548786,0,FALSE,0.333,0.435907443936231,-0.099,FALSE,0.333,0.619023669415121,0.5,FALSE,0.333
884,Q7_max_time,-20.59,-0.037,145.55,-14.1,0.744234373091842,0,FALSE,-0.515,0.725465125564676,-0.079,FALSE,-0.515,0.819459085806255,0.5,FALSE,-0.515
885,Q7_max_time,52.87,0.238,137.07,38.6,0.0309825398577428,0,TRUE,1.322,0.0113962050377896,-0.171,TRUE,1.322,0.131534459926477,0.5,FALSE,1.322
893,Q7_max_time,8.52,0.056,136.75,6.2,0.616119480375503,0,FALSE,0.213,0.626691510766947,0.033,FALSE,0.213,0.725963137720578,0.5,FALSE,0.213
895,Q7_max_time,60,0.142,232,25.9,0.199886554020988,0,FALSE,1.5,0.153769630541283,-0.115,FALSE,1.5,0.369889613915196,0.5,FALSE,1.5
898,Q7_max_time,6.81,0.064,156.05,4.4,0.567716297846379,0,FALSE,0.17,0.498332934356895,-0.182,FALSE,0.17,0.689583296277508,0.5,FALSE,0.17
913,Q7_max_time,-31.84,-0.158,143.35,-22.2,0.154229418569533,0,FALSE,-0.796,0.248309209406228,0.224,FALSE,-0.796,0.419954366754724,0.576,FALSE,-0.796
919,Q7_max_time,-45.89,-0.194,157.38,-29.2,0.0804209925139712,0,FALSE,-1.147,0.0153551333617131,-0.341,TRUE,-1.147,0.221411184825418,0.5,FALSE,-1.147
920,Q7_max_time,54.2,0.176,163.05,33.2,0.112948451145885,0,FALSE,1.355,0.127303628198248,0.042,FALSE,1.355,0.267615020311711,0.5,FALSE,1.355
924,Q7_max_time,-20.48,-0.058,166.78,-12.3,0.608174958822896,0,FALSE,-0.512,0.544806596995882,-0.178,FALSE,-0.512,0.719843153014663,0.5,FALSE,-0.512
929,Q7_max_time,0,0,215.9,0,1,0,FALSE,0,1,0.264,FALSE,0,1,0.668,FALSE,0
931,Q7_max_time,-16.84,-0.185,161.95,-10.4,0.104329650569677,0,FALSE,-0.421,0.0389647077797029,-0.254,TRUE,-0.421,0.262263428814961,0.5,FALSE,-0.421
936,Q7_max_time,-35,-0.401,150.18,-23.3,3.3746822278912e-4,0,TRUE,-0.875,0.00456633111511443,0.249,TRUE,-0.875,0.0127606084666296,0.5,TRUE,-0.875
938,Q7_max_time,-37.78,-0.233,152.87,-24.7,0.0373719164019341,0,TRUE,-0.944,0.0877957726296787,0.212,FALSE,-0.944,0.167358970879442,0.517,FALSE,-0.944
939,Q7_max_time,-14.4,-0.116,143.15,-10.1,0.301791009810057,0,FALSE,-0.36,0.295426385329998,-0.014,FALSE,-0.36,0.537340865513053,0.554,FALSE,-0.36
948,Q7_max_time,-11.43,-0.122,147.38,-7.8,0.272004679902491,0,FALSE,-0.286,0.149205431235272,-0.287,FALSE,-0.286,0.443558612319894,0.5,FALSE,-0.286
953,Q7_max_time,-15.69,-0.121,141.95,-11.1,0.27782552773348,0,FALSE,-0.392,0.218031242913493,-0.136,FALSE,-0.392,0.448393048968274,0.5,FALSE,-0.392
957,Q7_max_time,60.48,0.244,131.4,46,0.0276409821378645,0,TRUE,1.512,0.028309599242254,0.005,TRUE,1.512,0.123414747996083,0.5,FALSE,1.512
958,Q7_max_time,-60,-0.286,130,-46.2,0.0105732254302938,0,TRUE,-1.5,0.0413590577388842,0.24,TRUE,-1.5,0.0758711768398687,0.5,FALSE,-1.5
965,Q7_max_time,-7.68,-0.035,165.8,-4.6,0.761825349277875,0,FALSE,-0.192,0.75265025103046,-0.042,FALSE,-0.192,0.832161880368315,0.5,FALSE,-0.192
967,Q7_max_time,0,0.001,165.1,0,1,0,FALSE,0,1,-0.166,FALSE,0,1,0.5,FALSE,0
968,Q7_max_time,-1.6,-0.009,184.68,-0.9,0.944249420175442,0,FALSE,-0.04,0.949118863320596,0.099,FALSE,-0.04,0.96099344450057,0.5,FALSE,-0.04
972,Q7_max_time,32.92,0.1,178.65,18.4,0.369519741572403,0,FALSE,0.823,0.420609130556141,0.117,FALSE,0.823,0.530239691844189,0.5,FALSE,0.823
975,Q7_max_time,12,0.04,162.05,7.4,0.734216577904397,0,FALSE,0.3,0.678838337519789,-0.212,FALSE,0.3,0.814476545761548,0.5,FALSE,0.3
980,Q7_max_time,28.4,0.101,160.12,17.7,0.363368179757399,0,FALSE,0.71,0.356121029460656,-0.016,FALSE,0.71,0.524890657833719,0.5,FALSE,0.71
981,Q7_max_time,17.39,0.042,172.28,10.1,0.709178440023606,0,FALSE,0.435,0.71643077556089,0.029,FALSE,0.435,0.794216719647423,0.5,FALSE,0.435
982,Q7_max_time,33.02,0.094,164.72,20,0.401443860366851,0,FALSE,0.826,0.357863764248913,-0.099,FALSE,0.826,0.557253942714117,0.5,FALSE,0.826
987,Q7_max_time,0,-0.005,88.85,0,0.971582549992001,0,FALSE,0,0.971005569764877,-0.022,FALSE,0,0.980490695968752,0.5,FALSE,0
989,Q7_max_time,-16.67,-0.05,158.5,-10.5,0.669006201145212,0,FALSE,-0.417,0.726561063612725,0.214,FALSE,-0.417,0.77357030430025,0.51,FALSE,-0.417
1000,Q7_max_time,-35.5,-0.065,157.62,-22.5,0.560168482506201,0,FALSE,-0.887,0.622547673920399,0.181,FALSE,-0.887,0.690638720323451,0.509,FALSE,-0.887
1006,Q7_max_time,17.72,0.063,137.62,12.9,0.575913619893809,0,FALSE,0.443,0.558730432491423,-0.048,FALSE,0.443,0.695599828272177,0.5,FALSE,0.443
1017,Q7_max_time,-23.62,-0.074,140.8,-16.8,0.506485893431366,0,FALSE,-0.59,0.396527328985709,-0.258,FALSE,-0.59,0.642177993554245,0.5,FALSE,-0.59
1019,Q7_max_time,-3.58,-0.015,155.43,-2.3,0.897956952365031,0,FALSE,-0.089,0.894080586397266,-0.041,FALSE,-0.089,0.928555861228599,0.5,FALSE,-0.089
1026,Q7_max_time,31.49,0.1,133.65,23.6,0.369454716817395,0,FALSE,0.787,0.338455645563815,-0.07,FALSE,0.787,0.530230502669889,0.5,FALSE,0.787
1033,Q7_max_time,33.69,0.154,123.7,27.2,0.1652385780517,0,FALSE,0.842,0.132218005071866,-0.088,FALSE,0.842,0.332037778632774,0.5,FALSE,0.842
1036,Q7_max_time,46.67,0.168,138.88,33.6,0.129665248909737,0,FALSE,1.167,0.164476573230936,0.093,FALSE,1.167,0.328772693434042,0.529,FALSE,1.167
1042,Q7_max_time,60.67,0.185,125.42,48.4,0.0955437688163987,0,FALSE,1.517,0.0754015339198119,-0.07,FALSE,1.517,0.24374080177088,0.5,FALSE,1.517
1055,Q7_max_time,-12.12,-0.097,154.49,-7.8,0.388024981787155,0,FALSE,-0.303,0.475039200980461,0.202,FALSE,-0.303,0.603799463491947,0.551,FALSE,-0.303
1067,Q7_max_time,30.38,0.106,121.78,25,0.339284758604554,0,FALSE,0.76,0.339834114928208,0.001,FALSE,0.76,0.503873335283788,0.5,FALSE,0.76
1084,Q7_max_time,-35,-0.119,134.38,-26,0.283538246526549,0,FALSE,-0.875,0.385945433076538,0.227,FALSE,-0.875,0.549634734262753,0.582,FALSE,-0.875
1086,Q7_max_time,-3.34,-0.017,160.62,-2.1,0.88873565339009,0,FALSE,-0.083,0.895033158976625,0.063,FALSE,-0.083,0.925796932967772,0.518,FALSE,-0.083
1092,Q7_max_time,-14.67,-0.053,126.72,-11.6,0.641163236353334,0,FALSE,-0.367,0.617387429074466,-0.075,FALSE,-0.367,0.744383744330116,0.5,FALSE,-0.367
1101,Q7_max_time,-40,-0.114,137.68,-29.1,0.305039798596369,0,FALSE,-1,0.267154253173295,-0.085,FALSE,-1,0.473158115303585,0.5,FALSE,-1
1109,Q7_max_time,-22.63,-0.159,102.83,-22,0.150815449775221,0,FALSE,-0.566,0.122731485021218,-0.077,FALSE,-0.566,0.316032703010415,0.5,FALSE,-0.566
1112,Q7_max_time,-75.78,-0.226,157.55,-48.1,0.0414292845477681,0,TRUE,-1.894,0.0335581611734225,-0.045,TRUE,-1.894,0.153726806500366,0.5,FALSE,-1.894
1121,Q7_max_time,-88.87,-0.271,140.98,-63,0.0143831959697167,0,TRUE,-2.222,0.019895341458924,0.054,TRUE,-2.222,0.0869368574353237,0.5,FALSE,-2.222
1122,Q7_max_time,-118.54,-0.279,146.07,-81.2,0.0114512659518932,0,TRUE,-2.964,0.0288070287508099,0.156,TRUE,-2.964,0.0769237289891649,0.5,FALSE,-2.964
1125,Q7_max_time,-88.87,-0.271,140.98,-63,0.0143831959697167,0,TRUE,-2.222,0.019895341458924,0.054,TRUE,-2.222,0.0869368574353237,0.5,FALSE,-2.222
1139,Q7_max_time,-15.28,-0.092,123.5,-12.4,0.407111005519413,0,FALSE,-0.382,0.290488803909896,-0.258,FALSE,-0.382,0.562736160859141,0.5,FALSE,-0.382
1161,Q7_max_time,-55.62,-0.15,155.85,-35.7,0.176009781266836,0,FALSE,-1.39,0.204677870349026,0.07,FALSE,-1.39,0.344388589691885,0.5,FALSE,-1.39
1163,Q7_max_time,0,-0.003,121.47,0,0.9899568942901,0,FALSE,0,0.988484994488843,-0.147,FALSE,0,0.993065968957454,0.5,FALSE,0
1164,Q7_max_time,-4.72,-0.041,147.9,-3.2,0.717547063896128,0,FALSE,-0.118,0.677674452797927,-0.149,FALSE,-0.118,0.800499542445466,0.5,FALSE,-0.118
1170,Q7_max_time,-31.27,-0.169,122.88,-25.4,0.126388357876391,0,FALSE,-0.782,0.126600665156192,0.001,FALSE,-0.782,0.285600472562891,0.5,FALSE,-0.782
1171,Q7_max_time,-4.37,-0.026,143.52,-3,0.824671887513909,0,FALSE,-0.109,0.792410008930228,-0.184,FALSE,-0.109,0.876916004121564,0.5,FALSE,-0.109
1176,Q7_max_time,-69.29,-0.163,157.75,-43.9,0.141942588341328,0,FALSE,-1.732,0.205537754860039,0.159,FALSE,-1.732,0.304403157207159,0.5,FALSE,-1.732
1179,Q7_max_time,-30.24,-0.113,137.1,-22.1,0.309173129333039,0,FALSE,-0.756,0.25165219107518,-0.129,FALSE,-0.756,0.47820047549896,0.5,FALSE,-0.756
1181,Q7_max_time,-49.38,-0.188,156.12,-31.6,0.0888539142422252,0,FALSE,-1.235,0.0792289724308682,-0.034,FALSE,-1.235,0.234012809375421,0.5,FALSE,-1.235
1186,Q7_max_time,22.93,0.087,121.67,18.8,0.434818506166474,0,FALSE,0.573,0.405844335139354,-0.067,FALSE,0.573,0.584964160755762,0.5,FALSE,0.573
1188,Q7_max_time,30.56,0.068,133.32,22.9,0.544457014680503,0,FALSE,0.764,0.599464077014714,0.154,FALSE,0.764,0.700291882122622,0.535,FALSE,0.764
1190,Q7_max_time,0,-0.005,146.52,0,0.972105778517263,0,FALSE,0,0.970258334234726,-0.069,FALSE,0,0.98049067433935,0.5,FALSE,0
1192,Q7_max_time,0,-0.003,128.55,0,0.990699820735245,0,FALSE,0,0.989387425503986,-0.142,FALSE,0,0.99349594355498,0.5,FALSE,0
1194,Q7_max_time,-8.32,-0.031,146.07,-5.7,0.788626092540841,0,FALSE,-0.208,0.750976344495186,-0.181,FALSE,-0.208,0.851284042368301,0.5,FALSE,-0.208
1208,Q7_max_time,-29.67,-0.049,165.7,-17.9,0.666319054053275,0,FALSE,-0.742,0.673110193187552,0.024,FALSE,-0.742,0.762959558690642,0.5,FALSE,-0.742
1214,Q7_max_time,-2.35,-0.06,161.38,-1.5,0.590096054332523,0,FALSE,-0.059,0.579024788606901,-0.032,FALSE,-0.059,0.707689570128606,0.5,FALSE,-0.059
1219,Q7_max_time,33.81,0.141,114.47,29.5,0.203893126638963,0,FALSE,0.845,0.182291246199612,-0.052,FALSE,0.845,0.374269041062744,0.5,FALSE,0.845
1220,Q7_max_time,-36.08,-0.113,146.75,-24.6,0.310623162755138,0,FALSE,-0.902,0.391588463315864,0.18,FALSE,-0.902,0.647921840413711,0.665,FALSE,-0.902
1236,Q7_max_time,-13.21,-0.082,144.7,-9.1,0.462310893300698,0,FALSE,-0.33,0.432811266255705,-0.07,FALSE,-0.33,0.607578314879829,0.5,FALSE,-0.33
1237,Q7_max_time,29.75,0.104,155.65,19.1,0.351042977095168,0,FALSE,0.744,0.190856359648401,-0.352,FALSE,0.744,0.514306267053489,0.5,FALSE,0.744
1243,Q7_max_time,0,0.042,139.93,0,0.707887872873467,0,FALSE,0,0.700704614259499,-0.028,FALSE,0,0.794215181636228,0.5,FALSE,0
1247,Q7_max_time,3.48,0.027,145.88,2.4,0.815651110203967,0,FALSE,0.087,0.85188934904916,0.236,FALSE,0.087,0.893437029330891,0.571,FALSE,0.087
1249,Q7_max_time,0,-0.005,125.62,0,0.971972242615514,0,FALSE,0,0.967805868883385,-0.149,FALSE,0,0.980489484860713,0.5,FALSE,0
1254,Q7_max_time,-3.48,-0.014,151.78,-2.3,0.907216736720897,0,FALSE,-0.087,0.88889861343895,-0.194,FALSE,-0.087,0.935030874968064,0.5,FALSE,-0.087
1258,Q7_max_time,12.34,0.16,151.62,8.1,0.144558093570905,0,FALSE,0.308,0.191134764780048,0.118,FALSE,0.308,0.312129939153184,0.5,FALSE,0.308
1263,Q7_max_time,23.13,0.196,114.92,20.1,0.0736449221845319,0,FALSE,0.578,0.119946693502529,0.151,FALSE,0.578,0.215339092456874,0.5,FALSE,0.578
1269,Q7_max_time,-36.43,-0.109,117.15,-31.1,0.327636189723332,0,FALSE,-0.911,0.205788489640543,-0.271,FALSE,-0.911,0.493504968846121,0.5,FALSE,-0.911
1273,Q7_max_time,16.81,0.077,145.68,11.5,0.49170613019641,0,FALSE,0.42,0.483148754720993,-0.021,FALSE,0.42,0.630564904111304,0.5,FALSE,0.42
1275,Q7_max_time,3.64,0.082,103.78,3.5,0.461414950613815,0,FALSE,0.091,0.328461184037309,-0.298,FALSE,0.091,0.607567652105736,0.5,FALSE,0.091
1277,Q7_max_time,63.92,0.224,144.22,44.3,0.0425166216165929,0,TRUE,1.598,0.0542947710386332,0.057,FALSE,1.598,0.156094126654967,0.5,FALSE,1.598
1279,Q7_max_time,-20,-0.041,176.9,-11.3,0.717926687156997,0,FALSE,-0.5,0.611874368671158,-0.354,FALSE,-0.5,0.800497706552734,0.5,FALSE,-0.5
1280,Q7_max_time,-40,-0.178,134.75,-29.7,0.106170562436711,0,FALSE,-1,0.0725969982433375,-0.114,FALSE,-1,0.265724761859775,0.504,FALSE,-1
1283,Q7_max_time,-41,-0.115,190.25,-21.6,0.299631609057724,0,FALSE,-1.025,0.193023995916981,-0.241,FALSE,-1.025,0.468146581210261,0.5,FALSE,-1.025
1287,Q7_max_time,4.85,0.014,152.07,3.2,0.907229280778987,0,FALSE,0.121,0.873816565072085,-0.324,FALSE,0.121,0.935030125170237,0.5,FALSE,0.121
1291,Q7_max_time,-20,-0.041,208.65,-9.6,0.717926687156997,0,FALSE,-0.5,0.686241048458238,-0.12,FALSE,-0.5,0.800502801877949,0.5,FALSE,-0.5
1292,Q7_max_time,83.03,0.15,180.75,45.9,0.176440811460963,0,FALSE,2.076,0.188854146535882,0.031,FALSE,2.076,0.344378647770751,0.5,FALSE,2.076
1294,Q7_max_time,0,0.004,145.2,0,0.981385304718172,0,FALSE,0,0.977258643016742,-0.214,FALSE,0,0.98699231627365,0.5,FALSE,0
1295,Q7_max_time,-31.79,-0.082,144.18,-22,0.462817994001949,0,FALSE,-0.795,0.353472968425884,-0.248,FALSE,-0.795,0.607557557091212,0.5,FALSE,-0.795
1296,Q7_max_time,-18.93,-0.071,143.4,-13.2,0.529032560472869,0,FALSE,-0.473,0.463275230874932,-0.164,FALSE,-0.473,0.659798251618169,0.5,FALSE,-0.473
1297,Q7_max_time,-120,-0.224,178.45,-67.2,0.0425915972399265,0,TRUE,-3,0.038032804250713,-0.025,TRUE,-3,0.156086585572914,0.5,FALSE,-3
1302,Q7_max_time,2.86,0.015,170.22,1.7,0.897975338997768,0,FALSE,0.071,0.904059405217466,0.067,FALSE,0.071,0.928555833616649,0.5,FALSE,0.071
1317,Q7_max_time,-1.64,-0.014,171.75,-1,0.907174886414946,0,FALSE,-0.041,0.904321294421149,-0.033,FALSE,-0.041,0.935033265597132,0.5,FALSE,-0.041
1586,Q7_max_time,-35.29,-0.103,134.62,-26.2,0.357216621148712,0,FALSE,-0.882,0.372989558586674,0.036,FALSE,-0.882,0.560084346853115,0.536,FALSE,-0.882
1587,Q7_max_time,-24.58,-0.094,158.02,-15.6,0.401379912205683,0,FALSE,-0.614,0.440402993324666,0.091,FALSE,-0.614,0.681658021817152,0.633,FALSE,-0.614
1592,Q7_max_time,-21.94,-0.051,134.32,-16.3,0.649503502038174,0,FALSE,-0.549,0.646800381287691,-0.009,FALSE,-0.549,0.750561744546733,0.5,FALSE,-0.549
1634,Q7_max_time,-27.53,-0.11,145.75,-18.9,0.321789911648153,0,FALSE,-0.688,0.457862460463205,0.304,FALSE,-0.688,0.650696220888779,0.659,FALSE,-0.688
1645,Q7_max_time,-55.28,-0.145,162.95,-33.9,0.191891332931823,0,FALSE,-1.382,0.307754445422498,0.261,FALSE,-1.382,0.469661589359804,0.585,FALSE,-1.382
1654,Q7_max_time,-49.56,-0.109,140.93,-35.2,0.327614291820394,0,FALSE,-1.239,0.419942110986478,0.207,FALSE,-1.239,0.49353889045702,0.5,FALSE,-1.239
1655,Q7_max_time,-37.33,-0.141,118.82,-31.4,0.21785890672526,0,FALSE,-0.933,0.335025441968156,0.26,FALSE,-0.933,0.643969707247946,0.736,FALSE,-0.933
1659,Q7_max_time,0,0.005,197.6,0,0.972105778517263,0,FALSE,0,0.963512815674735,-0.284,FALSE,0,0.980489247947726,0.5,FALSE,0
1683,Q7_max_time,-31.43,-0.06,115.66,-27.2,0.60621146992567,0,FALSE,-0.786,0.613788461553252,0.023,FALSE,-0.786,0.721621661265756,0.5,FALSE,-0.786
1684,Q7_max_time,-12.52,-0.047,121.65,-10.3,0.674737010828583,0,FALSE,-0.313,0.716566224133948,0.156,FALSE,-0.313,0.791664422265993,0.538,FALSE,-0.313
1703,Q7_max_time,13.33,0.043,165.79,8,0.715255979410827,0,FALSE,0.333,0.661151608055581,-0.196,FALSE,0.333,0.801020421049624,0.5,FALSE,0.333
1714,Q7_max_time,-44.29,-0.165,122.7,-36.1,0.135351582219665,0,FALSE,-1.107,0.263914131499847,0.305,FALSE,-1.107,0.475491446868528,0.641,FALSE,-1.107
1732,Q7_max_time,-20,-0.072,152.38,-13.1,0.521591615506502,0,FALSE,-0.5,0.594279806119508,0.198,FALSE,-0.5,0.744457840106,0.618,FALSE,-0.5
1739,Q7_max_time,-54.55,-0.183,132.02,-41.3,0.0979683432154949,0,FALSE,-1.364,0.167761167428487,0.195,FALSE,-1.364,0.247078534088018,0.5,FALSE,-1.364
1740,Q7_max_time,-27.53,-0.11,145.75,-18.9,0.321789911648153,0,FALSE,-0.688,0.457862460463205,0.304,FALSE,-0.688,0.650696220888779,0.659,FALSE,-0.688
1741,Q7_max_time,-7.55,-0.021,134,-5.6,0.861201701848317,0,FALSE,-0.189,0.852593040868475,-0.066,FALSE,-0.189,0.902683841727648,0.5,FALSE,-0.189
1744,Q7_max_time,-22.46,-0.081,158.62,-14.2,0.470040487869819,0,FALSE,-0.562,0.393230433269156,-0.179,FALSE,-0.562,0.613276263489528,0.5,FALSE,-0.562
1752,Q7_max_time,-26.67,-0.114,135.88,-19.6,0.305127384458142,0,FALSE,-0.667,0.243831305173661,-0.138,FALSE,-0.667,0.473161710523577,0.5,FALSE,-0.667
1753,Q7_max_time,-6.51,-0.017,136.68,-4.8,0.888770695600297,0,FALSE,-0.163,0.908791581469949,0.213,FALSE,-0.163,0.922077944631187,0.5,FALSE,-0.163
1754,Q7_max_time,-5.36,-0.026,128.57,-4.2,0.824726577283974,0,FALSE,-0.134,0.825834803372193,0.007,FALSE,-0.134,0.876919422645785,0.5,FALSE,-0.134
1755,Q7_max_time,-34.45,-0.121,137.05,-25.1,0.278174267917721,0,FALSE,-0.861,0.364556619901205,0.192,FALSE,-0.861,0.566204280541548,0.602,FALSE,-0.861
1756,Q7_max_time,-27.82,-0.091,112.12,-24.8,0.414649693218754,0,FALSE,-0.695,0.330123709482653,-0.19,FALSE,-0.695,0.568264329906312,0.5,FALSE,-0.695
1761,Q7_max_time,15.09,0.092,131.2,11.5,0.407664482462668,0,FALSE,0.377,0.357021557383504,-0.115,FALSE,0.377,0.562764316042494,0.5,FALSE,0.377
1762,Q7_max_time,0,0.013,120.38,0,0.916389383052673,0,FALSE,0,0.923381614255465,0.095,FALSE,0,0.941519906690528,0.5,FALSE,0
1776,Q7_max_time,68.4,0.147,153.2,44.6,0.184076345063248,0,FALSE,1.71,0.216158433538851,0.077,FALSE,1.71,0.352762928880302,0.5,FALSE,1.71
1796,Q7_max_time,40,0.107,116.79,34.2,0.345255337509366,0,FALSE,1,0.247669071743514,-0.216,FALSE,1,0.511647488725851,0.5,FALSE,1
1848,Q7_max_time,-6.04,-0.017,161.45,-3.7,0.888770695600297,0,FALSE,-0.151,0.875946114751778,-0.118,FALSE,-0.151,0.9220789821741,0.5,FALSE,-0.151
1851,Q7_max_time,0,-0.008,124.47,0,0.95351174299368,0,FALSE,0,0.946924991105589,-0.143,FALSE,0,0.967488800217207,0.5,FALSE,0
1863,Q7_max_time,-10,-0.065,121,-8.3,0.569178675598595,0,FALSE,-0.25,0.558956202357915,-0.028,FALSE,-0.25,0.69253126489465,0.5,FALSE,-0.25
1864,Q7_max_time,-35,-0.104,163.2,-21.4,0.351195657264943,0,FALSE,-0.875,0.344694013018423,-0.015,FALSE,-0.875,0.514335454293224,0.5,FALSE,-0.875
1869,Q7_max_time,-48.75,-0.133,155.2,-31.4,0.230054105336918,0,FALSE,-1.219,0.32085114131343,0.203,FALSE,-1.219,0.401142497605194,0.5,FALSE,-1.219
1872,Q7_max_time,-15.86,-0.108,113.8,-13.9,0.33249577434608,0,FALSE,-0.396,0.388563814021631,0.126,FALSE,-0.396,0.498691652227781,0.5,FALSE,-0.396
1883,Q7_max_time,-8.99,-0.015,128.68,-7,0.897993715695215,0,FALSE,-0.225,0.891667148326663,-0.065,FALSE,-0.225,0.928553416311537,0.5,FALSE,-0.225
1916,Q7_max_time,-24.61,-0.063,135.6,-18.1,0.575913619893809,0,FALSE,-0.615,0.660302178610173,0.256,FALSE,-0.615,0.780442346370164,0.625,FALSE,-0.615
7313,Q7_max_time,2.58,0.036,180.44,1.4,0.752952189024141,0,FALSE,0.065,0.781567708927635,0.136,FALSE,0.065,0.846308514089681,0.544,FALSE,0.065
7318,Q7_max_time,8.21,0.038,190.85,4.3,0.735349860995177,0,FALSE,0.205,0.700752131563857,-0.138,FALSE,0.205,0.813124095280195,0.5,FALSE,0.205
